#
# There is insufficient memory for the Java Runtime Environment to continue.
# Native memory allocation (mmap) failed to map 1048576 bytes for G1 virtual space
# Possible reasons:
#   The system is out of physical RAM or swap space
#   The process is running with CompressedOops enabled, and the Java Heap may be blocking the growth of the native heap
# Possible solutions:
#   Reduce memory load on the system
#   Increase physical memory or swap space
#   Check if swap backing store is full
#   Decrease Java heap size (-Xmx/-Xms)
#   Decrease number of Java threads
#   Decrease Java thread stack sizes (-Xss)
#   Set larger code cache with -XX:ReservedCodeCacheSize=
#   JVM is running with Unscaled Compressed Oops mode in which the Java heap is
#     placed in the first 4GB address space. The Java Heap base address is the
#     maximum limit for the native heap growth. Please use -XX:HeapBaseMinAddress
#     to set the Java Heap base and to place the Java Heap above 4GB virtual address.
# This output file may be truncated or incomplete.
#
#  Out of Memory Error (os_windows.cpp:3550), pid=4724, tid=7036
#
# JRE version: Java(TM) SE Runtime Environment (17.0.8+9) (build 17.0.8+9-LTS-211)
# Java VM: Java HotSpot(TM) 64-Bit Server VM (17.0.8+9-LTS-211, mixed mode, sharing, tiered, compressed oops, compressed class ptrs, g1 gc, windows-amd64)
# No core dump will be written. Minidumps are not enabled by default on client versions of Windows
#

---------------  S U M M A R Y ------------

Command Line: -XX:+ShowCodeDetailsInExceptionMessages com.login.Main

Host: Intel(R) Core(TM) i5-7200U CPU @ 2.50GHz, 4 cores, 7G,  Windows 10 , 64 bit Build 19041 (10.0.19041.5915)
Time: Sat Jul 26 22:01:33 2025 India Standard Time elapsed time: 15.305365 seconds (0d 0h 0m 15s)

---------------  T H R E A D  ---------------

Current thread (0x00000192804827e0):  JavaThread "JavaFX Application Thread" [_thread_in_vm, id=7036, stack(0x0000001c8b300000,0x0000001c8b400000)]

Stack: [0x0000001c8b300000,0x0000001c8b400000]
Native frames: (J=compiled Java code, j=interpreted, Vv=VM code, C=native code)
V  [jvm.dll+0x677d0a]
V  [jvm.dll+0x7d8c54]
V  [jvm.dll+0x7da3fe]
V  [jvm.dll+0x7daa63]
V  [jvm.dll+0x245c5f]
V  [jvm.dll+0x674bb9]
V  [jvm.dll+0x6694f2]
V  [jvm.dll+0x3031d6]
V  [jvm.dll+0x30a756]
V  [jvm.dll+0x359c7b]
V  [jvm.dll+0x35a2b4]
V  [jvm.dll+0x359e66]
V  [jvm.dll+0x2da934]
V  [jvm.dll+0x2d6986]
V  [jvm.dll+0x60c753]
V  [jvm.dll+0x20fd25]
V  [jvm.dll+0x7a2bd6]
V  [jvm.dll+0x37ffda]
C  0x00000192ab1ab90d

Java frames: (J=compiled Java code, j=interpreted, Vv=VM code)
j  java.nio.HeapByteBuffer.<init>(IILjdk/internal/access/foreign/MemorySegmentProxy;)V+6 java.base@17.0.8
j  java.nio.ByteBuffer.allocate(I)Ljava/nio/ByteBuffer;+16 java.base@17.0.8
j  com.sun.javafx.iio.png.PNGImageLoader2.load(IIIZZ)Lcom/sun/javafx/iio/ImageFrame;+134
j  com.sun.javafx.iio.ImageStorage.loadAll(Lcom/sun/javafx/iio/ImageLoader;DDZFZ)[Lcom/sun/javafx/iio/ImageFrame;+55
j  com.sun.javafx.iio.ImageStorage.loadAll(Ljava/lang/String;Lcom/sun/javafx/iio/ImageLoadListener;DDZFZ)[Lcom/sun/javafx/iio/ImageFrame;+399
j  com.sun.javafx.tk.quantum.PrismImageLoader2.loadAll(Ljava/lang/String;DDZFZ)V+25
j  com.sun.javafx.tk.quantum.PrismImageLoader2.<init>(Ljava/lang/String;DDZFZ)V+15
j  com.sun.javafx.tk.quantum.QuantumToolkit.loadImage(Ljava/lang/String;DDZZ)Lcom/sun/javafx/tk/ImageLoader;+16
j  javafx.scene.image.Image.loadImage(Ljava/lang/String;DDZZ)Lcom/sun/javafx/tk/ImageLoader;+10
j  javafx.scene.image.Image.initialize(Ljava/lang/Object;)V+92
j  javafx.scene.image.Image.<init>(Ljava/lang/String;)V+16
j  com.login.View.AuthenticationPages.SignupPage.createSignupPageScene()Ljavafx/scene/layout/VBox;+846
j  com.login.View.everythingIn1.initalizeSignupPage()V+22
j  com.login.View.everythingIn1.lambda$2(Ljavafx/event/ActionEvent;)V+9
j  com.login.View.everythingIn1$$Lambda$305+0x00000192bc1cabb8.handle(Ljavafx/event/Event;)V+8
j  com.sun.javafx.event.CompositeEventHandler.dispatchBubblingEvent(Ljavafx/event/Event;)V+51
J 2029 c1 com.sun.javafx.event.EventHandlerManager.dispatchBubblingEvent(Ljavafx/event/EventType;Ljavafx/event/Event;)Ljavafx/event/Event; (41 bytes) @ 0x00000192a3fdcb1c [0x00000192a3fdc500+0x000000000000061c]
J 2810 c1 com.sun.javafx.event.EventHandlerManager.dispatchBubblingEvent(Ljavafx/event/Event;)Ljavafx/event/Event; (23 bytes) @ 0x00000192a4192d94 [0x00000192a4192c40+0x0000000000000154]
J 2811 c1 com.sun.javafx.event.CompositeEventDispatcher.dispatchBubblingEvent(Ljavafx/event/Event;)Ljavafx/event/Event; (35 bytes) @ 0x00000192a4193424 [0x00000192a4193260+0x00000000000001c4]
J 2522 c1 com.sun.javafx.event.BasicEventDispatcher.dispatchEvent(Ljavafx/event/Event;Ljavafx/event/EventDispatchChain;)Ljavafx/event/Event; (44 bytes) @ 0x00000192a40fe1cc [0x00000192a40fde80+0x000000000000034c]
J 2064 c1 com.sun.javafx.event.EventDispatchChainImpl.dispatchEvent(Ljavafx/event/Event;)Ljavafx/event/Event; (101 bytes) @ 0x00000192a3feeafc [0x00000192a3fee940+0x00000000000001bc]
J 2522 c1 com.sun.javafx.event.BasicEventDispatcher.dispatchEvent(Ljavafx/event/Event;Ljavafx/event/EventDispatchChain;)Ljavafx/event/Event; (44 bytes) @ 0x00000192a40fe0dc [0x00000192a40fde80+0x000000000000025c]
J 2064 c1 com.sun.javafx.event.EventDispatchChainImpl.dispatchEvent(Ljavafx/event/Event;)Ljavafx/event/Event; (101 bytes) @ 0x00000192a3feeafc [0x00000192a3fee940+0x00000000000001bc]
J 2522 c1 com.sun.javafx.event.BasicEventDispatcher.dispatchEvent(Ljavafx/event/Event;Ljavafx/event/EventDispatchChain;)Ljavafx/event/Event; (44 bytes) @ 0x00000192a40fe0dc [0x00000192a40fde80+0x000000000000025c]
J 2064 c1 com.sun.javafx.event.EventDispatchChainImpl.dispatchEvent(Ljavafx/event/Event;)Ljavafx/event/Event; (101 bytes) @ 0x00000192a3feeafc [0x00000192a3fee940+0x00000000000001bc]
j  com.sun.javafx.event.EventUtil.fireEventImpl(Ljavafx/event/EventDispatchChain;Ljavafx/event/EventTarget;Ljavafx/event/Event;)Ljavafx/event/Event;+10
j  com.sun.javafx.event.EventUtil.fireEvent(Ljavafx/event/EventTarget;Ljavafx/event/Event;)Ljavafx/event/Event;+37
j  javafx.event.Event.fireEvent(Ljavafx/event/EventTarget;Ljavafx/event/Event;)V+30
j  javafx.scene.Node.fireEvent(Ljavafx/event/Event;)V+86
j  javafx.scene.control.Button.fire()V+15
j  com.sun.javafx.scene.control.behavior.ButtonBehavior.mouseReleased(Ljavafx/scene/input/MouseEvent;)V+27
j  com.sun.javafx.scene.control.behavior.ButtonBehavior$$Lambda$286+0x00000192bc1c0878.handle(Ljavafx/event/Event;)V+8
j  com.sun.javafx.scene.control.inputmap.InputMap.handle(Ljavafx/event/Event;)V+61
j  com.sun.javafx.scene.control.inputmap.InputMap$$Lambda$281+0x00000192bc1bfc90.handle(Ljavafx/event/Event;)V+5
j  com.sun.javafx.event.CompositeEventHandler$NormalEventHandlerRecord.handleBubblingEvent(Ljavafx/event/Event;)V+5
j  com.sun.javafx.event.CompositeEventHandler.dispatchBubblingEvent(Ljavafx/event/Event;)V+28
J 2029 c1 com.sun.javafx.event.EventHandlerManager.dispatchBubblingEvent(Ljavafx/event/EventType;Ljavafx/event/Event;)Ljavafx/event/Event; (41 bytes) @ 0x00000192a3fdcb1c [0x00000192a3fdc500+0x000000000000061c]
J 2810 c1 com.sun.javafx.event.EventHandlerManager.dispatchBubblingEvent(Ljavafx/event/Event;)Ljavafx/event/Event; (23 bytes) @ 0x00000192a4192d94 [0x00000192a4192c40+0x0000000000000154]
J 2811 c1 com.sun.javafx.event.CompositeEventDispatcher.dispatchBubblingEvent(Ljavafx/event/Event;)Ljavafx/event/Event; (35 bytes) @ 0x00000192a4193424 [0x00000192a4193260+0x00000000000001c4]
J 2522 c1 com.sun.javafx.event.BasicEventDispatcher.dispatchEvent(Ljavafx/event/Event;Ljavafx/event/EventDispatchChain;)Ljavafx/event/Event; (44 bytes) @ 0x00000192a40fe1cc [0x00000192a40fde80+0x000000000000034c]
J 2064 c1 com.sun.javafx.event.EventDispatchChainImpl.dispatchEvent(Ljavafx/event/Event;)Ljavafx/event/Event; (101 bytes) @ 0x00000192a3feeafc [0x00000192a3fee940+0x00000000000001bc]
J 2522 c1 com.sun.javafx.event.BasicEventDispatcher.dispatchEvent(Ljavafx/event/Event;Ljavafx/event/EventDispatchChain;)Ljavafx/event/Event; (44 bytes) @ 0x00000192a40fe0dc [0x00000192a40fde80+0x000000000000025c]
J 2064 c1 com.sun.javafx.event.EventDispatchChainImpl.dispatchEvent(Ljavafx/event/Event;)Ljavafx/event/Event; (101 bytes) @ 0x00000192a3feeafc [0x00000192a3fee940+0x00000000000001bc]
J 2522 c1 com.sun.javafx.event.BasicEventDispatcher.dispatchEvent(Ljavafx/event/Event;Ljavafx/event/EventDispatchChain;)Ljavafx/event/Event; (44 bytes) @ 0x00000192a40fe0dc [0x00000192a40fde80+0x000000000000025c]
J 2064 c1 com.sun.javafx.event.EventDispatchChainImpl.dispatchEvent(Ljavafx/event/Event;)Ljavafx/event/Event; (101 bytes) @ 0x00000192a3feeafc [0x00000192a3fee940+0x00000000000001bc]
j  com.sun.javafx.event.EventUtil.fireEventImpl(Ljavafx/event/EventDispatchChain;Ljavafx/event/EventTarget;Ljavafx/event/Event;)Ljavafx/event/Event;+10
j  com.sun.javafx.event.EventUtil.fireEvent(Ljavafx/event/EventTarget;Ljavafx/event/Event;)Ljavafx/event/Event;+46
j  javafx.event.Event.fireEvent(Ljavafx/event/EventTarget;Ljavafx/event/Event;)V+30
j  javafx.scene.Scene$MouseHandler.process(Ljavafx/scene/input/MouseEvent;Z)V+536
j  javafx.scene.Scene.processMouseEvent(Ljavafx/scene/input/MouseEvent;)V+6
j  javafx.scene.Scene$ScenePeerListener.mouseEvent(Ljavafx/event/EventType;DDDDLjavafx/scene/input/MouseButton;ZZZZZZZZZZZ)V+50
j  com.sun.javafx.tk.quantum.GlassViewEventHandler$MouseEventNotification.run()Ljava/lang/Void;+650
j  com.sun.javafx.tk.quantum.GlassViewEventHandler$MouseEventNotification.run()Ljava/lang/Object;+1
J 1625 c1 java.security.AccessController.doPrivileged(Ljava/security/PrivilegedAction;Ljava/security/AccessControlContext;)Ljava/lang/Object; java.base@17.0.8 (17 bytes) @ 0x00000192a3f443dc [0x00000192a3f44200+0x00000000000001dc]
j  com.sun.javafx.tk.quantum.GlassViewEventHandler.lambda$handleMouseEvent$2()Ljava/lang/Void;+11
j  com.sun.javafx.tk.quantum.GlassViewEventHandler$$Lambda$224+0x00000192bc1894d8.get()Ljava/lang/Object;+4
j  com.sun.javafx.tk.quantum.QuantumToolkit.runWithoutRenderLock(Ljava/util/function/Supplier;)Ljava/lang/Object;+18
j  com.sun.javafx.tk.quantum.GlassViewEventHandler.handleMouseEvent(Lcom/sun/glass/ui/View;JIIIIIIIZZ)V+103
j  com.sun.glass.ui.View.handleMouseEvent(JIIIIIIIZZ)V+30
j  com.sun.glass.ui.View.notifyMouse(IIIIIIIZZ)V+181
v  ~StubRoutines::call_stub
j  com.sun.glass.ui.win.WinApplication._runLoop(Ljava/lang/Runnable;)V+0
j  com.sun.glass.ui.win.WinApplication.lambda$runLoop$3(ILjava/lang/Runnable;)V+8
j  com.sun.glass.ui.win.WinApplication$$Lambda$74+0x00000192bc02bb70.run()V+12
j  java.lang.Thread.run()V+11 java.base@17.0.8
v  ~StubRoutines::call_stub

---------------  P R O C E S S  ---------------

Threads class SMR info:
_java_thread_list=0x00000192875aa730, length=19, elements={
0x000001929abfd5a0, 0x00000192ba39c810, 0x00000192ba39d590, 0x00000192ba3b14d0,
0x00000192ba3b4eb0, 0x00000192ba3b5770, 0x00000192ba3b6030, 0x00000192ba3b70e0,
0x00000192ba3c2fa0, 0x00000192ba3e1c90, 0x00000192ba611b30, 0x00000192ba619a00,
0x00000192ba71efc0, 0x0000019280319230, 0x000001928051d650, 0x00000192804827e0,
0x0000019285372f00, 0x00000192875a3100, 0x00000192875a3aa0
}

Java Threads: ( => current thread )
  0x000001929abfd5a0 JavaThread "main" [_thread_blocked, id=16592, stack(0x0000001c89d00000,0x0000001c89e00000)]
  0x00000192ba39c810 JavaThread "Reference Handler" daemon [_thread_blocked, id=17748, stack(0x0000001c8a400000,0x0000001c8a500000)]
  0x00000192ba39d590 JavaThread "Finalizer" daemon [_thread_blocked, id=15556, stack(0x0000001c8a500000,0x0000001c8a600000)]
  0x00000192ba3b14d0 JavaThread "Signal Dispatcher" daemon [_thread_blocked, id=17984, stack(0x0000001c8a600000,0x0000001c8a700000)]
  0x00000192ba3b4eb0 JavaThread "Attach Listener" daemon [_thread_blocked, id=8008, stack(0x0000001c8a700000,0x0000001c8a800000)]
  0x00000192ba3b5770 JavaThread "Service Thread" daemon [_thread_blocked, id=3900, stack(0x0000001c8a800000,0x0000001c8a900000)]
  0x00000192ba3b6030 JavaThread "Monitor Deflation Thread" daemon [_thread_blocked, id=18340, stack(0x0000001c8a900000,0x0000001c8aa00000)]
  0x00000192ba3b70e0 JavaThread "C2 CompilerThread0" daemon [_thread_blocked, id=15644, stack(0x0000001c8aa00000,0x0000001c8ab00000)]
  0x00000192ba3c2fa0 JavaThread "C1 CompilerThread0" daemon [_thread_blocked, id=2180, stack(0x0000001c8ab00000,0x0000001c8ac00000)]
  0x00000192ba3e1c90 JavaThread "Sweeper thread" daemon [_thread_blocked, id=17988, stack(0x0000001c8ac00000,0x0000001c8ad00000)]
  0x00000192ba611b30 JavaThread "Notification Thread" daemon [_thread_blocked, id=17544, stack(0x0000001c8ad00000,0x0000001c8ae00000)]
  0x00000192ba619a00 JavaThread "Common-Cleaner" daemon [_thread_blocked, id=3636, stack(0x0000001c8af00000,0x0000001c8b000000)]
  0x00000192ba71efc0 JavaThread "JavaFX-Launcher" [_thread_blocked, id=15292, stack(0x0000001c8b000000,0x0000001c8b100000)]
  0x0000019280319230 JavaThread "QuantumRenderer-0" daemon [_thread_blocked, id=8876, stack(0x0000001c8b100000,0x0000001c8b200000)]
  0x000001928051d650 JavaThread "InvokeLaterDispatcher" daemon [_thread_blocked, id=18168, stack(0x0000001c8b200000,0x0000001c8b300000)]
=>0x00000192804827e0 JavaThread "JavaFX Application Thread" [_thread_in_vm, id=7036, stack(0x0000001c8b300000,0x0000001c8b400000)]
  0x0000019285372f00 JavaThread "Thread-2" daemon [_thread_in_native, id=17112, stack(0x0000001c8ba00000,0x0000001c8bb00000)]
  0x00000192875a3100 JavaThread "Cleaner-0" daemon [_thread_blocked, id=16980, stack(0x0000001c8bb00000,0x0000001c8bc00000)]
  0x00000192875a3aa0 JavaThread "Prism Font Disposer" daemon [_thread_blocked, id=1920, stack(0x0000001c8bf00000,0x0000001c8c000000)]

Other Threads:
  0x00000192ba398d10 VMThread "VM Thread" [stack: 0x0000001c8a300000,0x0000001c8a400000] [id=5428]
  0x000001929aca25b0 WatcherThread [stack: 0x0000001c8ae00000,0x0000001c8af00000] [id=11984]
  0x000001929ac7e280 GCTaskThread "GC Thread#0" [stack: 0x0000001c89e00000,0x0000001c89f00000] [id=7188]
  0x00000192852fbac0 GCTaskThread "GC Thread#1" [stack: 0x0000001c8b700000,0x0000001c8b800000] [id=16092]
  0x00000192852f4a60 GCTaskThread "GC Thread#2" [stack: 0x0000001c8b800000,0x0000001c8b900000] [id=17540]
  0x00000192852f4d10 GCTaskThread "GC Thread#3" [stack: 0x0000001c8b900000,0x0000001c8ba00000] [id=10056]
  0x000001929ac8fce0 ConcurrentGCThread "G1 Main Marker" [stack: 0x0000001c89f00000,0x0000001c8a000000] [id=16740]
  0x000001929ac90da0 ConcurrentGCThread "G1 Conc#0" [stack: 0x0000001c8a000000,0x0000001c8a100000] [id=2304]
  0x000001929acbec80 ConcurrentGCThread "G1 Refine#0" [stack: 0x0000001c8a100000,0x0000001c8a200000] [id=15344]
  0x00000192ba24cb60 ConcurrentGCThread "G1 Service" [stack: 0x0000001c8a200000,0x0000001c8a300000] [id=17816]

Threads with active compile tasks:

VM state: not at safepoint (normal execution)

VM Mutex/Monitor currently owned by a thread:  ([mutex/lock_event])
[0x000001929abf94a0] Heap_lock - owner thread: 0x00000192804827e0

Heap address: 0x0000000082000000, size: 2016 MB, Compressed Oops mode: 32-bit

CDS archive(s) mapped at: [0x00000192bb000000-0x00000192bbbd0000-0x00000192bbbd0000), size 12386304, SharedBaseAddress: 0x00000192bb000000, ArchiveRelocationMode: 1.
Compressed class space mapped at: 0x00000192bc000000-0x00000192fc000000, reserved size: 1073741824
Narrow klass base: 0x00000192bb000000, Narrow klass shift: 0, Narrow klass range: 0x100000000

GC Precious Log:
 CPUs: 4 total, 4 available
 Memory: 8058M
 Large Page Support: Disabled
 NUMA Support: Disabled
 Compressed Oops: Enabled (32-bit)
 Heap Region Size: 1M
 Heap Min Capacity: 8M
 Heap Initial Capacity: 126M
 Heap Max Capacity: 2016M
 Pre-touch: Disabled
 Parallel Workers: 4
 Concurrent Workers: 1
 Concurrent Refinement Workers: 4
 Periodic GC: Disabled

Heap:
 garbage-first heap   total 422912K, used 252542K [0x0000000082000000, 0x0000000100000000)
  region size 1024K, 2 young (2048K), 1 survivors (1024K)
 Metaspace       used 13047K, committed 13312K, reserved 1114112K
  class space    used 1799K, committed 1920K, reserved 1048576K

Heap Regions: E=young(eden), S=young(survivor), O=old, HS=humongous(starts), HC=humongous(continues), CS=collection set, F=free, OA=open archive, CA=closed archive, TAMS=top-at-mark-start (previous, next)
|   0|0x0000000082000000, 0x0000000082100000, 0x0000000082100000|100%|HS|  |TAMS 0x0000000082100000, 0x0000000082000000| Complete 
|   1|0x0000000082100000, 0x0000000082200000, 0x0000000082200000|100%| O|  |TAMS 0x0000000082200000, 0x0000000082100000| Untracked 
|   2|0x0000000082200000, 0x0000000082300000, 0x0000000082300000|100%| O|  |TAMS 0x0000000082300000, 0x0000000082200000| Untracked 
|   3|0x0000000082300000, 0x0000000082400000, 0x0000000082400000|100%| O|  |TAMS 0x0000000082400000, 0x0000000082300000| Untracked 
|   4|0x0000000082400000, 0x0000000082500000, 0x0000000082500000|100%| O|  |TAMS 0x0000000082500000, 0x0000000082400000| Untracked 
|   5|0x0000000082500000, 0x0000000082500000, 0x0000000082600000|  0%| F|  |TAMS 0x0000000082500000, 0x0000000082500000| Untracked 
|   6|0x0000000082600000, 0x0000000082600000, 0x0000000082700000|  0%| F|  |TAMS 0x0000000082600000, 0x0000000082600000| Untracked 
|   7|0x0000000082700000, 0x0000000082700000, 0x0000000082800000|  0%| F|  |TAMS 0x0000000082700000, 0x0000000082700000| Untracked 
|   8|0x0000000082800000, 0x0000000082800000, 0x0000000082900000|  0%| F|  |TAMS 0x0000000082800000, 0x0000000082800000| Untracked 
|   9|0x0000000082900000, 0x0000000082900000, 0x0000000082a00000|  0%| F|  |TAMS 0x0000000082900000, 0x0000000082900000| Untracked 
|  10|0x0000000082a00000, 0x0000000082a00000, 0x0000000082b00000|  0%| F|  |TAMS 0x0000000082a00000, 0x0000000082a00000| Untracked 
|  11|0x0000000082b00000, 0x0000000082b00000, 0x0000000082c00000|  0%| F|  |TAMS 0x0000000082b00000, 0x0000000082b00000| Untracked 
|  12|0x0000000082c00000, 0x0000000082c00000, 0x0000000082d00000|  0%| F|  |TAMS 0x0000000082c00000, 0x0000000082c00000| Untracked 
|  13|0x0000000082d00000, 0x0000000082d00000, 0x0000000082e00000|  0%| F|  |TAMS 0x0000000082d00000, 0x0000000082d00000| Untracked 
|  14|0x0000000082e00000, 0x0000000082e00000, 0x0000000082f00000|  0%| F|  |TAMS 0x0000000082e00000, 0x0000000082e00000| Untracked 
|  15|0x0000000082f00000, 0x0000000082f00000, 0x0000000083000000|  0%| F|  |TAMS 0x0000000082f00000, 0x0000000082f00000| Untracked 
|  16|0x0000000083000000, 0x0000000083000000, 0x0000000083100000|  0%| F|  |TAMS 0x0000000083000000, 0x0000000083000000| Untracked 
|  17|0x0000000083100000, 0x0000000083100000, 0x0000000083200000|  0%| F|  |TAMS 0x0000000083100000, 0x0000000083100000| Untracked 
|  18|0x0000000083200000, 0x0000000083200000, 0x0000000083300000|  0%| F|  |TAMS 0x0000000083200000, 0x0000000083200000| Untracked 
|  19|0x0000000083300000, 0x0000000083300000, 0x0000000083400000|  0%| F|  |TAMS 0x0000000083300000, 0x0000000083300000| Untracked 
|  20|0x0000000083400000, 0x0000000083400000, 0x0000000083500000|  0%| F|  |TAMS 0x0000000083400000, 0x0000000083400000| Untracked 
|  21|0x0000000083500000, 0x0000000083500000, 0x0000000083600000|  0%| F|  |TAMS 0x0000000083500000, 0x0000000083500000| Untracked 
|  22|0x0000000083600000, 0x0000000083600000, 0x0000000083700000|  0%| F|  |TAMS 0x0000000083600000, 0x0000000083600000| Untracked 
|  23|0x0000000083700000, 0x0000000083700000, 0x0000000083800000|  0%| F|  |TAMS 0x0000000083700000, 0x0000000083700000| Untracked 
|  24|0x0000000083800000, 0x0000000083800000, 0x0000000083900000|  0%| F|  |TAMS 0x0000000083800000, 0x0000000083800000| Untracked 
|  25|0x0000000083900000, 0x0000000083900000, 0x0000000083a00000|  0%| F|  |TAMS 0x0000000083900000, 0x0000000083900000| Untracked 
|  26|0x0000000083a00000, 0x0000000083a00000, 0x0000000083b00000|  0%| F|  |TAMS 0x0000000083a00000, 0x0000000083a00000| Untracked 
|  27|0x0000000083b00000, 0x0000000083b00000, 0x0000000083c00000|  0%| F|  |TAMS 0x0000000083b00000, 0x0000000083b00000| Untracked 
|  28|0x0000000083c00000, 0x0000000083c00000, 0x0000000083d00000|  0%| F|  |TAMS 0x0000000083c00000, 0x0000000083c00000| Untracked 
|  29|0x0000000083d00000, 0x0000000083d00000, 0x0000000083e00000|  0%| F|  |TAMS 0x0000000083d00000, 0x0000000083d00000| Untracked 
|  30|0x0000000083e00000, 0x0000000083e00000, 0x0000000083f00000|  0%| F|  |TAMS 0x0000000083e00000, 0x0000000083e00000| Untracked 
|  31|0x0000000083f00000, 0x0000000083f00000, 0x0000000084000000|  0%| F|  |TAMS 0x0000000083f00000, 0x0000000083f00000| Untracked 
|  32|0x0000000084000000, 0x0000000084000000, 0x0000000084100000|  0%| F|  |TAMS 0x0000000084000000, 0x0000000084000000| Untracked 
|  33|0x0000000084100000, 0x0000000084100000, 0x0000000084200000|  0%| F|  |TAMS 0x0000000084100000, 0x0000000084100000| Untracked 
|  34|0x0000000084200000, 0x0000000084200000, 0x0000000084300000|  0%| F|  |TAMS 0x0000000084200000, 0x0000000084200000| Untracked 
|  35|0x0000000084300000, 0x0000000084300000, 0x0000000084400000|  0%| F|  |TAMS 0x0000000084300000, 0x0000000084300000| Untracked 
|  36|0x0000000084400000, 0x0000000084400000, 0x0000000084500000|  0%| F|  |TAMS 0x0000000084400000, 0x0000000084400000| Untracked 
|  37|0x0000000084500000, 0x0000000084500000, 0x0000000084600000|  0%| F|  |TAMS 0x0000000084500000, 0x0000000084500000| Untracked 
|  38|0x0000000084600000, 0x0000000084600000, 0x0000000084700000|  0%| F|  |TAMS 0x0000000084600000, 0x0000000084600000| Untracked 
|  39|0x0000000084700000, 0x0000000084700000, 0x0000000084800000|  0%| F|  |TAMS 0x0000000084700000, 0x0000000084700000| Untracked 
|  40|0x0000000084800000, 0x0000000084800000, 0x0000000084900000|  0%| F|  |TAMS 0x0000000084800000, 0x0000000084800000| Untracked 
|  41|0x0000000084900000, 0x0000000084900000, 0x0000000084a00000|  0%| F|  |TAMS 0x0000000084900000, 0x0000000084900000| Untracked 
|  42|0x0000000084a00000, 0x0000000084a00000, 0x0000000084b00000|  0%| F|  |TAMS 0x0000000084a00000, 0x0000000084a00000| Untracked 
|  43|0x0000000084b00000, 0x0000000084b00000, 0x0000000084c00000|  0%| F|  |TAMS 0x0000000084b00000, 0x0000000084b00000| Untracked 
|  44|0x0000000084c00000, 0x0000000084c00000, 0x0000000084d00000|  0%| F|  |TAMS 0x0000000084c00000, 0x0000000084c00000| Untracked 
|  45|0x0000000084d00000, 0x0000000084d00000, 0x0000000084e00000|  0%| F|  |TAMS 0x0000000084d00000, 0x0000000084d00000| Untracked 
|  46|0x0000000084e00000, 0x0000000084e00000, 0x0000000084f00000|  0%| F|  |TAMS 0x0000000084e00000, 0x0000000084e00000| Untracked 
|  47|0x0000000084f00000, 0x0000000084f00000, 0x0000000085000000|  0%| F|  |TAMS 0x0000000084f00000, 0x0000000084f00000| Untracked 
|  48|0x0000000085000000, 0x0000000085000000, 0x0000000085100000|  0%| F|  |TAMS 0x0000000085000000, 0x0000000085000000| Untracked 
|  49|0x0000000085100000, 0x0000000085100000, 0x0000000085200000|  0%| F|  |TAMS 0x0000000085100000, 0x0000000085100000| Untracked 
|  50|0x0000000085200000, 0x0000000085200000, 0x0000000085300000|  0%| F|  |TAMS 0x0000000085200000, 0x0000000085200000| Untracked 
|  51|0x0000000085300000, 0x0000000085400000, 0x0000000085400000|100%| O|  |TAMS 0x0000000085400000, 0x0000000085300000| Untracked 
|  52|0x0000000085400000, 0x0000000085500000, 0x0000000085500000|100%| O|  |TAMS 0x0000000085500000, 0x0000000085400000| Complete 
|  53|0x0000000085500000, 0x0000000085500000, 0x0000000085600000|  0%| F|  |TAMS 0x0000000085500000, 0x0000000085500000| Untracked 
|  54|0x0000000085600000, 0x0000000085600000, 0x0000000085700000|  0%| F|  |TAMS 0x0000000085600000, 0x0000000085600000| Untracked 
|  55|0x0000000085700000, 0x0000000085700000, 0x0000000085800000|  0%| F|  |TAMS 0x0000000085700000, 0x0000000085700000| Untracked 
|  56|0x0000000085800000, 0x0000000085800000, 0x0000000085900000|  0%| F|  |TAMS 0x0000000085800000, 0x0000000085800000| Untracked 
|  57|0x0000000085900000, 0x0000000085900000, 0x0000000085a00000|  0%| F|  |TAMS 0x0000000085900000, 0x0000000085900000| Untracked 
|  58|0x0000000085a00000, 0x0000000085a00000, 0x0000000085b00000|  0%| F|  |TAMS 0x0000000085a00000, 0x0000000085a00000| Untracked 
|  59|0x0000000085b00000, 0x0000000085b00000, 0x0000000085c00000|  0%| F|  |TAMS 0x0000000085b00000, 0x0000000085b00000| Untracked 
|  60|0x0000000085c00000, 0x0000000085c00000, 0x0000000085d00000|  0%| F|  |TAMS 0x0000000085c00000, 0x0000000085c00000| Untracked 
|  61|0x0000000085d00000, 0x0000000085d00000, 0x0000000085e00000|  0%| F|  |TAMS 0x0000000085d00000, 0x0000000085d00000| Untracked 
|  62|0x0000000085e00000, 0x0000000085e00000, 0x0000000085f00000|  0%| F|  |TAMS 0x0000000085e00000, 0x0000000085e00000| Untracked 
|  63|0x0000000085f00000, 0x0000000086000000, 0x0000000086000000|100%|HS|  |TAMS 0x0000000086000000, 0x0000000085f00000| Complete 
|  64|0x0000000086000000, 0x0000000086100000, 0x0000000086100000|100%|HC|  |TAMS 0x0000000086100000, 0x0000000086000000| Complete 
|  65|0x0000000086100000, 0x0000000086200000, 0x0000000086200000|100%| O|  |TAMS 0x0000000086200000, 0x0000000086100000| Untracked 
|  66|0x0000000086200000, 0x0000000086300000, 0x0000000086300000|100%| O|  |TAMS 0x0000000086300000, 0x0000000086200000| Untracked 
|  67|0x0000000086300000, 0x00000000863a2c00, 0x0000000086400000| 63%| O|  |TAMS 0x00000000863a2c00, 0x0000000086300000| Untracked 
|  68|0x0000000086400000, 0x0000000086500000, 0x0000000086500000|100%|HS|  |TAMS 0x0000000086500000, 0x0000000086400000| Complete 
|  69|0x0000000086500000, 0x0000000086600000, 0x0000000086600000|100%|HC|  |TAMS 0x0000000086600000, 0x0000000086500000| Complete 
|  70|0x0000000086600000, 0x0000000086700000, 0x0000000086700000|100%|HC|  |TAMS 0x0000000086700000, 0x0000000086600000| Complete 
|  71|0x0000000086700000, 0x0000000086800000, 0x0000000086800000|100%|HC|  |TAMS 0x0000000086800000, 0x0000000086700000| Complete 
|  72|0x0000000086800000, 0x0000000086900000, 0x0000000086900000|100%|HC|  |TAMS 0x0000000086900000, 0x0000000086800000| Complete 
|  73|0x0000000086900000, 0x0000000086a00000, 0x0000000086a00000|100%|HC|  |TAMS 0x0000000086a00000, 0x0000000086900000| Complete 
|  74|0x0000000086a00000, 0x0000000086b00000, 0x0000000086b00000|100%|HC|  |TAMS 0x0000000086b00000, 0x0000000086a00000| Complete 
|  75|0x0000000086b00000, 0x0000000086c00000, 0x0000000086c00000|100%|HC|  |TAMS 0x0000000086c00000, 0x0000000086b00000| Complete 
|  76|0x0000000086c00000, 0x0000000086d00000, 0x0000000086d00000|100%|HC|  |TAMS 0x0000000086d00000, 0x0000000086c00000| Complete 
|  77|0x0000000086d00000, 0x0000000086e00000, 0x0000000086e00000|100%|HC|  |TAMS 0x0000000086e00000, 0x0000000086d00000| Complete 
|  78|0x0000000086e00000, 0x0000000086f00000, 0x0000000086f00000|100%|HC|  |TAMS 0x0000000086f00000, 0x0000000086e00000| Complete 
|  79|0x0000000086f00000, 0x0000000087000000, 0x0000000087000000|100%|HC|  |TAMS 0x0000000087000000, 0x0000000086f00000| Complete 
|  80|0x0000000087000000, 0x0000000087100000, 0x0000000087100000|100%|HC|  |TAMS 0x0000000087100000, 0x0000000087000000| Complete 
|  81|0x0000000087100000, 0x0000000087200000, 0x0000000087200000|100%|HC|  |TAMS 0x0000000087200000, 0x0000000087100000| Complete 
|  82|0x0000000087200000, 0x0000000087300000, 0x0000000087300000|100%|HC|  |TAMS 0x0000000087300000, 0x0000000087200000| Complete 
|  83|0x0000000087300000, 0x0000000087400000, 0x0000000087400000|100%|HC|  |TAMS 0x0000000087400000, 0x0000000087300000| Complete 
|  84|0x0000000087400000, 0x0000000087500000, 0x0000000087500000|100%|HC|  |TAMS 0x0000000087500000, 0x0000000087400000| Complete 
|  85|0x0000000087500000, 0x0000000087600000, 0x0000000087600000|100%|HC|  |TAMS 0x0000000087600000, 0x0000000087500000| Complete 
|  86|0x0000000087600000, 0x0000000087700000, 0x0000000087700000|100%|HC|  |TAMS 0x0000000087700000, 0x0000000087600000| Complete 
|  87|0x0000000087700000, 0x0000000087800000, 0x0000000087800000|100%|HC|  |TAMS 0x0000000087800000, 0x0000000087700000| Complete 
|  88|0x0000000087800000, 0x0000000087900000, 0x0000000087900000|100%|HC|  |TAMS 0x0000000087900000, 0x0000000087800000| Complete 
|  89|0x0000000087900000, 0x0000000087a00000, 0x0000000087a00000|100%|HC|  |TAMS 0x0000000087a00000, 0x0000000087900000| Complete 
|  90|0x0000000087a00000, 0x0000000087b00000, 0x0000000087b00000|100%|HC|  |TAMS 0x0000000087b00000, 0x0000000087a00000| Complete 
|  91|0x0000000087b00000, 0x0000000087c00000, 0x0000000087c00000|100%|HC|  |TAMS 0x0000000087c00000, 0x0000000087b00000| Complete 
|  92|0x0000000087c00000, 0x0000000087d00000, 0x0000000087d00000|100%|HC|  |TAMS 0x0000000087d00000, 0x0000000087c00000| Complete 
|  93|0x0000000087d00000, 0x0000000087e00000, 0x0000000087e00000|100%|HC|  |TAMS 0x0000000087e00000, 0x0000000087d00000| Complete 
|  94|0x0000000087e00000, 0x0000000087f00000, 0x0000000087f00000|100%|HC|  |TAMS 0x0000000087f00000, 0x0000000087e00000| Complete 
|  95|0x0000000087f00000, 0x0000000088000000, 0x0000000088000000|100%|HC|  |TAMS 0x0000000088000000, 0x0000000087f00000| Complete 
|  96|0x0000000088000000, 0x0000000088100000, 0x0000000088100000|100%|HC|  |TAMS 0x0000000088100000, 0x0000000088000000| Complete 
|  97|0x0000000088100000, 0x0000000088200000, 0x0000000088200000|100%|HC|  |TAMS 0x0000000088200000, 0x0000000088100000| Complete 
|  98|0x0000000088200000, 0x0000000088300000, 0x0000000088300000|100%|HC|  |TAMS 0x0000000088300000, 0x0000000088200000| Complete 
|  99|0x0000000088300000, 0x0000000088400000, 0x0000000088400000|100%|HC|  |TAMS 0x0000000088400000, 0x0000000088300000| Complete 
| 100|0x0000000088400000, 0x0000000088500000, 0x0000000088500000|100%|HC|  |TAMS 0x0000000088500000, 0x0000000088400000| Complete 
| 101|0x0000000088500000, 0x0000000088600000, 0x0000000088600000|100%|HC|  |TAMS 0x0000000088600000, 0x0000000088500000| Complete 
| 102|0x0000000088600000, 0x0000000088700000, 0x0000000088700000|100%|HC|  |TAMS 0x0000000088700000, 0x0000000088600000| Complete 
| 103|0x0000000088700000, 0x0000000088800000, 0x0000000088800000|100%|HC|  |TAMS 0x0000000088800000, 0x0000000088700000| Complete 
| 104|0x0000000088800000, 0x0000000088900000, 0x0000000088900000|100%|HC|  |TAMS 0x0000000088900000, 0x0000000088800000| Complete 
| 105|0x0000000088900000, 0x0000000088a00000, 0x0000000088a00000|100%|HC|  |TAMS 0x0000000088a00000, 0x0000000088900000| Complete 
| 106|0x0000000088a00000, 0x0000000088b00000, 0x0000000088b00000|100%|HC|  |TAMS 0x0000000088b00000, 0x0000000088a00000| Complete 
| 107|0x0000000088b00000, 0x0000000088c00000, 0x0000000088c00000|100%|HC|  |TAMS 0x0000000088c00000, 0x0000000088b00000| Complete 
| 108|0x0000000088c00000, 0x0000000088d00000, 0x0000000088d00000|100%|HC|  |TAMS 0x0000000088d00000, 0x0000000088c00000| Complete 
| 109|0x0000000088d00000, 0x0000000088e00000, 0x0000000088e00000|100%|HC|  |TAMS 0x0000000088e00000, 0x0000000088d00000| Complete 
| 110|0x0000000088e00000, 0x0000000088f00000, 0x0000000088f00000|100%|HC|  |TAMS 0x0000000088f00000, 0x0000000088e00000| Complete 
| 111|0x0000000088f00000, 0x0000000089000000, 0x0000000089000000|100%|HC|  |TAMS 0x0000000089000000, 0x0000000088f00000| Complete 
| 112|0x0000000089000000, 0x0000000089100000, 0x0000000089100000|100%|HC|  |TAMS 0x0000000089100000, 0x0000000089000000| Complete 
| 113|0x0000000089100000, 0x0000000089200000, 0x0000000089200000|100%|HC|  |TAMS 0x0000000089200000, 0x0000000089100000| Complete 
| 114|0x0000000089200000, 0x0000000089300000, 0x0000000089300000|100%|HC|  |TAMS 0x0000000089300000, 0x0000000089200000| Complete 
| 115|0x0000000089300000, 0x0000000089400000, 0x0000000089400000|100%|HC|  |TAMS 0x0000000089400000, 0x0000000089300000| Complete 
| 116|0x0000000089400000, 0x0000000089500000, 0x0000000089500000|100%|HC|  |TAMS 0x0000000089500000, 0x0000000089400000| Complete 
| 117|0x0000000089500000, 0x0000000089600000, 0x0000000089600000|100%|HC|  |TAMS 0x0000000089600000, 0x0000000089500000| Complete 
| 118|0x0000000089600000, 0x0000000089700000, 0x0000000089700000|100%|HC|  |TAMS 0x0000000089700000, 0x0000000089600000| Complete 
| 119|0x0000000089700000, 0x0000000089800000, 0x0000000089800000|100%|HC|  |TAMS 0x0000000089800000, 0x0000000089700000| Complete 
| 120|0x0000000089800000, 0x0000000089900000, 0x0000000089900000|100%|HC|  |TAMS 0x0000000089900000, 0x0000000089800000| Complete 
| 121|0x0000000089900000, 0x0000000089a00000, 0x0000000089a00000|100%|HC|  |TAMS 0x0000000089a00000, 0x0000000089900000| Complete 
| 122|0x0000000089a00000, 0x0000000089b00000, 0x0000000089b00000|100%|HC|  |TAMS 0x0000000089b00000, 0x0000000089a00000| Complete 
| 123|0x0000000089b00000, 0x0000000089c00000, 0x0000000089c00000|100%|HC|  |TAMS 0x0000000089c00000, 0x0000000089b00000| Complete 
| 124|0x0000000089c00000, 0x0000000089d00000, 0x0000000089d00000|100%|HC|  |TAMS 0x0000000089d00000, 0x0000000089c00000| Complete 
| 125|0x0000000089d00000, 0x0000000089e00000, 0x0000000089e00000|100%|HC|  |TAMS 0x0000000089e00000, 0x0000000089d00000| Complete 
| 126|0x0000000089e00000, 0x0000000089f00000, 0x0000000089f00000|100%|HC|  |TAMS 0x0000000089f00000, 0x0000000089e00000| Complete 
| 127|0x0000000089f00000, 0x000000008a000000, 0x000000008a000000|100%|HC|  |TAMS 0x000000008a000000, 0x0000000089f00000| Complete 
| 128|0x000000008a000000, 0x000000008a100000, 0x000000008a100000|100%|HC|  |TAMS 0x000000008a100000, 0x000000008a000000| Complete 
| 129|0x000000008a100000, 0x000000008a200000, 0x000000008a200000|100%|HC|  |TAMS 0x000000008a200000, 0x000000008a100000| Complete 
| 130|0x000000008a200000, 0x000000008a300000, 0x000000008a300000|100%|HC|  |TAMS 0x000000008a300000, 0x000000008a200000| Complete 
| 131|0x000000008a300000, 0x000000008a400000, 0x000000008a400000|100%|HC|  |TAMS 0x000000008a400000, 0x000000008a300000| Complete 
| 132|0x000000008a400000, 0x000000008a500000, 0x000000008a500000|100%|HC|  |TAMS 0x000000008a500000, 0x000000008a400000| Complete 
| 133|0x000000008a500000, 0x000000008a600000, 0x000000008a600000|100%|HC|  |TAMS 0x000000008a600000, 0x000000008a500000| Complete 
| 134|0x000000008a600000, 0x000000008a700000, 0x000000008a700000|100%|HC|  |TAMS 0x000000008a700000, 0x000000008a600000| Complete 
| 135|0x000000008a700000, 0x000000008a800000, 0x000000008a800000|100%|HC|  |TAMS 0x000000008a800000, 0x000000008a700000| Complete 
| 136|0x000000008a800000, 0x000000008a900000, 0x000000008a900000|100%|HC|  |TAMS 0x000000008a900000, 0x000000008a800000| Complete 
| 137|0x000000008a900000, 0x000000008aa00000, 0x000000008aa00000|100%|HC|  |TAMS 0x000000008aa00000, 0x000000008a900000| Complete 
| 138|0x000000008aa00000, 0x000000008ab00000, 0x000000008ab00000|100%|HC|  |TAMS 0x000000008ab00000, 0x000000008aa00000| Complete 
| 139|0x000000008ab00000, 0x000000008ac00000, 0x000000008ac00000|100%|HC|  |TAMS 0x000000008ac00000, 0x000000008ab00000| Complete 
| 140|0x000000008ac00000, 0x000000008ad00000, 0x000000008ad00000|100%|HC|  |TAMS 0x000000008ad00000, 0x000000008ac00000| Complete 
| 141|0x000000008ad00000, 0x000000008ae00000, 0x000000008ae00000|100%|HC|  |TAMS 0x000000008ae00000, 0x000000008ad00000| Complete 
| 142|0x000000008ae00000, 0x000000008af00000, 0x000000008af00000|100%|HC|  |TAMS 0x000000008af00000, 0x000000008ae00000| Complete 
| 143|0x000000008af00000, 0x000000008b000000, 0x000000008b000000|100%|HC|  |TAMS 0x000000008b000000, 0x000000008af00000| Complete 
| 144|0x000000008b000000, 0x000000008b100000, 0x000000008b100000|100%|HC|  |TAMS 0x000000008b100000, 0x000000008b000000| Complete 
| 145|0x000000008b100000, 0x000000008b200000, 0x000000008b200000|100%|HC|  |TAMS 0x000000008b200000, 0x000000008b100000| Complete 
| 146|0x000000008b200000, 0x000000008b300000, 0x000000008b300000|100%|HS|  |TAMS 0x000000008b200000, 0x000000008b200000| Complete 
| 147|0x000000008b300000, 0x000000008b400000, 0x000000008b400000|100%|HC|  |TAMS 0x000000008b300000, 0x000000008b300000| Complete 
| 148|0x000000008b400000, 0x000000008b500000, 0x000000008b500000|100%|HC|  |TAMS 0x000000008b400000, 0x000000008b400000| Complete 
| 149|0x000000008b500000, 0x000000008b600000, 0x000000008b600000|100%|HC|  |TAMS 0x000000008b500000, 0x000000008b500000| Complete 
| 150|0x000000008b600000, 0x000000008b700000, 0x000000008b700000|100%|HC|  |TAMS 0x000000008b600000, 0x000000008b600000| Complete 
| 151|0x000000008b700000, 0x000000008b800000, 0x000000008b800000|100%|HC|  |TAMS 0x000000008b700000, 0x000000008b700000| Complete 
| 152|0x000000008b800000, 0x000000008b900000, 0x000000008b900000|100%|HC|  |TAMS 0x000000008b800000, 0x000000008b800000| Complete 
| 153|0x000000008b900000, 0x000000008ba00000, 0x000000008ba00000|100%|HC|  |TAMS 0x000000008b900000, 0x000000008b900000| Complete 
| 154|0x000000008ba00000, 0x000000008bb00000, 0x000000008bb00000|100%|HC|  |TAMS 0x000000008ba00000, 0x000000008ba00000| Complete 
| 155|0x000000008bb00000, 0x000000008bc00000, 0x000000008bc00000|100%|HC|  |TAMS 0x000000008bb00000, 0x000000008bb00000| Complete 
| 156|0x000000008bc00000, 0x000000008bd00000, 0x000000008bd00000|100%|HC|  |TAMS 0x000000008bc00000, 0x000000008bc00000| Complete 
| 157|0x000000008bd00000, 0x000000008be00000, 0x000000008be00000|100%|HC|  |TAMS 0x000000008bd00000, 0x000000008bd00000| Complete 
| 158|0x000000008be00000, 0x000000008bf00000, 0x000000008bf00000|100%|HC|  |TAMS 0x000000008be00000, 0x000000008be00000| Complete 
| 159|0x000000008bf00000, 0x000000008c000000, 0x000000008c000000|100%|HC|  |TAMS 0x000000008bf00000, 0x000000008bf00000| Complete 
| 160|0x000000008c000000, 0x000000008c100000, 0x000000008c100000|100%|HC|  |TAMS 0x000000008c000000, 0x000000008c000000| Complete 
| 161|0x000000008c100000, 0x000000008c200000, 0x000000008c200000|100%|HC|  |TAMS 0x000000008c100000, 0x000000008c100000| Complete 
| 162|0x000000008c200000, 0x000000008c300000, 0x000000008c300000|100%|HC|  |TAMS 0x000000008c200000, 0x000000008c200000| Complete 
| 163|0x000000008c300000, 0x000000008c400000, 0x000000008c400000|100%|HC|  |TAMS 0x000000008c300000, 0x000000008c300000| Complete 
| 164|0x000000008c400000, 0x000000008c500000, 0x000000008c500000|100%|HC|  |TAMS 0x000000008c400000, 0x000000008c400000| Complete 
| 165|0x000000008c500000, 0x000000008c600000, 0x000000008c600000|100%|HC|  |TAMS 0x000000008c500000, 0x000000008c500000| Complete 
| 166|0x000000008c600000, 0x000000008c700000, 0x000000008c700000|100%|HC|  |TAMS 0x000000008c600000, 0x000000008c600000| Complete 
| 167|0x000000008c700000, 0x000000008c800000, 0x000000008c800000|100%|HC|  |TAMS 0x000000008c700000, 0x000000008c700000| Complete 
| 168|0x000000008c800000, 0x000000008c900000, 0x000000008c900000|100%|HC|  |TAMS 0x000000008c800000, 0x000000008c800000| Complete 
| 169|0x000000008c900000, 0x000000008ca00000, 0x000000008ca00000|100%|HC|  |TAMS 0x000000008c900000, 0x000000008c900000| Complete 
| 170|0x000000008ca00000, 0x000000008cb00000, 0x000000008cb00000|100%|HC|  |TAMS 0x000000008ca00000, 0x000000008ca00000| Complete 
| 171|0x000000008cb00000, 0x000000008cc00000, 0x000000008cc00000|100%|HC|  |TAMS 0x000000008cb00000, 0x000000008cb00000| Complete 
| 172|0x000000008cc00000, 0x000000008cd00000, 0x000000008cd00000|100%|HC|  |TAMS 0x000000008cc00000, 0x000000008cc00000| Complete 
| 173|0x000000008cd00000, 0x000000008ce00000, 0x000000008ce00000|100%|HC|  |TAMS 0x000000008cd00000, 0x000000008cd00000| Complete 
| 174|0x000000008ce00000, 0x000000008cf00000, 0x000000008cf00000|100%|HC|  |TAMS 0x000000008ce00000, 0x000000008ce00000| Complete 
| 175|0x000000008cf00000, 0x000000008d000000, 0x000000008d000000|100%|HC|  |TAMS 0x000000008cf00000, 0x000000008cf00000| Complete 
| 176|0x000000008d000000, 0x000000008d100000, 0x000000008d100000|100%|HC|  |TAMS 0x000000008d000000, 0x000000008d000000| Complete 
| 177|0x000000008d100000, 0x000000008d200000, 0x000000008d200000|100%|HC|  |TAMS 0x000000008d100000, 0x000000008d100000| Complete 
| 178|0x000000008d200000, 0x000000008d300000, 0x000000008d300000|100%|HC|  |TAMS 0x000000008d200000, 0x000000008d200000| Complete 
| 179|0x000000008d300000, 0x000000008d400000, 0x000000008d400000|100%|HC|  |TAMS 0x000000008d300000, 0x000000008d300000| Complete 
| 180|0x000000008d400000, 0x000000008d500000, 0x000000008d500000|100%|HC|  |TAMS 0x000000008d400000, 0x000000008d400000| Complete 
| 181|0x000000008d500000, 0x000000008d600000, 0x000000008d600000|100%|HC|  |TAMS 0x000000008d500000, 0x000000008d500000| Complete 
| 182|0x000000008d600000, 0x000000008d700000, 0x000000008d700000|100%|HC|  |TAMS 0x000000008d600000, 0x000000008d600000| Complete 
| 183|0x000000008d700000, 0x000000008d800000, 0x000000008d800000|100%|HC|  |TAMS 0x000000008d700000, 0x000000008d700000| Complete 
| 184|0x000000008d800000, 0x000000008d900000, 0x000000008d900000|100%|HC|  |TAMS 0x000000008d800000, 0x000000008d800000| Complete 
| 185|0x000000008d900000, 0x000000008da00000, 0x000000008da00000|100%|HC|  |TAMS 0x000000008d900000, 0x000000008d900000| Complete 
| 186|0x000000008da00000, 0x000000008db00000, 0x000000008db00000|100%|HC|  |TAMS 0x000000008da00000, 0x000000008da00000| Complete 
| 187|0x000000008db00000, 0x000000008dc00000, 0x000000008dc00000|100%|HC|  |TAMS 0x000000008db00000, 0x000000008db00000| Complete 
| 188|0x000000008dc00000, 0x000000008dd00000, 0x000000008dd00000|100%|HC|  |TAMS 0x000000008dc00000, 0x000000008dc00000| Complete 
| 189|0x000000008dd00000, 0x000000008de00000, 0x000000008de00000|100%|HC|  |TAMS 0x000000008dd00000, 0x000000008dd00000| Complete 
| 190|0x000000008de00000, 0x000000008df00000, 0x000000008df00000|100%|HC|  |TAMS 0x000000008de00000, 0x000000008de00000| Complete 
| 191|0x000000008df00000, 0x000000008e000000, 0x000000008e000000|100%|HC|  |TAMS 0x000000008df00000, 0x000000008df00000| Complete 
| 192|0x000000008e000000, 0x000000008e100000, 0x000000008e100000|100%|HC|  |TAMS 0x000000008e000000, 0x000000008e000000| Complete 
| 193|0x000000008e100000, 0x000000008e200000, 0x000000008e200000|100%|HC|  |TAMS 0x000000008e100000, 0x000000008e100000| Complete 
| 194|0x000000008e200000, 0x000000008e300000, 0x000000008e300000|100%|HC|  |TAMS 0x000000008e200000, 0x000000008e200000| Complete 
| 195|0x000000008e300000, 0x000000008e400000, 0x000000008e400000|100%|HC|  |TAMS 0x000000008e300000, 0x000000008e300000| Complete 
| 196|0x000000008e400000, 0x000000008e500000, 0x000000008e500000|100%|HC|  |TAMS 0x000000008e400000, 0x000000008e400000| Complete 
| 197|0x000000008e500000, 0x000000008e600000, 0x000000008e600000|100%|HC|  |TAMS 0x000000008e500000, 0x000000008e500000| Complete 
| 198|0x000000008e600000, 0x000000008e700000, 0x000000008e700000|100%|HC|  |TAMS 0x000000008e600000, 0x000000008e600000| Complete 
| 199|0x000000008e700000, 0x000000008e800000, 0x000000008e800000|100%|HC|  |TAMS 0x000000008e700000, 0x000000008e700000| Complete 
| 200|0x000000008e800000, 0x000000008e900000, 0x000000008e900000|100%|HC|  |TAMS 0x000000008e800000, 0x000000008e800000| Complete 
| 201|0x000000008e900000, 0x000000008ea00000, 0x000000008ea00000|100%|HC|  |TAMS 0x000000008e900000, 0x000000008e900000| Complete 
| 202|0x000000008ea00000, 0x000000008eb00000, 0x000000008eb00000|100%|HC|  |TAMS 0x000000008ea00000, 0x000000008ea00000| Complete 
| 203|0x000000008eb00000, 0x000000008ec00000, 0x000000008ec00000|100%|HC|  |TAMS 0x000000008eb00000, 0x000000008eb00000| Complete 
| 204|0x000000008ec00000, 0x000000008ed00000, 0x000000008ed00000|100%|HC|  |TAMS 0x000000008ec00000, 0x000000008ec00000| Complete 
| 205|0x000000008ed00000, 0x000000008ee00000, 0x000000008ee00000|100%|HC|  |TAMS 0x000000008ed00000, 0x000000008ed00000| Complete 
| 206|0x000000008ee00000, 0x000000008ef00000, 0x000000008ef00000|100%|HC|  |TAMS 0x000000008ee00000, 0x000000008ee00000| Complete 
| 207|0x000000008ef00000, 0x000000008f000000, 0x000000008f000000|100%|HC|  |TAMS 0x000000008ef00000, 0x000000008ef00000| Complete 
| 208|0x000000008f000000, 0x000000008f100000, 0x000000008f100000|100%|HC|  |TAMS 0x000000008f000000, 0x000000008f000000| Complete 
| 209|0x000000008f100000, 0x000000008f200000, 0x000000008f200000|100%|HC|  |TAMS 0x000000008f100000, 0x000000008f100000| Complete 
| 210|0x000000008f200000, 0x000000008f300000, 0x000000008f300000|100%|HC|  |TAMS 0x000000008f200000, 0x000000008f200000| Complete 
| 211|0x000000008f300000, 0x000000008f400000, 0x000000008f400000|100%|HC|  |TAMS 0x000000008f300000, 0x000000008f300000| Complete 
| 212|0x000000008f400000, 0x000000008f500000, 0x000000008f500000|100%|HC|  |TAMS 0x000000008f400000, 0x000000008f400000| Complete 
| 213|0x000000008f500000, 0x000000008f600000, 0x000000008f600000|100%|HC|  |TAMS 0x000000008f500000, 0x000000008f500000| Complete 
| 214|0x000000008f600000, 0x000000008f700000, 0x000000008f700000|100%|HC|  |TAMS 0x000000008f600000, 0x000000008f600000| Complete 
| 215|0x000000008f700000, 0x000000008f800000, 0x000000008f800000|100%|HC|  |TAMS 0x000000008f700000, 0x000000008f700000| Complete 
| 216|0x000000008f800000, 0x000000008f900000, 0x000000008f900000|100%|HC|  |TAMS 0x000000008f800000, 0x000000008f800000| Complete 
| 217|0x000000008f900000, 0x000000008fa00000, 0x000000008fa00000|100%|HC|  |TAMS 0x000000008f900000, 0x000000008f900000| Complete 
| 218|0x000000008fa00000, 0x000000008fb00000, 0x000000008fb00000|100%|HC|  |TAMS 0x000000008fa00000, 0x000000008fa00000| Complete 
| 219|0x000000008fb00000, 0x000000008fc00000, 0x000000008fc00000|100%|HC|  |TAMS 0x000000008fb00000, 0x000000008fb00000| Complete 
| 220|0x000000008fc00000, 0x000000008fd00000, 0x000000008fd00000|100%|HC|  |TAMS 0x000000008fc00000, 0x000000008fc00000| Complete 
| 221|0x000000008fd00000, 0x000000008fe00000, 0x000000008fe00000|100%|HC|  |TAMS 0x000000008fd00000, 0x000000008fd00000| Complete 
| 222|0x000000008fe00000, 0x000000008ff00000, 0x000000008ff00000|100%|HC|  |TAMS 0x000000008fe00000, 0x000000008fe00000| Complete 
| 223|0x000000008ff00000, 0x0000000090000000, 0x0000000090000000|100%|HC|  |TAMS 0x000000008ff00000, 0x000000008ff00000| Complete 
| 224|0x0000000090000000, 0x0000000090000000, 0x0000000090100000|  0%| F|  |TAMS 0x0000000090000000, 0x0000000090000000| Untracked 
| 225|0x0000000090100000, 0x0000000090100000, 0x0000000090200000|  0%| F|  |TAMS 0x0000000090100000, 0x0000000090100000| Untracked 
| 226|0x0000000090200000, 0x0000000090200000, 0x0000000090300000|  0%| F|  |TAMS 0x0000000090200000, 0x0000000090200000| Untracked 
| 227|0x0000000090300000, 0x0000000090300000, 0x0000000090400000|  0%| F|  |TAMS 0x0000000090300000, 0x0000000090300000| Untracked 
| 228|0x0000000090400000, 0x0000000090400000, 0x0000000090500000|  0%| F|  |TAMS 0x0000000090400000, 0x0000000090400000| Untracked 
| 229|0x0000000090500000, 0x0000000090500000, 0x0000000090600000|  0%| F|  |TAMS 0x0000000090500000, 0x0000000090500000| Untracked 
| 230|0x0000000090600000, 0x0000000090600000, 0x0000000090700000|  0%| F|  |TAMS 0x0000000090600000, 0x0000000090600000| Untracked 
| 231|0x0000000090700000, 0x0000000090700000, 0x0000000090800000|  0%| F|  |TAMS 0x0000000090700000, 0x0000000090700000| Untracked 
| 232|0x0000000090800000, 0x0000000090800000, 0x0000000090900000|  0%| F|  |TAMS 0x0000000090800000, 0x0000000090800000| Untracked 
| 233|0x0000000090900000, 0x0000000090900000, 0x0000000090a00000|  0%| F|  |TAMS 0x0000000090900000, 0x0000000090900000| Untracked 
| 234|0x0000000090a00000, 0x0000000090a00000, 0x0000000090b00000|  0%| F|  |TAMS 0x0000000090a00000, 0x0000000090a00000| Untracked 
| 235|0x0000000090b00000, 0x0000000090b00000, 0x0000000090c00000|  0%| F|  |TAMS 0x0000000090b00000, 0x0000000090b00000| Untracked 
| 236|0x0000000090c00000, 0x0000000090c00000, 0x0000000090d00000|  0%| F|  |TAMS 0x0000000090c00000, 0x0000000090c00000| Untracked 
| 237|0x0000000090d00000, 0x0000000090d00000, 0x0000000090e00000|  0%| F|  |TAMS 0x0000000090d00000, 0x0000000090d00000| Untracked 
| 238|0x0000000090e00000, 0x0000000090e00000, 0x0000000090f00000|  0%| F|  |TAMS 0x0000000090e00000, 0x0000000090e00000| Untracked 
| 239|0x0000000090f00000, 0x0000000090f00000, 0x0000000091000000|  0%| F|  |TAMS 0x0000000090f00000, 0x0000000090f00000| Untracked 
| 240|0x0000000091000000, 0x0000000091000000, 0x0000000091100000|  0%| F|  |TAMS 0x0000000091000000, 0x0000000091000000| Untracked 
| 241|0x0000000091100000, 0x0000000091100000, 0x0000000091200000|  0%| F|  |TAMS 0x0000000091100000, 0x0000000091100000| Untracked 
| 242|0x0000000091200000, 0x0000000091200000, 0x0000000091300000|  0%| F|  |TAMS 0x0000000091200000, 0x0000000091200000| Untracked 
| 243|0x0000000091300000, 0x0000000091300000, 0x0000000091400000|  0%| F|  |TAMS 0x0000000091300000, 0x0000000091300000| Untracked 
| 244|0x0000000091400000, 0x0000000091400000, 0x0000000091500000|  0%| F|  |TAMS 0x0000000091400000, 0x0000000091400000| Untracked 
| 245|0x0000000091500000, 0x0000000091600000, 0x0000000091600000|100%|HS|  |TAMS 0x0000000091600000, 0x0000000091500000| Complete 
| 246|0x0000000091600000, 0x0000000091700000, 0x0000000091700000|100%|HC|  |TAMS 0x0000000091700000, 0x0000000091600000| Complete 
| 247|0x0000000091700000, 0x0000000091800000, 0x0000000091800000|100%|HC|  |TAMS 0x0000000091800000, 0x0000000091700000| Complete 
| 248|0x0000000091800000, 0x0000000091900000, 0x0000000091900000|100%|HC|  |TAMS 0x0000000091900000, 0x0000000091800000| Complete 
| 249|0x0000000091900000, 0x0000000091a00000, 0x0000000091a00000|100%|HC|  |TAMS 0x0000000091a00000, 0x0000000091900000| Complete 
| 250|0x0000000091a00000, 0x0000000091b00000, 0x0000000091b00000|100%|HC|  |TAMS 0x0000000091b00000, 0x0000000091a00000| Complete 
| 251|0x0000000091b00000, 0x0000000091c00000, 0x0000000091c00000|100%|HC|  |TAMS 0x0000000091c00000, 0x0000000091b00000| Complete 
| 252|0x0000000091c00000, 0x0000000091d00000, 0x0000000091d00000|100%|HC|  |TAMS 0x0000000091d00000, 0x0000000091c00000| Complete 
| 253|0x0000000091d00000, 0x0000000091e00000, 0x0000000091e00000|100%|HC|  |TAMS 0x0000000091e00000, 0x0000000091d00000| Complete 
| 254|0x0000000091e00000, 0x0000000091f00000, 0x0000000091f00000|100%|HC|  |TAMS 0x0000000091f00000, 0x0000000091e00000| Complete 
| 255|0x0000000091f00000, 0x0000000092000000, 0x0000000092000000|100%|HC|  |TAMS 0x0000000092000000, 0x0000000091f00000| Complete 
| 256|0x0000000092000000, 0x0000000092100000, 0x0000000092100000|100%|HC|  |TAMS 0x0000000092100000, 0x0000000092000000| Complete 
| 257|0x0000000092100000, 0x0000000092200000, 0x0000000092200000|100%|HC|  |TAMS 0x0000000092200000, 0x0000000092100000| Complete 
| 258|0x0000000092200000, 0x0000000092300000, 0x0000000092300000|100%|HC|  |TAMS 0x0000000092300000, 0x0000000092200000| Complete 
| 259|0x0000000092300000, 0x0000000092400000, 0x0000000092400000|100%|HC|  |TAMS 0x0000000092400000, 0x0000000092300000| Complete 
| 260|0x0000000092400000, 0x0000000092500000, 0x0000000092500000|100%|HC|  |TAMS 0x0000000092500000, 0x0000000092400000| Complete 
| 261|0x0000000092500000, 0x0000000092600000, 0x0000000092600000|100%|HC|  |TAMS 0x0000000092600000, 0x0000000092500000| Complete 
| 262|0x0000000092600000, 0x0000000092700000, 0x0000000092700000|100%|HC|  |TAMS 0x0000000092700000, 0x0000000092600000| Complete 
| 263|0x0000000092700000, 0x0000000092800000, 0x0000000092800000|100%|HC|  |TAMS 0x0000000092800000, 0x0000000092700000| Complete 
| 264|0x0000000092800000, 0x0000000092900000, 0x0000000092900000|100%|HC|  |TAMS 0x0000000092900000, 0x0000000092800000| Complete 
| 265|0x0000000092900000, 0x0000000092a00000, 0x0000000092a00000|100%|HC|  |TAMS 0x0000000092a00000, 0x0000000092900000| Complete 
| 266|0x0000000092a00000, 0x0000000092b00000, 0x0000000092b00000|100%|HC|  |TAMS 0x0000000092b00000, 0x0000000092a00000| Complete 
| 267|0x0000000092b00000, 0x0000000092c00000, 0x0000000092c00000|100%|HC|  |TAMS 0x0000000092c00000, 0x0000000092b00000| Complete 
| 268|0x0000000092c00000, 0x0000000092d00000, 0x0000000092d00000|100%|HC|  |TAMS 0x0000000092d00000, 0x0000000092c00000| Complete 
| 269|0x0000000092d00000, 0x0000000092e00000, 0x0000000092e00000|100%|HC|  |TAMS 0x0000000092e00000, 0x0000000092d00000| Complete 
| 270|0x0000000092e00000, 0x0000000092f00000, 0x0000000092f00000|100%|HC|  |TAMS 0x0000000092f00000, 0x0000000092e00000| Complete 
| 271|0x0000000092f00000, 0x0000000093000000, 0x0000000093000000|100%|HC|  |TAMS 0x0000000093000000, 0x0000000092f00000| Complete 
| 272|0x0000000093000000, 0x0000000093100000, 0x0000000093100000|100%|HC|  |TAMS 0x0000000093100000, 0x0000000093000000| Complete 
| 273|0x0000000093100000, 0x0000000093200000, 0x0000000093200000|100%|HC|  |TAMS 0x0000000093200000, 0x0000000093100000| Complete 
| 274|0x0000000093200000, 0x0000000093300000, 0x0000000093300000|100%|HC|  |TAMS 0x0000000093300000, 0x0000000093200000| Complete 
| 275|0x0000000093300000, 0x0000000093400000, 0x0000000093400000|100%|HC|  |TAMS 0x0000000093400000, 0x0000000093300000| Complete 
| 276|0x0000000093400000, 0x0000000093500000, 0x0000000093500000|100%|HC|  |TAMS 0x0000000093500000, 0x0000000093400000| Complete 
| 277|0x0000000093500000, 0x0000000093600000, 0x0000000093600000|100%|HC|  |TAMS 0x0000000093600000, 0x0000000093500000| Complete 
| 278|0x0000000093600000, 0x0000000093700000, 0x0000000093700000|100%|HC|  |TAMS 0x0000000093700000, 0x0000000093600000| Complete 
| 279|0x0000000093700000, 0x0000000093800000, 0x0000000093800000|100%|HC|  |TAMS 0x0000000093800000, 0x0000000093700000| Complete 
| 280|0x0000000093800000, 0x0000000093900000, 0x0000000093900000|100%|HC|  |TAMS 0x0000000093900000, 0x0000000093800000| Complete 
| 281|0x0000000093900000, 0x0000000093a00000, 0x0000000093a00000|100%|HC|  |TAMS 0x0000000093a00000, 0x0000000093900000| Complete 
| 282|0x0000000093a00000, 0x0000000093b00000, 0x0000000093b00000|100%|HC|  |TAMS 0x0000000093b00000, 0x0000000093a00000| Complete 
| 283|0x0000000093b00000, 0x0000000093c00000, 0x0000000093c00000|100%|HC|  |TAMS 0x0000000093c00000, 0x0000000093b00000| Complete 
| 284|0x0000000093c00000, 0x0000000093d00000, 0x0000000093d00000|100%|HC|  |TAMS 0x0000000093d00000, 0x0000000093c00000| Complete 
| 285|0x0000000093d00000, 0x0000000093e00000, 0x0000000093e00000|100%|HC|  |TAMS 0x0000000093e00000, 0x0000000093d00000| Complete 
| 286|0x0000000093e00000, 0x0000000093f00000, 0x0000000093f00000|100%|HC|  |TAMS 0x0000000093f00000, 0x0000000093e00000| Complete 
| 287|0x0000000093f00000, 0x0000000094000000, 0x0000000094000000|100%|HC|  |TAMS 0x0000000094000000, 0x0000000093f00000| Complete 
| 288|0x0000000094000000, 0x0000000094100000, 0x0000000094100000|100%|HC|  |TAMS 0x0000000094100000, 0x0000000094000000| Complete 
| 289|0x0000000094100000, 0x0000000094200000, 0x0000000094200000|100%|HC|  |TAMS 0x0000000094200000, 0x0000000094100000| Complete 
| 290|0x0000000094200000, 0x0000000094300000, 0x0000000094300000|100%|HC|  |TAMS 0x0000000094300000, 0x0000000094200000| Complete 
| 291|0x0000000094300000, 0x0000000094400000, 0x0000000094400000|100%|HC|  |TAMS 0x0000000094400000, 0x0000000094300000| Complete 
| 292|0x0000000094400000, 0x0000000094500000, 0x0000000094500000|100%|HC|  |TAMS 0x0000000094500000, 0x0000000094400000| Complete 
| 293|0x0000000094500000, 0x0000000094600000, 0x0000000094600000|100%|HC|  |TAMS 0x0000000094600000, 0x0000000094500000| Complete 
| 294|0x0000000094600000, 0x0000000094700000, 0x0000000094700000|100%|HC|  |TAMS 0x0000000094700000, 0x0000000094600000| Complete 
| 295|0x0000000094700000, 0x0000000094800000, 0x0000000094800000|100%|HC|  |TAMS 0x0000000094800000, 0x0000000094700000| Complete 
| 296|0x0000000094800000, 0x0000000094900000, 0x0000000094900000|100%|HC|  |TAMS 0x0000000094900000, 0x0000000094800000| Complete 
| 297|0x0000000094900000, 0x0000000094a00000, 0x0000000094a00000|100%|HC|  |TAMS 0x0000000094a00000, 0x0000000094900000| Complete 
| 298|0x0000000094a00000, 0x0000000094b00000, 0x0000000094b00000|100%|HC|  |TAMS 0x0000000094b00000, 0x0000000094a00000| Complete 
| 299|0x0000000094b00000, 0x0000000094c00000, 0x0000000094c00000|100%|HC|  |TAMS 0x0000000094c00000, 0x0000000094b00000| Complete 
| 300|0x0000000094c00000, 0x0000000094d00000, 0x0000000094d00000|100%|HC|  |TAMS 0x0000000094d00000, 0x0000000094c00000| Complete 
| 301|0x0000000094d00000, 0x0000000094e00000, 0x0000000094e00000|100%|HC|  |TAMS 0x0000000094e00000, 0x0000000094d00000| Complete 
| 302|0x0000000094e00000, 0x0000000094f00000, 0x0000000094f00000|100%|HC|  |TAMS 0x0000000094f00000, 0x0000000094e00000| Complete 
| 303|0x0000000094f00000, 0x0000000095000000, 0x0000000095000000|100%|HC|  |TAMS 0x0000000095000000, 0x0000000094f00000| Complete 
| 304|0x0000000095000000, 0x0000000095100000, 0x0000000095100000|100%|HC|  |TAMS 0x0000000095100000, 0x0000000095000000| Complete 
| 305|0x0000000095100000, 0x0000000095200000, 0x0000000095200000|100%|HC|  |TAMS 0x0000000095200000, 0x0000000095100000| Complete 
| 306|0x0000000095200000, 0x0000000095300000, 0x0000000095300000|100%|HC|  |TAMS 0x0000000095300000, 0x0000000095200000| Complete 
| 307|0x0000000095300000, 0x0000000095400000, 0x0000000095400000|100%|HC|  |TAMS 0x0000000095400000, 0x0000000095300000| Complete 
| 308|0x0000000095400000, 0x0000000095500000, 0x0000000095500000|100%|HC|  |TAMS 0x0000000095500000, 0x0000000095400000| Complete 
| 309|0x0000000095500000, 0x0000000095600000, 0x0000000095600000|100%|HC|  |TAMS 0x0000000095600000, 0x0000000095500000| Complete 
| 310|0x0000000095600000, 0x0000000095700000, 0x0000000095700000|100%|HC|  |TAMS 0x0000000095700000, 0x0000000095600000| Complete 
| 311|0x0000000095700000, 0x0000000095800000, 0x0000000095800000|100%|HC|  |TAMS 0x0000000095800000, 0x0000000095700000| Complete 
| 312|0x0000000095800000, 0x0000000095900000, 0x0000000095900000|100%|HC|  |TAMS 0x0000000095900000, 0x0000000095800000| Complete 
| 313|0x0000000095900000, 0x0000000095a00000, 0x0000000095a00000|100%|HC|  |TAMS 0x0000000095a00000, 0x0000000095900000| Complete 
| 314|0x0000000095a00000, 0x0000000095b00000, 0x0000000095b00000|100%|HC|  |TAMS 0x0000000095b00000, 0x0000000095a00000| Complete 
| 315|0x0000000095b00000, 0x0000000095c00000, 0x0000000095c00000|100%|HC|  |TAMS 0x0000000095c00000, 0x0000000095b00000| Complete 
| 316|0x0000000095c00000, 0x0000000095d00000, 0x0000000095d00000|100%|HC|  |TAMS 0x0000000095d00000, 0x0000000095c00000| Complete 
| 317|0x0000000095d00000, 0x0000000095e00000, 0x0000000095e00000|100%|HC|  |TAMS 0x0000000095e00000, 0x0000000095d00000| Complete 
| 318|0x0000000095e00000, 0x0000000095f00000, 0x0000000095f00000|100%|HC|  |TAMS 0x0000000095f00000, 0x0000000095e00000| Complete 
| 319|0x0000000095f00000, 0x0000000096000000, 0x0000000096000000|100%|HC|  |TAMS 0x0000000096000000, 0x0000000095f00000| Complete 
| 320|0x0000000096000000, 0x0000000096100000, 0x0000000096100000|100%|HC|  |TAMS 0x0000000096100000, 0x0000000096000000| Complete 
| 321|0x0000000096100000, 0x0000000096200000, 0x0000000096200000|100%|HC|  |TAMS 0x0000000096200000, 0x0000000096100000| Complete 
| 322|0x0000000096200000, 0x0000000096300000, 0x0000000096300000|100%|HC|  |TAMS 0x0000000096300000, 0x0000000096200000| Complete 
| 323|0x0000000096300000, 0x0000000096300000, 0x0000000096400000|  0%| F|  |TAMS 0x0000000096300000, 0x0000000096300000| Untracked 
| 324|0x0000000096400000, 0x0000000096400000, 0x0000000096500000|  0%| F|  |TAMS 0x0000000096400000, 0x0000000096400000| Untracked 
| 325|0x0000000096500000, 0x0000000096500000, 0x0000000096600000|  0%| F|  |TAMS 0x0000000096500000, 0x0000000096500000| Untracked 
| 326|0x0000000096600000, 0x0000000096600000, 0x0000000096700000|  0%| F|  |TAMS 0x0000000096600000, 0x0000000096600000| Untracked 
| 327|0x0000000096700000, 0x0000000096700000, 0x0000000096800000|  0%| F|  |TAMS 0x0000000096700000, 0x0000000096700000| Untracked 
| 328|0x0000000096800000, 0x0000000096800000, 0x0000000096900000|  0%| F|  |TAMS 0x0000000096800000, 0x0000000096800000| Untracked 
| 329|0x0000000096900000, 0x0000000096900000, 0x0000000096a00000|  0%| F|  |TAMS 0x0000000096900000, 0x0000000096900000| Untracked 
| 330|0x0000000096a00000, 0x0000000096a00000, 0x0000000096b00000|  0%| F|  |TAMS 0x0000000096a00000, 0x0000000096a00000| Untracked 
| 331|0x0000000096b00000, 0x0000000096b00000, 0x0000000096c00000|  0%| F|  |TAMS 0x0000000096b00000, 0x0000000096b00000| Untracked 
| 332|0x0000000096c00000, 0x0000000096c00000, 0x0000000096d00000|  0%| F|  |TAMS 0x0000000096c00000, 0x0000000096c00000| Untracked 
| 333|0x0000000096d00000, 0x0000000096d00000, 0x0000000096e00000|  0%| F|  |TAMS 0x0000000096d00000, 0x0000000096d00000| Untracked 
| 334|0x0000000096e00000, 0x0000000096e00000, 0x0000000096f00000|  0%| F|  |TAMS 0x0000000096e00000, 0x0000000096e00000| Untracked 
| 335|0x0000000096f00000, 0x0000000096f00000, 0x0000000097000000|  0%| F|  |TAMS 0x0000000096f00000, 0x0000000096f00000| Untracked 
| 336|0x0000000097000000, 0x0000000097000000, 0x0000000097100000|  0%| F|  |TAMS 0x0000000097000000, 0x0000000097000000| Untracked 
| 337|0x0000000097100000, 0x0000000097100000, 0x0000000097200000|  0%| F|  |TAMS 0x0000000097100000, 0x0000000097100000| Untracked 
| 338|0x0000000097200000, 0x0000000097200000, 0x0000000097300000|  0%| F|  |TAMS 0x0000000097200000, 0x0000000097200000| Untracked 
| 339|0x0000000097300000, 0x0000000097300000, 0x0000000097400000|  0%| F|  |TAMS 0x0000000097300000, 0x0000000097300000| Untracked 
| 340|0x0000000097400000, 0x0000000097400000, 0x0000000097500000|  0%| F|  |TAMS 0x0000000097400000, 0x0000000097400000| Untracked 
| 341|0x0000000097500000, 0x0000000097500000, 0x0000000097600000|  0%| F|  |TAMS 0x0000000097500000, 0x0000000097500000| Untracked 
| 342|0x0000000097600000, 0x0000000097600000, 0x0000000097700000|  0%| F|  |TAMS 0x0000000097600000, 0x0000000097600000| Untracked 
| 343|0x0000000097700000, 0x0000000097700000, 0x0000000097800000|  0%| F|  |TAMS 0x0000000097700000, 0x0000000097700000| Untracked 
| 344|0x0000000097800000, 0x0000000097800000, 0x0000000097900000|  0%| F|  |TAMS 0x0000000097800000, 0x0000000097800000| Untracked 
| 345|0x0000000097900000, 0x0000000097900000, 0x0000000097a00000|  0%| F|  |TAMS 0x0000000097900000, 0x0000000097900000| Untracked 
| 346|0x0000000097a00000, 0x0000000097a00000, 0x0000000097b00000|  0%| F|  |TAMS 0x0000000097a00000, 0x0000000097a00000| Untracked 
| 347|0x0000000097b00000, 0x0000000097b00000, 0x0000000097c00000|  0%| F|  |TAMS 0x0000000097b00000, 0x0000000097b00000| Untracked 
| 348|0x0000000097c00000, 0x0000000097c00000, 0x0000000097d00000|  0%| F|  |TAMS 0x0000000097c00000, 0x0000000097c00000| Untracked 
| 349|0x0000000097d00000, 0x0000000097d00000, 0x0000000097e00000|  0%| F|  |TAMS 0x0000000097d00000, 0x0000000097d00000| Untracked 
| 350|0x0000000097e00000, 0x0000000097e00000, 0x0000000097f00000|  0%| F|  |TAMS 0x0000000097e00000, 0x0000000097e00000| Untracked 
| 351|0x0000000097f00000, 0x0000000097f00000, 0x0000000098000000|  0%| F|  |TAMS 0x0000000097f00000, 0x0000000097f00000| Untracked 
| 352|0x0000000098000000, 0x0000000098000000, 0x0000000098100000|  0%| F|  |TAMS 0x0000000098000000, 0x0000000098000000| Untracked 
| 353|0x0000000098100000, 0x0000000098100000, 0x0000000098200000|  0%| F|  |TAMS 0x0000000098100000, 0x0000000098100000| Untracked 
| 354|0x0000000098200000, 0x0000000098200000, 0x0000000098300000|  0%| F|  |TAMS 0x0000000098200000, 0x0000000098200000| Untracked 
| 355|0x0000000098300000, 0x0000000098300000, 0x0000000098400000|  0%| F|  |TAMS 0x0000000098300000, 0x0000000098300000| Untracked 
| 356|0x0000000098400000, 0x0000000098400000, 0x0000000098500000|  0%| F|  |TAMS 0x0000000098400000, 0x0000000098400000| Untracked 
| 357|0x0000000098500000, 0x0000000098500000, 0x0000000098600000|  0%| F|  |TAMS 0x0000000098500000, 0x0000000098500000| Untracked 
| 358|0x0000000098600000, 0x0000000098600000, 0x0000000098700000|  0%| F|  |TAMS 0x0000000098600000, 0x0000000098600000| Untracked 
| 359|0x0000000098700000, 0x0000000098700000, 0x0000000098800000|  0%| F|  |TAMS 0x0000000098700000, 0x0000000098700000| Untracked 
| 360|0x0000000098800000, 0x0000000098800000, 0x0000000098900000|  0%| F|  |TAMS 0x0000000098800000, 0x0000000098800000| Untracked 
| 361|0x0000000098900000, 0x0000000098900000, 0x0000000098a00000|  0%| F|  |TAMS 0x0000000098900000, 0x0000000098900000| Untracked 
| 362|0x0000000098a00000, 0x0000000098a00000, 0x0000000098b00000|  0%| F|  |TAMS 0x0000000098a00000, 0x0000000098a00000| Untracked 
| 363|0x0000000098b00000, 0x0000000098b00000, 0x0000000098c00000|  0%| F|  |TAMS 0x0000000098b00000, 0x0000000098b00000| Untracked 
| 364|0x0000000098c00000, 0x0000000098c00000, 0x0000000098d00000|  0%| F|  |TAMS 0x0000000098c00000, 0x0000000098c00000| Untracked 
| 365|0x0000000098d00000, 0x0000000098d00000, 0x0000000098e00000|  0%| F|  |TAMS 0x0000000098d00000, 0x0000000098d00000| Untracked 
| 366|0x0000000098e00000, 0x0000000098e00000, 0x0000000098f00000|  0%| F|  |TAMS 0x0000000098e00000, 0x0000000098e00000| Untracked 
| 367|0x0000000098f00000, 0x0000000098f00000, 0x0000000099000000|  0%| F|  |TAMS 0x0000000098f00000, 0x0000000098f00000| Untracked 
| 368|0x0000000099000000, 0x0000000099000000, 0x0000000099100000|  0%| F|  |TAMS 0x0000000099000000, 0x0000000099000000| Untracked 
| 369|0x0000000099100000, 0x0000000099100000, 0x0000000099200000|  0%| F|  |TAMS 0x0000000099100000, 0x0000000099100000| Untracked 
| 370|0x0000000099200000, 0x0000000099200000, 0x0000000099300000|  0%| F|  |TAMS 0x0000000099200000, 0x0000000099200000| Untracked 
| 371|0x0000000099300000, 0x0000000099300000, 0x0000000099400000|  0%| F|  |TAMS 0x0000000099300000, 0x0000000099300000| Untracked 
| 372|0x0000000099400000, 0x0000000099400000, 0x0000000099500000|  0%| F|  |TAMS 0x0000000099400000, 0x0000000099400000| Untracked 
| 373|0x0000000099500000, 0x000000009957cfd8, 0x0000000099600000| 48%| S|CS|TAMS 0x0000000099500000, 0x0000000099500000| Complete 
| 374|0x0000000099600000, 0x0000000099600000, 0x0000000099700000|  0%| F|  |TAMS 0x0000000099600000, 0x0000000099600000| Untracked 
| 375|0x0000000099700000, 0x0000000099700000, 0x0000000099800000|  0%| F|  |TAMS 0x0000000099700000, 0x0000000099700000| Untracked 
| 376|0x0000000099800000, 0x0000000099800000, 0x0000000099900000|  0%| F|  |TAMS 0x0000000099800000, 0x0000000099800000| Untracked 
| 377|0x0000000099900000, 0x0000000099900000, 0x0000000099a00000|  0%| F|  |TAMS 0x0000000099900000, 0x0000000099900000| Untracked 
| 378|0x0000000099a00000, 0x0000000099a00000, 0x0000000099b00000|  0%| F|  |TAMS 0x0000000099a00000, 0x0000000099a00000| Untracked 
| 379|0x0000000099b00000, 0x0000000099b00000, 0x0000000099c00000|  0%| F|  |TAMS 0x0000000099b00000, 0x0000000099b00000| Untracked 
| 380|0x0000000099c00000, 0x0000000099c00000, 0x0000000099d00000|  0%| F|  |TAMS 0x0000000099c00000, 0x0000000099c00000| Untracked 
| 381|0x0000000099d00000, 0x0000000099d00000, 0x0000000099e00000|  0%| F|  |TAMS 0x0000000099d00000, 0x0000000099d00000| Untracked 
| 382|0x0000000099e00000, 0x0000000099e00000, 0x0000000099f00000|  0%| F|  |TAMS 0x0000000099e00000, 0x0000000099e00000| Untracked 
| 383|0x0000000099f00000, 0x0000000099f00000, 0x000000009a000000|  0%| F|  |TAMS 0x0000000099f00000, 0x0000000099f00000| Untracked 
| 384|0x000000009a000000, 0x000000009a000000, 0x000000009a100000|  0%| F|  |TAMS 0x000000009a000000, 0x000000009a000000| Untracked 
| 385|0x000000009a100000, 0x000000009a100000, 0x000000009a200000|  0%| F|  |TAMS 0x000000009a100000, 0x000000009a100000| Untracked 
| 386|0x000000009a200000, 0x000000009a200000, 0x000000009a300000|  0%| F|  |TAMS 0x000000009a200000, 0x000000009a200000| Untracked 
| 387|0x000000009a300000, 0x000000009a300000, 0x000000009a400000|  0%| F|  |TAMS 0x000000009a300000, 0x000000009a300000| Untracked 
| 388|0x000000009a400000, 0x000000009a400000, 0x000000009a500000|  0%| F|  |TAMS 0x000000009a400000, 0x000000009a400000| Untracked 
| 389|0x000000009a500000, 0x000000009a500000, 0x000000009a600000|  0%| F|  |TAMS 0x000000009a500000, 0x000000009a500000| Untracked 
| 390|0x000000009a600000, 0x000000009a600000, 0x000000009a700000|  0%| F|  |TAMS 0x000000009a600000, 0x000000009a600000| Untracked 
| 391|0x000000009a700000, 0x000000009a700000, 0x000000009a800000|  0%| F|  |TAMS 0x000000009a700000, 0x000000009a700000| Untracked 
| 392|0x000000009a800000, 0x000000009a800000, 0x000000009a900000|  0%| F|  |TAMS 0x000000009a800000, 0x000000009a800000| Untracked 
| 393|0x000000009a900000, 0x000000009a900000, 0x000000009aa00000|  0%| F|  |TAMS 0x000000009a900000, 0x000000009a900000| Untracked 
| 394|0x000000009aa00000, 0x000000009aa00000, 0x000000009ab00000|  0%| F|  |TAMS 0x000000009aa00000, 0x000000009aa00000| Untracked 
| 395|0x000000009ab00000, 0x000000009ab00000, 0x000000009ac00000|  0%| F|  |TAMS 0x000000009ab00000, 0x000000009ab00000| Untracked 
| 396|0x000000009ac00000, 0x000000009ac00000, 0x000000009ad00000|  0%| F|  |TAMS 0x000000009ac00000, 0x000000009ac00000| Untracked 
| 397|0x000000009ad00000, 0x000000009ad00000, 0x000000009ae00000|  0%| F|  |TAMS 0x000000009ad00000, 0x000000009ad00000| Untracked 
| 398|0x000000009ae00000, 0x000000009ae00000, 0x000000009af00000|  0%| F|  |TAMS 0x000000009ae00000, 0x000000009ae00000| Untracked 
| 399|0x000000009af00000, 0x000000009af00000, 0x000000009b000000|  0%| F|  |TAMS 0x000000009af00000, 0x000000009af00000| Untracked 
| 400|0x000000009b000000, 0x000000009b000000, 0x000000009b100000|  0%| F|  |TAMS 0x000000009b000000, 0x000000009b000000| Untracked 
| 401|0x000000009b100000, 0x000000009b100000, 0x000000009b200000|  0%| F|  |TAMS 0x000000009b100000, 0x000000009b100000| Untracked 
| 402|0x000000009b200000, 0x000000009b200000, 0x000000009b300000|  0%| F|  |TAMS 0x000000009b200000, 0x000000009b200000| Untracked 
| 403|0x000000009b300000, 0x000000009b300000, 0x000000009b400000|  0%| F|  |TAMS 0x000000009b300000, 0x000000009b300000| Untracked 
| 404|0x000000009b400000, 0x000000009b400000, 0x000000009b500000|  0%| F|  |TAMS 0x000000009b400000, 0x000000009b400000| Untracked 
| 405|0x000000009b500000, 0x000000009b500000, 0x000000009b600000|  0%| F|  |TAMS 0x000000009b500000, 0x000000009b500000| Untracked 
| 406|0x000000009b600000, 0x000000009b600000, 0x000000009b700000|  0%| F|  |TAMS 0x000000009b600000, 0x000000009b600000| Untracked 
| 407|0x000000009b700000, 0x000000009b700000, 0x000000009b800000|  0%| F|  |TAMS 0x000000009b700000, 0x000000009b700000| Untracked 
| 408|0x000000009b800000, 0x000000009b800000, 0x000000009b900000|  0%| F|  |TAMS 0x000000009b800000, 0x000000009b800000| Untracked 
| 409|0x000000009b900000, 0x000000009b900000, 0x000000009ba00000|  0%| F|  |TAMS 0x000000009b900000, 0x000000009b900000| Untracked 
| 410|0x000000009ba00000, 0x000000009ba00000, 0x000000009bb00000|  0%| F|  |TAMS 0x000000009ba00000, 0x000000009ba00000| Untracked 
| 411|0x000000009bb00000, 0x000000009bb80000, 0x000000009bc00000| 50%| E|  |TAMS 0x000000009bb00000, 0x000000009bb00000| Complete 
| 412|0x000000009bc00000, 0x000000009bc00000, 0x000000009bd00000|  0%| F|  |TAMS 0x000000009bc00000, 0x000000009bc00000| Untracked 

Card table byte_map: [0x00000192b3690000,0x00000192b3a80000] _byte_map_base: 0x00000192b3280000

Marking Bits (Prev, Next): (CMBitMap*) 0x000001929ac7f7b0, (CMBitMap*) 0x000001929ac7f7f0
 Prev Bits: [0x00000192b3e70000, 0x00000192b5df0000)
 Next Bits: [0x00000192b5df0000, 0x00000192b7d70000)

Polling page: 0x00000192a3c40000

Metaspace:

Usage:
  Non-class:     10.98 MB used.
      Class:      1.76 MB used.
       Both:     12.74 MB used.

Virtual space:
  Non-class space:       64.00 MB reserved,      11.12 MB ( 17%) committed,  1 nodes.
      Class space:        1.00 GB reserved,       1.88 MB ( <1%) committed,  1 nodes.
             Both:        1.06 GB reserved,      13.00 MB (  1%) committed. 

Chunk freelists:
   Non-Class:  3.42 MB
       Class:  14.14 MB
        Both:  17.56 MB

MaxMetaspaceSize: unlimited
CompressedClassSpaceSize: 1.00 GB
Initial GC threshold: 21.00 MB
Current GC threshold: 21.56 MB
CDS: on
MetaspaceReclaimPolicy: balanced
 - commit_granule_bytes: 65536.
 - commit_granule_words: 8192.
 - virtual_space_node_default_size: 8388608.
 - enlarge_chunks_in_place: 1.
 - new_chunks_are_fully_committed: 0.
 - uncommit_free_chunks: 1.
 - use_allocation_guard: 0.
 - handle_deallocations: 1.


Internal statistics:

num_allocs_failed_limit: 0.
num_arena_births: 146.
num_arena_deaths: 0.
num_vsnodes_births: 2.
num_vsnodes_deaths: 0.
num_space_committed: 208.
num_space_uncommitted: 0.
num_chunks_returned_to_freelist: 0.
num_chunks_taken_from_freelist: 580.
num_chunk_merges: 0.
num_chunk_splits: 424.
num_chunks_enlarged: 354.
num_purges: 0.
num_inconsistent_stats: 0.

CodeHeap 'non-profiled nmethods': size=120000Kb used=1821Kb max_used=1821Kb free=118178Kb
 bounds [0x00000192ab730000, 0x00000192ab9a0000, 0x00000192b2c60000]
CodeHeap 'profiled nmethods': size=120000Kb used=5772Kb max_used=5772Kb free=114227Kb
 bounds [0x00000192a3c60000, 0x00000192a4210000, 0x00000192ab190000]
CodeHeap 'non-nmethods': size=5760Kb used=1409Kb max_used=1549Kb free=4350Kb
 bounds [0x00000192ab190000, 0x00000192ab400000, 0x00000192ab730000]
 total_blobs=3722 nmethods=2951 adapters=682
 compilation: enabled
              stopped_count=0, restarted_count=0
 full_count=0

Compilation events (20 events):
Event: 14.642 Thread 0x00000192ba3c2fa0 2942       3       java.lang.Character::charCount (12 bytes)
Event: 14.642 Thread 0x00000192ba3c2fa0 nmethod 2942 0x00000192a4200590 code [0x00000192a4200720, 0x00000192a4200898]
Event: 14.642 Thread 0x00000192ba3b70e0 2943       4       java.nio.ByteBuffer::array (35 bytes)
Event: 14.643 Thread 0x00000192ba3b70e0 nmethod 2943 0x00000192ab8f6c90 code [0x00000192ab8f6e00, 0x00000192ab8f6eb8]
Event: 14.645 Thread 0x00000192ba3c2fa0 2944       3       java.lang.invoke.MethodHandleNatives$CallSiteContext::run (5 bytes)
Event: 14.645 Thread 0x00000192ba3c2fa0 nmethod 2944 0x00000192a4200910 code [0x00000192a4200aa0, 0x00000192a4200bc8]
Event: 15.295 Thread 0x00000192ba3c2fa0 2946       3       javafx.beans.property.ReadOnlyObjectPropertyBase::<init> (5 bytes)
Event: 15.296 Thread 0x00000192ba3c2fa0 nmethod 2946 0x00000192a4200c90 code [0x00000192a4200e40, 0x00000192a4201078]
Event: 15.296 Thread 0x00000192ba3c2fa0 2947       3       javafx.collections.ObservableListBase::addListener (13 bytes)
Event: 15.296 Thread 0x00000192ba3c2fa0 nmethod 2947 0x00000192a4201190 code [0x00000192a4201380, 0x00000192a42019b8]
Event: 15.297 Thread 0x00000192ba3c2fa0 2948       1       javafx.scene.Node::isDerivedDepthTest (5 bytes)
Event: 15.297 Thread 0x00000192ba3c2fa0 nmethod 2948 0x00000192ab8f7390 code [0x00000192ab8f7520, 0x00000192ab8f75f8]
Event: 15.298 Thread 0x00000192ba3c2fa0 2949       3       javafx.scene.Node::treeVisibleProperty (24 bytes)
Event: 15.298 Thread 0x00000192ba3c2fa0 nmethod 2949 0x00000192a4201b90 code [0x00000192a4201d60, 0x00000192a42021b8]
Event: 15.298 Thread 0x00000192ba3c2fa0 2950       3       javafx.scene.Node$TreeVisibleProperty::get (13 bytes)
Event: 15.298 Thread 0x00000192ba3c2fa0 nmethod 2950 0x00000192a4202310 code [0x00000192a42024a0, 0x00000192a42025b8]
Event: 15.298 Thread 0x00000192ba3c2fa0 2951       3       java.lang.Character::isHighSurrogate (18 bytes)
Event: 15.298 Thread 0x00000192ba3c2fa0 nmethod 2951 0x00000192a4202690 code [0x00000192a4202820, 0x00000192a42029b8]
Event: 15.298 Thread 0x00000192ba3c2fa0 2952       3       java.nio.CharBuffer::arrayOffset (35 bytes)
Event: 15.298 Thread 0x00000192ba3c2fa0 nmethod 2952 0x00000192a4202a90 code [0x00000192a4202c60, 0x00000192a4202f38]

GC Heap History (14 events):
Event: 0.738 GC heap before
{Heap before GC invocations=0 (full 0):
 garbage-first heap   total 129024K, used 13312K [0x0000000082000000, 0x0000000100000000)
  region size 1024K, 13 young (13312K), 0 survivors (0K)
 Metaspace       used 3252K, committed 3392K, reserved 1114112K
  class space    used 322K, committed 384K, reserved 1048576K
}
Event: 0.742 GC heap after
{Heap after GC invocations=1 (full 0):
 garbage-first heap   total 129024K, used 6485K [0x0000000082000000, 0x0000000100000000)
  region size 1024K, 2 young (2048K), 2 survivors (2048K)
 Metaspace       used 3252K, committed 3392K, reserved 1114112K
  class space    used 322K, committed 384K, reserved 1048576K
}
Event: 1.570 GC heap before
{Heap before GC invocations=1 (full 0):
 garbage-first heap   total 129024K, used 58709K [0x0000000082000000, 0x0000000100000000)
  region size 1024K, 8 young (8192K), 2 survivors (2048K)
 Metaspace       used 5491K, committed 5632K, reserved 1114112K
  class space    used 701K, committed 768K, reserved 1048576K
}
Event: 1.574 GC heap after
{Heap after GC invocations=2 (full 0):
 garbage-first heap   total 129024K, used 54540K [0x0000000082000000, 0x0000000100000000)
  region size 1024K, 1 young (1024K), 1 survivors (1024K)
 Metaspace       used 5491K, committed 5632K, reserved 1114112K
  class space    used 701K, committed 768K, reserved 1048576K
}
Event: 6.368 GC heap before
{Heap before GC invocations=2 (full 0):
 garbage-first heap   total 129024K, used 82188K [0x0000000082000000, 0x0000000100000000)
  region size 1024K, 19 young (19456K), 1 survivors (1024K)
 Metaspace       used 11275K, committed 11456K, reserved 1114112K
  class space    used 1537K, committed 1600K, reserved 1048576K
}
Event: 6.373 GC heap after
{Heap after GC invocations=3 (full 0):
 garbage-first heap   total 129024K, used 67245K [0x0000000082000000, 0x0000000100000000)
  region size 1024K, 3 young (3072K), 3 survivors (3072K)
 Metaspace       used 11275K, committed 11456K, reserved 1114112K
  class space    used 1537K, committed 1600K, reserved 1048576K
}
Event: 8.741 GC heap before
{Heap before GC invocations=4 (full 0):
 garbage-first heap   total 129024K, used 71341K [0x0000000082000000, 0x0000000100000000)
  region size 1024K, 6 young (6144K), 3 survivors (3072K)
 Metaspace       used 11591K, committed 11712K, reserved 1114112K
  class space    used 1541K, committed 1600K, reserved 1048576K
}
Event: 8.748 GC heap after
{Heap after GC invocations=5 (full 0):
 garbage-first heap   total 129024K, used 69609K [0x0000000082000000, 0x0000000100000000)
  region size 1024K, 1 young (1024K), 1 survivors (1024K)
 Metaspace       used 11591K, committed 11712K, reserved 1114112K
  class space    used 1541K, committed 1600K, reserved 1048576K
}
Event: 11.235 GC heap before
{Heap before GC invocations=6 (full 0):
 garbage-first heap   total 252928K, used 151529K [0x0000000082000000, 0x0000000100000000)
  region size 1024K, 4 young (4096K), 1 survivors (1024K)
 Metaspace       used 11785K, committed 11968K, reserved 1114112K
  class space    used 1586K, committed 1664K, reserved 1048576K
}
Event: 11.236 GC heap after
{Heap after GC invocations=7 (full 0):
 garbage-first heap   total 252928K, used 149252K [0x0000000082000000, 0x0000000100000000)
  region size 1024K, 1 young (1024K), 1 survivors (1024K)
 Metaspace       used 11785K, committed 11968K, reserved 1114112K
  class space    used 1586K, committed 1664K, reserved 1048576K
}
Event: 13.194 GC heap before
{Heap before GC invocations=8 (full 0):
 garbage-first heap   total 386048K, used 233220K [0x0000000082000000, 0x0000000100000000)
  region size 1024K, 6 young (6144K), 1 survivors (1024K)
 Metaspace       used 12779K, committed 13056K, reserved 1114112K
  class space    used 1743K, committed 1856K, reserved 1048576K
}
Event: 13.207 GC heap after
{Heap after GC invocations=9 (full 0):
 garbage-first heap   total 386048K, used 149519K [0x0000000082000000, 0x0000000100000000)
  region size 1024K, 1 young (1024K), 1 survivors (1024K)
 Metaspace       used 12779K, committed 13056K, reserved 1114112K
  class space    used 1743K, committed 1856K, reserved 1048576K
}
Event: 14.643 GC heap before
{Heap before GC invocations=9 (full 0):
 garbage-first heap   total 386048K, used 231439K [0x0000000082000000, 0x0000000100000000)
  region size 1024K, 4 young (4096K), 1 survivors (1024K)
 Metaspace       used 13022K, committed 13248K, reserved 1114112K
  class space    used 1794K, committed 1920K, reserved 1048576K
}
Event: 14.644 GC heap after
{Heap after GC invocations=10 (full 0):
 garbage-first heap   total 386048K, used 229502K [0x0000000082000000, 0x0000000100000000)
  region size 1024K, 1 young (1024K), 1 survivors (1024K)
 Metaspace       used 13022K, committed 13248K, reserved 1114112K
  class space    used 1794K, committed 1920K, reserved 1048576K
}

Deoptimization events (20 events):
Event: 12.526 Thread 0x0000019280319230 Uncommon trap: trap_request=0xffffff45 fr.pc=0x00000192ab840c54 relative=0x00000000000005d4
Event: 12.526 Thread 0x0000019280319230 Uncommon trap: reason=unstable_if action=reinterpret pc=0x00000192ab840c54 method=com.sun.javafx.geom.transform.AffineBase.updateState2D()V @ 51 c2
Event: 12.526 Thread 0x0000019280319230 DEOPT PACKING pc=0x00000192ab840c54 sp=0x0000001c8b1feae0
Event: 12.526 Thread 0x0000019280319230 DEOPT UNPACKING pc=0x00000192ab1e23a3 sp=0x0000001c8b1fe9b8 mode 2
Event: 12.526 Thread 0x0000019280319230 Uncommon trap: trap_request=0xffffff45 fr.pc=0x00000192ab83745c relative=0x000000000000027c
Event: 12.526 Thread 0x0000019280319230 Uncommon trap: reason=unstable_if action=reinterpret pc=0x00000192ab83745c method=com.sun.javafx.geom.transform.AffineBase.updateState2D()V @ 51 c2
Event: 12.526 Thread 0x0000019280319230 DEOPT PACKING pc=0x00000192ab83745c sp=0x0000001c8b1feb70
Event: 12.526 Thread 0x0000019280319230 DEOPT UNPACKING pc=0x00000192ab1e23a3 sp=0x0000001c8b1feb08 mode 2
Event: 13.790 Thread 0x00000192804827e0 Uncommon trap: trap_request=0xffffff45 fr.pc=0x00000192ab7ecdc4 relative=0x00000000000001a4
Event: 13.790 Thread 0x00000192804827e0 Uncommon trap: reason=unstable_if action=reinterpret pc=0x00000192ab7ecdc4 method=java.util.WeakHashMap.expungeStaleEntries()V @ 9 c2
Event: 13.790 Thread 0x00000192804827e0 DEOPT PACKING pc=0x00000192ab7ecdc4 sp=0x0000001c8b3fc9e0
Event: 13.790 Thread 0x00000192804827e0 DEOPT UNPACKING pc=0x00000192ab1e23a3 sp=0x0000001c8b3fc978 mode 2
Event: 13.793 Thread 0x00000192804827e0 Uncommon trap: trap_request=0xffffffc6 fr.pc=0x00000192ab80de40 relative=0x00000000000007e0
Event: 13.793 Thread 0x00000192804827e0 Uncommon trap: reason=bimorphic_or_optimized_type_check action=maybe_recompile pc=0x00000192ab80de40 method=javafx.scene.Node.getGeomBounds(Lcom/sun/javafx/geom/BaseBounds;Lcom/sun/javafx/geom/transform/BaseTransform;)Lcom/sun/javafx/geom/BaseBounds; @ 21
Event: 13.793 Thread 0x00000192804827e0 DEOPT PACKING pc=0x00000192ab80de40 sp=0x0000001c8b3facc0
Event: 13.793 Thread 0x00000192804827e0 DEOPT UNPACKING pc=0x00000192ab1e23a3 sp=0x0000001c8b3fac68 mode 2
Event: 14.466 Thread 0x00000192804827e0 Uncommon trap: trap_request=0xffffffde fr.pc=0x00000192ab7fb848 relative=0x00000000000010e8
Event: 14.466 Thread 0x00000192804827e0 Uncommon trap: reason=class_check action=maybe_recompile pc=0x00000192ab7fb848 method=javafx.scene.Node.updateLocalToParentTransform()V @ 209 c2
Event: 14.466 Thread 0x00000192804827e0 DEOPT PACKING pc=0x00000192ab7fb848 sp=0x0000001c8b3fd8c0
Event: 14.466 Thread 0x00000192804827e0 DEOPT UNPACKING pc=0x00000192ab1e23a3 sp=0x0000001c8b3fd838 mode 2

Classes unloaded (0 events):
No events

Classes redefined (0 events):
No events

Internal exceptions (20 events):
Event: 0.664 Thread 0x00000192ba71efc0 Exception <a 'java/lang/NoSuchMethodError'{0x000000008924a2d8}: 'int java.lang.invoke.DirectMethodHandle$Holder.invokeStaticInit(java.lang.Object, java.lang.Object, java.lang.Object)'> (0x000000008924a2d8) 
thrown [s\open\src\hotspot\share\interpreter\linkResolver.cpp, line 759]
Event: 0.684 Thread 0x00000192ba71efc0 Exception <a 'java/lang/NoSuchMethodError'{0x00000000892e9788}: 'java.lang.Object java.lang.invoke.DirectMethodHandle$Holder.newInvokeSpecial(java.lang.Object, java.lang.Object, int, java.lang.Object)'> (0x00000000892e9788) 
thrown [s\open\src\hotspot\share\interpreter\linkResolver.cpp, line 759]
Event: 0.684 Thread 0x00000192ba71efc0 Exception <a 'java/lang/NoSuchMethodError'{0x00000000892ed8c0}: 'java.lang.Object java.lang.invoke.DirectMethodHandle$Holder.invokeSpecial(java.lang.Object, java.lang.Object, java.lang.Object, int, java.lang.Object)'> (0x00000000892ed8c0) 
thrown [s\open\src\hotspot\share\interpreter\linkResolver.cpp, line 759]
Event: 0.758 Thread 0x00000192804827e0 Exception <a 'java/lang/NoSuchMethodError'{0x0000000089c10cd8}: 'void java.lang.invoke.DirectMethodHandle$Holder.invokeStaticInit(java.lang.Object)'> (0x0000000089c10cd8) 
thrown [s\open\src\hotspot\share\interpreter\linkResolver.cpp, line 759]
Event: 0.763 Thread 0x00000192ba71efc0 Exception <a 'java/lang/NoSuchMethodError'{0x0000000089c44838}: 'void java.lang.invoke.DirectMethodHandle$Holder.invokeStatic(java.lang.Object, java.lang.Object, java.lang.Object, java.lang.Object)'> (0x0000000089c44838) 
thrown [s\open\src\hotspot\share\interpreter\linkResolver.cpp, line 759]
Event: 0.907 Thread 0x00000192804827e0 Exception <a 'java/lang/NoSuchMethodError'{0x0000000089929270}: 'java.lang.Object java.lang.invoke.DirectMethodHandle$Holder.invokeStaticInit(java.lang.Object, java.lang.Object, java.lang.Object, java.lang.Object)'> (0x0000000089929270) 
thrown [s\open\src\hotspot\share\interpreter\linkResolver.cpp, line 759]
Event: 1.544 Thread 0x00000192804827e0 Exception <a 'java/lang/NullPointerException'{0x00000000898840a8}> (0x00000000898840a8) 
thrown [s\open\src\hotspot\share\interpreter\linkResolver.cpp, line 1350]
Event: 1.693 Thread 0x00000192804827e0 Exception <a 'java/lang/NoSuchMethodError'{0x0000000089d5d5c8}: 'java.lang.Object java.lang.invoke.DirectMethodHandle$Holder.invokeInterface(java.lang.Object, java.lang.Object)'> (0x0000000089d5d5c8) 
thrown [s\open\src\hotspot\share\interpreter\linkResolver.cpp, line 759]
Event: 1.881 Thread 0x00000192804827e0 Exception <a 'java/lang/NoSuchMethodError'{0x000000008982c250}: 'void java.lang.invoke.DirectMethodHandle$Holder.invokeStaticInit(java.lang.Object, java.lang.Object)'> (0x000000008982c250) 
thrown [s\open\src\hotspot\share\interpreter\linkResolver.cpp, line 759]
Event: 1.968 Thread 0x00000192804827e0 Implicit null exception at 0x00000192ab78f18f to 0x00000192ab78f5d4
Event: 1.968 Thread 0x00000192804827e0 Implicit null exception at 0x00000192ab78d78e to 0x00000192ab78d9e8
Event: 2.196 Thread 0x00000192804827e0 Exception <a 'java/lang/NoSuchMethodError'{0x0000000089125908}: 'void java.lang.invoke.DirectMethodHandle$Holder.invokeSpecial(java.lang.Object, java.lang.Object, java.lang.Object, java.lang.Object, java.lang.Object)'> (0x0000000089125908) 
thrown [s\open\src\hotspot\share\interpreter\linkResolver.cpp, line 759]
Event: 2.203 Thread 0x00000192804827e0 Exception <a 'java/lang/NoSuchMethodError'{0x000000008914ac30}: 'java.lang.Object java.lang.invoke.DirectMethodHandle$Holder.invokeInterface(java.lang.Object, java.lang.Object, java.lang.Object)'> (0x000000008914ac30) 
thrown [s\open\src\hotspot\share\interpreter\linkResolver.cpp, line 759]
Event: 2.203 Thread 0x00000192804827e0 Exception <a 'java/lang/IncompatibleClassChangeError'{0x000000008914e5b8}: Found class java.lang.Object, but interface was expected> (0x000000008914e5b8) 
thrown [s\open\src\hotspot\share\interpreter\linkResolver.cpp, line 826]
Event: 2.289 Thread 0x00000192804827e0 Exception <a 'java/lang/NoSuchMethodError'{0x00000000890b7070}: 'java.lang.Object java.lang.invoke.DirectMethodHandle$Holder.newInvokeSpecial(java.lang.Object, java.lang.Object, int)'> (0x00000000890b7070) 
thrown [s\open\src\hotspot\share\interpreter\linkResolver.cpp, line 759]
Event: 2.337 Thread 0x00000192804827e0 Exception <a 'java/lang/NoSuchMethodError'{0x00000000890d0ee0}: 'long java.lang.invoke.DirectMethodHandle$Holder.invokeStatic(java.lang.Object, java.lang.Object, java.lang.Object)'> (0x00000000890d0ee0) 
thrown [s\open\src\hotspot\share\interpreter\linkResolver.cpp, line 759]
Event: 2.338 Thread 0x00000192804827e0 Exception <a 'java/lang/NoSuchMethodError'{0x00000000890d4c50}: 'long java.lang.invoke.DirectMethodHandle$Holder.invokeStaticInit(java.lang.Object, java.lang.Object, java.lang.Object)'> (0x00000000890d4c50) 
thrown [s\open\src\hotspot\share\interpreter\linkResolver.cpp, line 759]
Event: 2.355 Thread 0x00000192804827e0 Exception <a 'java/lang/NoSuchMethodError'{0x00000000890ecaf8}: 'java.lang.Object java.lang.invoke.DirectMethodHandle$Holder.newInvokeSpecial(java.lang.Object, java.lang.Object, long)'> (0x00000000890ecaf8) 
thrown [s\open\src\hotspot\share\interpreter\linkResolver.cpp, line 759]
Event: 2.356 Thread 0x00000192804827e0 Exception <a 'java/lang/NoSuchMethodError'{0x00000000890f0668}: 'java.lang.Object java.lang.invoke.Invokers$Holder.linkToTargetMethod(java.lang.Object, long, java.lang.Object)'> (0x00000000890f0668) 
thrown [s\open\src\hotspot\share\interpreter\linkResolver.cpp, line 759]
Event: 2.390 Thread 0x0000019280319230 Exception <a 'java/lang/NoSuchMethodError'{0x0000000088f5a208}: 'int java.lang.invoke.DirectMethodHandle$Holder.invokeStaticInit(java.lang.Object, java.lang.Object)'> (0x0000000088f5a208) 
thrown [s\open\src\hotspot\share\interpreter\linkResolver.cpp, line 759]

VM Operations (20 events):
Event: 11.253 Executing VM operation: G1Concurrent
Event: 11.311 Executing VM operation: G1Concurrent done
Event: 11.317 Executing VM operation: G1Concurrent
Event: 11.317 Executing VM operation: G1Concurrent done
Event: 11.947 Executing VM operation: HandshakeAllThreads
Event: 11.947 Executing VM operation: HandshakeAllThreads done
Event: 12.518 Executing VM operation: HandshakeAllThreads
Event: 12.518 Executing VM operation: HandshakeAllThreads done
Event: 12.518 Executing VM operation: Cleanup
Event: 12.519 Executing VM operation: Cleanup done
Event: 13.194 Executing VM operation: G1TryInitiateConcMark
Event: 13.208 Executing VM operation: G1TryInitiateConcMark done
Event: 14.212 Executing VM operation: Cleanup
Event: 14.213 Executing VM operation: Cleanup done
Event: 14.643 Executing VM operation: G1TryInitiateConcMark
Event: 14.644 Executing VM operation: G1TryInitiateConcMark done
Event: 14.664 Executing VM operation: G1Concurrent
Event: 14.674 Executing VM operation: G1Concurrent done
Event: 14.680 Executing VM operation: G1Concurrent
Event: 14.680 Executing VM operation: G1Concurrent done

Events (20 events):
Event: 11.927 loading class jdk/internal/icu/impl/Trie2_16
Event: 11.927 loading class jdk/internal/icu/impl/Trie2
Event: 11.927 loading class jdk/internal/icu/impl/Trie2 done
Event: 11.927 loading class jdk/internal/icu/impl/Trie2_16 done
Event: 11.927 loading class jdk/internal/icu/impl/Trie2$1
Event: 11.927 loading class jdk/internal/icu/impl/Trie2$ValueMapper
Event: 11.927 loading class jdk/internal/icu/impl/Trie2$ValueMapper done
Event: 11.927 loading class jdk/internal/icu/impl/Trie2$1 done
Event: 11.927 loading class jdk/internal/icu/impl/Trie2$UTrie2Header
Event: 11.927 loading class jdk/internal/icu/impl/Trie2$UTrie2Header done
Event: 11.929 Thread 0x0000019291c74010 Thread added: 0x0000019291c74010
Event: 11.931 loading class jdk/internal/icu/text/UTF16
Event: 11.931 loading class jdk/internal/icu/text/UTF16 done
Event: 11.931 loading class jdk/internal/icu/text/BidiLine
Event: 11.931 loading class jdk/internal/icu/text/BidiLine done
Event: 12.278 Thread 0x0000019291c74010 Thread exited: 0x0000019291c74010
Event: 13.042 loading class java/io/UnsupportedEncodingException
Event: 13.043 loading class java/io/UnsupportedEncodingException done
Event: 13.797 Thread 0x0000019291c74010 Thread added: 0x0000019291c74010
Event: 14.270 Thread 0x0000019291c74010 Thread exited: 0x0000019291c74010


Dynamic libraries:
0x00007ff6ae9b0000 - 0x00007ff6ae9c0000 	C:\Program Files\Java\jdk-17\bin\java.exe
0x00007ffbadbb0000 - 0x00007ffbadda8000 	C:\Windows\SYSTEM32\ntdll.dll
0x00007ffbabbd0000 - 0x00007ffbabc92000 	C:\Windows\System32\KERNEL32.DLL
0x00007ffbab4d0000 - 0x00007ffbab7c6000 	C:\Windows\System32\KERNELBASE.dll
0x00007ffbab7d0000 - 0x00007ffbab8d0000 	C:\Windows\System32\ucrtbase.dll
0x00007ffba4e20000 - 0x00007ffba4e39000 	C:\Program Files\Java\jdk-17\bin\jli.dll
0x00007ffbad0d0000 - 0x00007ffbad181000 	C:\Windows\System32\ADVAPI32.dll
0x00007ffbabdf0000 - 0x00007ffbabe8e000 	C:\Windows\System32\msvcrt.dll
0x00007ffbac300000 - 0x00007ffbac39f000 	C:\Windows\System32\sechost.dll
0x00007ffbad3c0000 - 0x00007ffbad4e3000 	C:\Windows\System32\RPCRT4.dll
0x00007ffba4dd0000 - 0x00007ffba4deb000 	C:\Program Files\Java\jdk-17\bin\VCRUNTIME140.dll
0x00007ffbab4a0000 - 0x00007ffbab4c7000 	C:\Windows\System32\bcrypt.dll
0x00007ffbad4f0000 - 0x00007ffbad68d000 	C:\Windows\System32\USER32.dll
0x00007ffbab950000 - 0x00007ffbab972000 	C:\Windows\System32\win32u.dll
0x00007ffb99c30000 - 0x00007ffb99eca000 	C:\Windows\WinSxS\amd64_microsoft.windows.common-controls_6595b64144ccf1df_6.0.19041.5915_none_60b4b9d171f9c7c7\COMCTL32.dll
0x00007ffbad040000 - 0x00007ffbad06b000 	C:\Windows\System32\GDI32.dll
0x00007ffbab380000 - 0x00007ffbab499000 	C:\Windows\System32\gdi32full.dll
0x00007ffbab980000 - 0x00007ffbaba1d000 	C:\Windows\System32\msvcp_win.dll
0x00007ffba3c30000 - 0x00007ffba3c3a000 	C:\Windows\SYSTEM32\VERSION.dll
0x00007ffbabdc0000 - 0x00007ffbabdef000 	C:\Windows\System32\IMM32.DLL
0x00007ffba6210000 - 0x00007ffba621c000 	C:\Program Files\Java\jdk-17\bin\vcruntime140_1.dll
0x00007ffb7dc00000 - 0x00007ffb7dc8e000 	C:\Program Files\Java\jdk-17\bin\msvcp140.dll
0x00007ffb229d0000 - 0x00007ffb235ae000 	C:\Program Files\Java\jdk-17\bin\server\jvm.dll
0x00007ffbad3b0000 - 0x00007ffbad3b8000 	C:\Windows\System32\PSAPI.DLL
0x00007ffb98d40000 - 0x00007ffb98d49000 	C:\Windows\SYSTEM32\WSOCK32.dll
0x00007ffb991b0000 - 0x00007ffb991d7000 	C:\Windows\SYSTEM32\WINMM.dll
0x00007ffbad340000 - 0x00007ffbad3ab000 	C:\Windows\System32\WS2_32.dll
0x00007ffba9a20000 - 0x00007ffba9a32000 	C:\Windows\SYSTEM32\kernel.appcore.dll
0x00007ffba4ce0000 - 0x00007ffba4cea000 	C:\Program Files\Java\jdk-17\bin\jimage.dll
0x00007ffba8f50000 - 0x00007ffba9151000 	C:\Windows\SYSTEM32\DBGHELP.DLL
0x00007ffb8bfa0000 - 0x00007ffb8bfd4000 	C:\Windows\SYSTEM32\dbgcore.DLL
0x00007ffbab240000 - 0x00007ffbab2c2000 	C:\Windows\System32\bcryptPrimitives.dll
0x00007ffba45e0000 - 0x00007ffba4605000 	C:\Program Files\Java\jdk-17\bin\java.dll
0x00007ffb78990000 - 0x00007ffb78a67000 	C:\Program Files\Java\jdk-17\bin\jsvml.dll
0x00007ffbac760000 - 0x00007ffbacece000 	C:\Windows\System32\SHELL32.dll
0x00007ffba9260000 - 0x00007ffba9a04000 	C:\Windows\SYSTEM32\windows.storage.dll
0x00007ffbac400000 - 0x00007ffbac753000 	C:\Windows\System32\combase.dll
0x00007ffbaac70000 - 0x00007ffbaac9b000 	C:\Windows\SYSTEM32\Wldp.dll
0x00007ffbacf70000 - 0x00007ffbad03d000 	C:\Windows\System32\OLEAUT32.dll
0x00007ffbad910000 - 0x00007ffbad9bd000 	C:\Windows\System32\SHCORE.dll
0x00007ffbad8b0000 - 0x00007ffbad90b000 	C:\Windows\System32\shlwapi.dll
0x00007ffbab170000 - 0x00007ffbab194000 	C:\Windows\SYSTEM32\profapi.dll
0x00007ffba4cc0000 - 0x00007ffba4cd9000 	C:\Program Files\Java\jdk-17\bin\net.dll
0x00007ffba21c0000 - 0x00007ffba22ca000 	C:\Windows\SYSTEM32\WINHTTP.dll
0x00007ffbaa9b0000 - 0x00007ffbaaa1a000 	C:\Windows\system32\mswsock.dll
0x00007ffba3a00000 - 0x00007ffba3a16000 	C:\Program Files\Java\jdk-17\bin\nio.dll
0x00007ffba3560000 - 0x00007ffba3578000 	C:\Program Files\Java\jdk-17\bin\zip.dll
0x00000192ba920000 - 0x00000192ba923000 	C:\javafx-sdk-21.0.7\bin\api-ms-win-core-console-l1-1-0.dll
0x00000192ba930000 - 0x00000192ba933000 	C:\javafx-sdk-21.0.7\bin\api-ms-win-core-console-l1-2-0.dll
0x00000192ba940000 - 0x00000192ba943000 	C:\javafx-sdk-21.0.7\bin\api-ms-win-core-datetime-l1-1-0.dll
0x00000192ba950000 - 0x00000192ba953000 	C:\javafx-sdk-21.0.7\bin\api-ms-win-core-debug-l1-1-0.dll
0x00000192ba960000 - 0x00000192ba963000 	C:\javafx-sdk-21.0.7\bin\api-ms-win-core-errorhandling-l1-1-0.dll
0x00000192ba970000 - 0x00000192ba974000 	C:\javafx-sdk-21.0.7\bin\api-ms-win-core-file-l1-1-0.dll
0x00000192ba980000 - 0x00000192ba983000 	C:\javafx-sdk-21.0.7\bin\api-ms-win-core-file-l1-2-0.dll
0x00000192ba990000 - 0x00000192ba993000 	C:\javafx-sdk-21.0.7\bin\api-ms-win-core-file-l2-1-0.dll
0x00000192ba9a0000 - 0x00000192ba9a3000 	C:\javafx-sdk-21.0.7\bin\api-ms-win-core-handle-l1-1-0.dll
0x00000192ba9b0000 - 0x00000192ba9b3000 	C:\javafx-sdk-21.0.7\bin\api-ms-win-core-heap-l1-1-0.dll
0x00000192ba9c0000 - 0x00000192ba9c3000 	C:\javafx-sdk-21.0.7\bin\api-ms-win-core-interlocked-l1-1-0.dll
0x00000192ba9d0000 - 0x00000192ba9d3000 	C:\javafx-sdk-21.0.7\bin\api-ms-win-core-libraryloader-l1-1-0.dll
0x00000192ba9e0000 - 0x00000192ba9e3000 	C:\javafx-sdk-21.0.7\bin\api-ms-win-core-localization-l1-2-0.dll
0x00000192ba9f0000 - 0x00000192ba9f3000 	C:\javafx-sdk-21.0.7\bin\api-ms-win-core-memory-l1-1-0.dll
0x00000192baa00000 - 0x00000192baa03000 	C:\javafx-sdk-21.0.7\bin\api-ms-win-core-namedpipe-l1-1-0.dll
0x00000192baa10000 - 0x00000192baa13000 	C:\javafx-sdk-21.0.7\bin\api-ms-win-core-processenvironment-l1-1-0.dll
0x00000192baa20000 - 0x00000192baa23000 	C:\javafx-sdk-21.0.7\bin\api-ms-win-core-processthreads-l1-1-0.dll
0x00000192baa30000 - 0x00000192baa33000 	C:\javafx-sdk-21.0.7\bin\api-ms-win-core-processthreads-l1-1-1.dll
0x00000192baa40000 - 0x00000192baa43000 	C:\javafx-sdk-21.0.7\bin\api-ms-win-core-profile-l1-1-0.dll
0x00000192baa50000 - 0x00000192baa53000 	C:\javafx-sdk-21.0.7\bin\api-ms-win-core-rtlsupport-l1-1-0.dll
0x00000192baa60000 - 0x00000192baa63000 	C:\javafx-sdk-21.0.7\bin\api-ms-win-core-string-l1-1-0.dll
0x00000192baa70000 - 0x00000192baa73000 	C:\javafx-sdk-21.0.7\bin\api-ms-win-core-synch-l1-1-0.dll
0x00000192baa80000 - 0x00000192baa83000 	C:\javafx-sdk-21.0.7\bin\api-ms-win-core-synch-l1-2-0.dll
0x00000192baa90000 - 0x00000192baa93000 	C:\javafx-sdk-21.0.7\bin\api-ms-win-core-sysinfo-l1-1-0.dll
0x00000192baaa0000 - 0x00000192baaa3000 	C:\javafx-sdk-21.0.7\bin\api-ms-win-core-timezone-l1-1-0.dll
0x00000192baab0000 - 0x00000192baab3000 	C:\javafx-sdk-21.0.7\bin\api-ms-win-core-util-l1-1-0.dll
0x00000192baac0000 - 0x00000192baac3000 	C:\javafx-sdk-21.0.7\bin\api-ms-win-crt-conio-l1-1-0.dll
0x00000192baad0000 - 0x00000192baad4000 	C:\javafx-sdk-21.0.7\bin\api-ms-win-crt-convert-l1-1-0.dll
0x00000192baae0000 - 0x00000192baae3000 	C:\javafx-sdk-21.0.7\bin\api-ms-win-crt-environment-l1-1-0.dll
0x00000192baaf0000 - 0x00000192baaf3000 	C:\javafx-sdk-21.0.7\bin\api-ms-win-crt-filesystem-l1-1-0.dll
0x00000192bab00000 - 0x00000192bab03000 	C:\javafx-sdk-21.0.7\bin\api-ms-win-crt-heap-l1-1-0.dll
0x00000192bab10000 - 0x00000192bab13000 	C:\javafx-sdk-21.0.7\bin\api-ms-win-crt-locale-l1-1-0.dll
0x00000192bab20000 - 0x00000192bab25000 	C:\javafx-sdk-21.0.7\bin\api-ms-win-crt-math-l1-1-0.dll
0x00000192bab30000 - 0x00000192bab35000 	C:\javafx-sdk-21.0.7\bin\api-ms-win-crt-multibyte-l1-1-0.dll
0x00000192bab40000 - 0x00000192bab50000 	C:\javafx-sdk-21.0.7\bin\api-ms-win-crt-private-l1-1-0.dll
0x00000192bab50000 - 0x00000192bab53000 	C:\javafx-sdk-21.0.7\bin\api-ms-win-crt-process-l1-1-0.dll
0x00000192bab60000 - 0x00000192bab64000 	C:\javafx-sdk-21.0.7\bin\api-ms-win-crt-runtime-l1-1-0.dll
0x00000192bab70000 - 0x00000192bab74000 	C:\javafx-sdk-21.0.7\bin\api-ms-win-crt-stdio-l1-1-0.dll
0x00000192bab80000 - 0x00000192bab84000 	C:\javafx-sdk-21.0.7\bin\api-ms-win-crt-string-l1-1-0.dll
0x00000192bab90000 - 0x00000192bab93000 	C:\javafx-sdk-21.0.7\bin\api-ms-win-crt-time-l1-1-0.dll
0x00000192baba0000 - 0x00000192baba3000 	C:\javafx-sdk-21.0.7\bin\api-ms-win-crt-utility-l1-1-0.dll
0x00007ffb64380000 - 0x00007ffb6447c000 	C:\javafx-sdk-21.0.7\bin\ucrtbase.dll
0x00007ffb89b00000 - 0x00007ffb89b1b000 	C:\javafx-sdk-21.0.7\bin\vcruntime140.dll
0x00007ffba45d0000 - 0x00007ffba45dc000 	C:\javafx-sdk-21.0.7\bin\vcruntime140_1.dll
0x00007ffb7dab0000 - 0x00007ffb7db3e000 	C:\javafx-sdk-21.0.7\bin\msvcp140.dll
0x00007ffb8b960000 - 0x00007ffb8b969000 	C:\javafx-sdk-21.0.7\bin\msvcp140_1.dll
0x00007ffb881e0000 - 0x00007ffb88221000 	C:\javafx-sdk-21.0.7\bin\msvcp140_2.dll
0x00007ffb86240000 - 0x00007ffb86270000 	C:\javafx-sdk-21.0.7\bin\prism_d3d.dll
0x00007ffb63b70000 - 0x00007ffb63d41000 	C:\Windows\system32\d3d9.dll
0x00007ffba8ba0000 - 0x00007ffba8bcf000 	C:\Windows\SYSTEM32\dwmapi.dll
0x00007ffba8110000 - 0x00007ffba81ae000 	C:\Windows\system32\uxtheme.dll
0x00007ffb4ab50000 - 0x00007ffb4acb5000 	C:\Windows\System32\DriverStore\FileRepository\iigd_dch.inf_amd64_4de65d949492707a\igdumdim64.dll
0x00007ffbad9c0000 - 0x00007ffbadaeb000 	C:\Windows\System32\ole32.dll
0x00007ffb43740000 - 0x00007ffb473cb000 	C:\Windows\System32\DriverStore\FileRepository\iigd_dch.inf_amd64_4de65d949492707a\igd9dxva64.dll
0x00007ffbabe90000 - 0x00007ffbac300000 	C:\Windows\System32\SETUPAPI.dll
0x00007ffbabb80000 - 0x00007ffbabbce000 	C:\Windows\System32\cfgmgr32.dll
0x00007ffb9ec70000 - 0x00007ffb9efa6000 	C:\Windows\System32\DriverStore\FileRepository\iigd_dch.inf_amd64_4de65d949492707a\igdgmm64.dll
0x00007ffb85b40000 - 0x00007ffb85b82000 	C:\javafx-sdk-21.0.7\bin\glass.dll
0x00007ffbad6b0000 - 0x00007ffbad78a000 	C:\Windows\System32\COMDLG32.dll
0x00007ffbad790000 - 0x00007ffbad8a5000 	C:\Windows\System32\MSCTF.dll
0x00007ffb7a850000 - 0x00007ffb7a877000 	C:\Windows\System32\DriverStore\FileRepository\iigd_dch.inf_amd64_4de65d949492707a\igdinfo64.dll
0x00007ffb9bee0000 - 0x00007ffb9ec6f000 	C:\Windows\System32\DriverStore\FileRepository\iigd_dch.inf_amd64_4de65d949492707a\igc64.dll
0x00007ffba0840000 - 0x00007ffba087b000 	C:\Windows\SYSTEM32\dxcore.dll
0x00007ffb88f40000 - 0x00007ffb88f55000 	C:\javafx-sdk-21.0.7\bin\javafx_font.dll
0x00007ffb8a570000 - 0x00007ffb8a7ef000 	C:\Windows\SYSTEM32\dwrite.dll
0x00007ffbabca0000 - 0x00007ffbabd49000 	C:\Windows\System32\clbcatq.dll
0x00007ffba7d90000 - 0x00007ffba7f46000 	C:\Windows\SYSTEM32\WindowsCodecs.dll
0x00007ffb854b0000 - 0x00007ffb854ee000 	C:\Windows\system32\dataexchange.dll
0x00007ffba5f50000 - 0x00007ffba6134000 	C:\Windows\system32\dcomp.dll
0x00007ffba5cc0000 - 0x00007ffba5f24000 	C:\Windows\system32\d3d11.dll
0x00007ffba9a90000 - 0x00007ffba9b86000 	C:\Windows\system32\dxgi.dll
0x00007ffba2b60000 - 0x00007ffba2d63000 	C:\Windows\system32\twinapi.appcore.dll
0x00007ffb85cc0000 - 0x00007ffb85cf4000 	C:\Program Files\Common Files\Microsoft Shared\Ink\rtscom.dll
0x00007ffb91a20000 - 0x00007ffb91b19000 	C:\Windows\SYSTEM32\textinputframework.dll
0x00007ffba67c0000 - 0x00007ffba6b1b000 	C:\Windows\System32\CoreUIComponents.dll
0x00007ffba6eb0000 - 0x00007ffba6fa2000 	C:\Windows\System32\CoreMessaging.dll
0x00007ffbaa4a0000 - 0x00007ffbaa4d3000 	C:\Windows\SYSTEM32\ntmarta.dll
0x00007ffba7350000 - 0x00007ffba74a7000 	C:\Windows\SYSTEM32\wintypes.dll
0x00007ffb85830000 - 0x00007ffb85896000 	C:\Windows\system32\Oleacc.dll

dbghelp: loaded successfully - version: 4.0.5 - missing functions: none
symbol engine: initialized successfully - sym options: 0x614 - pdb path: .;C:\Program Files\Java\jdk-17\bin;C:\Windows\SYSTEM32;C:\Windows\WinSxS\amd64_microsoft.windows.common-controls_6595b64144ccf1df_6.0.19041.5915_none_60b4b9d171f9c7c7;C:\Program Files\Java\jdk-17\bin\server;C:\javafx-sdk-21.0.7\bin;C:\Windows\System32\DriverStore\FileRepository\iigd_dch.inf_amd64_4de65d949492707a;C:\Program Files\Common Files\Microsoft Shared\Ink

VM Arguments:
jvm_args: -XX:+ShowCodeDetailsInExceptionMessages 
java_command: com.login.Main
java_class_path (initial): D:\Civita\Civita user and login pages\loginpage\target\classes;c:\javafx-sdk-21.0.7\lib\javafx.base.jar;c:\javafx-sdk-21.0.7\lib\javafx.controls.jar;c:\javafx-sdk-21.0.7\lib\javafx.fxml.jar;c:\javafx-sdk-21.0.7\lib\javafx.graphics.jar;c:\javafx-sdk-21.0.7\lib\javafx.media.jar;c:\javafx-sdk-21.0.7\lib\javafx.swing.jar;c:\javafx-sdk-21.0.7\lib\javafx.web.jar;c:\javafx-sdk-21.0.7\lib\javafx-swt.jar;c:\javafx-sdk-21.0.7\lib\json-20230618.jar;c:\Users\Dell\.m2\repository\com\google\firebase\firebase-admin\9.2.0\firebase-admin-9.2.0.jar;c:\Users\Dell\.m2\repository\com\google\api-client\google-api-client\2.2.0\google-api-client-2.2.0.jar;c:\Users\Dell\.m2\repository\commons-codec\commons-codec\1.15\commons-codec-1.15.jar;c:\Users\Dell\.m2\repository\com\google\oauth-client\google-oauth-client\1.34.1\google-oauth-client-1.34.1.jar;c:\Users\Dell\.m2\repository\com\google\http-client\google-http-client-gson\1.42.3\google-http-client-gson-1.42.3.jar;c:\Users\Dell\.m2\repository\com\google\http-client\google-http-client-apache-v2\1.42.3\google-http-client-apache-v2-1.42.3.jar;c:\Users\Dell\.m2\repository\org\apache\httpcomponents\httpcore\4.4.16\httpcore-4.4.16.jar;c:\Users\Dell\.m2\repository\com\google\api-client\google-api-client-gson\2.2.0\google-api-client-gson-2.2.0.jar;c:\Users\Dell\.m2\repository\com\google\http-client\google-http-client\1.43.1\google-http-client-1.43.1.jar;c:\Users\Dell\.m2\repository\com\google\code\findbugs\jsr305\3.0.2\jsr305-3.0.2.jar;c:\Users\Dell\.m2\repository\com\google\errorprone\error_prone_annotations\2.18.0\error_prone_annotations-2.18.0.jar;c:\Users\Dell\.m2\repository\com\google\j2objc\j2objc-annotations\1.3\j2objc-annotations-1.3.jar;c:\Users\Dell\.m2\repository\io\opencensus\opencensus-api\0.31.1\opencensus-api-0.31.1.jar;c:\Users\Dell\.m2\repository\io\opencensus\opencensus-contrib-http-util\0.31.1\opencensus-contrib-http-util-0.31.1.jar;c:\Users\Dell\.m2\repository\com\google\api\api-common\2.12.0\api-com
Launcher Type: SUN_STANDARD

[Global flags]
     intx CICompilerCount                          = 3                                         {product} {ergonomic}
     uint ConcGCThreads                            = 1                                         {product} {ergonomic}
     uint G1ConcRefinementThreads                  = 4                                         {product} {ergonomic}
   size_t G1HeapRegionSize                         = 1048576                                   {product} {ergonomic}
    uintx GCDrainStackTargetSize                   = 64                                        {product} {ergonomic}
   size_t InitialHeapSize                          = 132120576                                 {product} {ergonomic}
   size_t MarkStackSize                            = 4194304                                   {product} {ergonomic}
   size_t MaxHeapSize                              = 2113929216                                {product} {ergonomic}
   size_t MaxNewSize                               = 1267728384                                {product} {ergonomic}
   size_t MinHeapDeltaBytes                        = 1048576                                   {product} {ergonomic}
   size_t MinHeapSize                              = 8388608                                   {product} {ergonomic}
    uintx NonNMethodCodeHeapSize                   = 5832780                                {pd product} {ergonomic}
    uintx NonProfiledCodeHeapSize                  = 122912730                              {pd product} {ergonomic}
    uintx ProfiledCodeHeapSize                     = 122912730                              {pd product} {ergonomic}
    uintx ReservedCodeCacheSize                    = 251658240                              {pd product} {ergonomic}
     bool SegmentedCodeCache                       = true                                      {product} {ergonomic}
     bool ShowCodeDetailsInExceptionMessages       = true                                   {manageable} {command line}
   size_t SoftMaxHeapSize                          = 2113929216                             {manageable} {ergonomic}
     bool UseCompressedClassPointers               = true                           {product lp64_product} {ergonomic}
     bool UseCompressedOops                        = true                           {product lp64_product} {ergonomic}
     bool UseG1GC                                  = true                                      {product} {ergonomic}
     bool UseLargePagesIndividualAllocation        = false                                  {pd product} {ergonomic}

Logging:
Log output configuration:
 #0: stdout all=warning uptime,level,tags
 #1: stderr all=off uptime,level,tags

Environment Variables:
PATH=C:\src\flutter\bin\cache\dart-sdk\bin\;C:\Program Files\Common Files\Oracle\Java\javapath;C:\Program Files\Eclipse Adoptium\jdk-21.0.4.7-hotspot\bin;C:\Program Files\Java\jdk-17\bin;C:\apache-maven-3.9.11\bin;C:\Windows\system32;C:\Windows;C:\Windows\System32\Wbem;C:\Windows\System32\WindowsPowerShell\v1.0\;C:\Windows\System32\OpenSSH\;C:\src\flutter\bin;C:\Program Files\Git\cmd;C:\Users\Dell\AppData\Local\Microsoft\WindowsApps;C:\Users\Dell\AppData\Local\Programs\Microsoft VS Code\bin
USERNAME=Dell
LANG=en_US.UTF-8
OS=Windows_NT
PROCESSOR_IDENTIFIER=Intel64 Family 6 Model 142 Stepping 9, GenuineIntel



---------------  S Y S T E M  ---------------

OS:
 Windows 10 , 64 bit Build 19041 (10.0.19041.5915)
OS uptime: 2 days 4:17 hours
Hyper-V role detected

CPU: total 4 (initial active 4) (2 cores per cpu, 2 threads per core) family 6 model 142 stepping 9 microcode 0xb4, cx8, cmov, fxsr, ht, mmx, 3dnowpref, sse, sse2, sse3, ssse3, sse4.1, sse4.2, popcnt, lzcnt, tsc, tscinvbit, avx, avx2, aes, erms, clmul, bmi1, bmi2, adx, fma, vzeroupper, clflush, clflushopt, hv

Memory: 4k page, system-wide physical 8058M (1271M free)
TotalPageFile size 32634M (AvailPageFile size 5M)
current process WorkingSet (physical memory assigned to process): 845M, peak: 845M
current process commit charge ("private bytes"): 982M, peak: 983M

vm_info: Java HotSpot(TM) 64-Bit Server VM (17.0.8+9-LTS-211) for windows-amd64 JRE (17.0.8+9-LTS-211), built on Jun 14 2023 10:34:31 by "mach5one" with MS VC++ 17.1 (VS2022)

END.
