#
# There is insufficient memory for the Java Runtime Environment to continue.
# Native memory allocation (mmap) failed to map 201326592 bytes for G1 virtual space
# Possible reasons:
#   The system is out of physical RAM or swap space
#   The process is running with CompressedOops enabled, and the Java Heap may be blocking the growth of the native heap
# Possible solutions:
#   Reduce memory load on the system
#   Increase physical memory or swap space
#   Check if swap backing store is full
#   Decrease Java heap size (-Xmx/-Xms)
#   Decrease number of Java threads
#   Decrease Java thread stack sizes (-Xss)
#   Set larger code cache with -XX:ReservedCodeCacheSize=
#   JVM is running with Unscaled Compressed Oops mode in which the Java heap is
#     placed in the first 4GB address space. The Java Heap base address is the
#     maximum limit for the native heap growth. Please use -XX:HeapBaseMinAddress
#     to set the Java Heap base and to place the Java Heap above 4GB virtual address.
# This output file may be truncated or incomplete.
#
#  Out of Memory Error (os_windows.cpp:3550), pid=2076, tid=3732
#
# JRE version: Java(TM) SE Runtime Environment (17.0.8+9) (build 17.0.8+9-LTS-211)
# Java VM: Java HotSpot(TM) 64-Bit Server VM (17.0.8+9-LTS-211, mixed mode, sharing, tiered, compressed oops, compressed class ptrs, g1 gc, windows-amd64)
# No core dump will be written. Minidumps are not enabled by default on client versions of Windows
#

---------------  S U M M A R Y ------------

Command Line: -XX:+ShowCodeDetailsInExceptionMessages com.login.Main

Host: Intel(R) Core(TM) i5-7200U CPU @ 2.50GHz, 4 cores, 7G,  Windows 10 , 64 bit Build 19041 (10.0.19041.5915)
Time: Thu Jul 24 23:52:55 2025 India Standard Time elapsed time: 18.731658 seconds (0d 0h 0m 18s)

---------------  T H R E A D  ---------------

Current thread (0x00000230b1fceba0):  VMThread "VM Thread" [stack: 0x000000e053a00000,0x000000e053b00000] [id=3732]

Stack: [0x000000e053a00000,0x000000e053b00000]
Native frames: (J=compiled Java code, j=interpreted, Vv=VM code, C=native code)
V  [jvm.dll+0x677d0a]
V  [jvm.dll+0x7d8c54]
V  [jvm.dll+0x7da3fe]
V  [jvm.dll+0x7daa63]
V  [jvm.dll+0x245c5f]
V  [jvm.dll+0x674bb9]
V  [jvm.dll+0x6694f2]
V  [jvm.dll+0x3031d6]
V  [jvm.dll+0x30a756]
V  [jvm.dll+0x359f9e]
V  [jvm.dll+0x35a1cf]
V  [jvm.dll+0x2da3e8]
V  [jvm.dll+0x2dd486]
V  [jvm.dll+0x2e7c88]
V  [jvm.dll+0x31b6e0]
V  [jvm.dll+0x7df26b]
V  [jvm.dll+0x7dffa4]
V  [jvm.dll+0x7e04bd]
V  [jvm.dll+0x7e0894]
V  [jvm.dll+0x7e0960]
V  [jvm.dll+0x788bba]
V  [jvm.dll+0x676b35]
C  [ucrtbase.dll+0x21bb2]
C  [KERNEL32.DLL+0x17374]
C  [ntdll.dll+0x4cc91]

VM_Operation (0x000000e0536ff7b0): G1Concurrent, mode: safepoint, requested by thread 0x000002309484f240


---------------  P R O C E S S  ---------------

Threads class SMR info:
_java_thread_list=0x00000230b21d0990, length=20, elements={
0x00000230947bd970, 0x00000230b1fd3f40, 0x00000230b1fd4db0, 0x00000230b1fe9d30,
0x00000230b1fed800, 0x00000230b1fee1b0, 0x00000230b1fef300, 0x00000230b1ff74f0,
0x00000230b1ff9bb0, 0x00000230b1ffe1d0, 0x00000230b2368ab0, 0x00000230b237e230,
0x00000230b2378840, 0x00000230b2926670, 0x00000230b2a51710, 0x00000230b2a45db0,
0x00000230fcd8ffb0, 0x00000230fce48b00, 0x00000230fd440570, 0x00000230fd747020
}

Java Threads: ( => current thread )
  0x00000230947bd970 JavaThread "main" [_thread_blocked, id=5376, stack(0x000000e053400000,0x000000e053500000)]
  0x00000230b1fd3f40 JavaThread "Reference Handler" daemon [_thread_blocked, id=14840, stack(0x000000e053b00000,0x000000e053c00000)]
  0x00000230b1fd4db0 JavaThread "Finalizer" daemon [_thread_blocked, id=7288, stack(0x000000e053c00000,0x000000e053d00000)]
  0x00000230b1fe9d30 JavaThread "Signal Dispatcher" daemon [_thread_blocked, id=4156, stack(0x000000e053d00000,0x000000e053e00000)]
  0x00000230b1fed800 JavaThread "Attach Listener" daemon [_thread_blocked, id=12520, stack(0x000000e053e00000,0x000000e053f00000)]
  0x00000230b1fee1b0 JavaThread "Service Thread" daemon [_thread_blocked, id=12952, stack(0x000000e053f00000,0x000000e054000000)]
  0x00000230b1fef300 JavaThread "Monitor Deflation Thread" daemon [_thread_blocked, id=14780, stack(0x000000e054000000,0x000000e054100000)]
  0x00000230b1ff74f0 JavaThread "C2 CompilerThread0" daemon [_thread_blocked, id=6468, stack(0x000000e054100000,0x000000e054200000)]
  0x00000230b1ff9bb0 JavaThread "C1 CompilerThread0" daemon [_thread_blocked, id=1936, stack(0x000000e054200000,0x000000e054300000)]
  0x00000230b1ffe1d0 JavaThread "Sweeper thread" daemon [_thread_blocked, id=2688, stack(0x000000e054300000,0x000000e054400000)]
  0x00000230b2368ab0 JavaThread "Notification Thread" daemon [_thread_blocked, id=664, stack(0x000000e054400000,0x000000e054500000)]
  0x00000230b237e230 JavaThread "Common-Cleaner" daemon [_thread_blocked, id=14892, stack(0x000000e054600000,0x000000e054700000)]
  0x00000230b2378840 JavaThread "JavaFX-Launcher" [_thread_blocked, id=13096, stack(0x000000e054700000,0x000000e054800000)]
  0x00000230b2926670 JavaThread "QuantumRenderer-0" daemon [_thread_blocked, id=3004, stack(0x000000e054800000,0x000000e054900000)]
  0x00000230b2a51710 JavaThread "InvokeLaterDispatcher" daemon [_thread_blocked, id=14916, stack(0x000000e054900000,0x000000e054a00000)]
  0x00000230b2a45db0 JavaThread "JavaFX Application Thread" [_thread_blocked, id=2260, stack(0x000000e054a00000,0x000000e054b00000)]
  0x00000230fcd8ffb0 JavaThread "Thread-2" daemon [_thread_blocked, id=2476, stack(0x000000e055100000,0x000000e055200000)]
  0x00000230fce48b00 JavaThread "Prism Font Disposer" daemon [_thread_blocked, id=14616, stack(0x000000e055300000,0x000000e055400000)]
  0x00000230fd440570 JavaThread "Cleaner-0" daemon [_thread_blocked, id=13036, stack(0x000000e055800000,0x000000e055900000)]
  0x00000230fd747020 JavaThread "C2 CompilerThread1" daemon [_thread_blocked, id=16120, stack(0x000000e055b00000,0x000000e055c00000)]

Other Threads:
=>0x00000230b1fceba0 VMThread "VM Thread" [stack: 0x000000e053a00000,0x000000e053b00000] [id=3732]
  0x00000230b236f7c0 WatcherThread [stack: 0x000000e054500000,0x000000e054600000] [id=8908]
  0x000002309483d6f0 GCTaskThread "GC Thread#0" [stack: 0x000000e053500000,0x000000e053600000] [id=12528]
  0x00000230fccb0180 GCTaskThread "GC Thread#1" [stack: 0x000000e054e00000,0x000000e054f00000] [id=14416]
  0x00000230fcca9210 GCTaskThread "GC Thread#2" [stack: 0x000000e054f00000,0x000000e055000000] [id=1408]
  0x00000230fcca94c0 GCTaskThread "GC Thread#3" [stack: 0x000000e055000000,0x000000e055100000] [id=15128]
  0x000002309484f240 ConcurrentGCThread "G1 Main Marker" [stack: 0x000000e053600000,0x000000e053700000] [id=1860]
  0x00000230948503f0 ConcurrentGCThread "G1 Conc#0" [stack: 0x000000e053700000,0x000000e053800000] [id=4180]
  0x000002309487daa0 ConcurrentGCThread "G1 Refine#0" [stack: 0x000000e053800000,0x000000e053900000] [id=11660]
  0x000002309487e4c0 ConcurrentGCThread "G1 Service" [stack: 0x000000e053900000,0x000000e053a00000] [id=7320]

Threads with active compile tasks:
C2 CompilerThread0    18783 3085       4       javafx.css.CompoundSelector::applies (144 bytes)
C1 CompilerThread0    18783 3289  s    3       com.sun.scenario.effect.impl.Renderer::getRenderer (241 bytes)
C2 CompilerThread1    18783 3273 %     4       com.sun.marlin.Renderer::_endRendering @ 787 (2639 bytes)

VM state: at safepoint (normal execution)

VM Mutex/Monitor currently owned by a thread:  ([mutex/lock_event])
[0x00000230947b90b0] Threads_lock - owner thread: 0x00000230b1fceba0
[0x00000230947b9530] Heap_lock - owner thread: 0x000002309484f240

Heap address: 0x0000000082000000, size: 2016 MB, Compressed Oops mode: 32-bit

CDS archive(s) mapped at: [0x00000230b3000000-0x00000230b3bd0000-0x00000230b3bd0000), size 12386304, SharedBaseAddress: 0x00000230b3000000, ArchiveRelocationMode: 1.
Compressed class space mapped at: 0x00000230b4000000-0x00000230f4000000, reserved size: 1073741824
Narrow klass base: 0x00000230b3000000, Narrow klass shift: 0, Narrow klass range: 0x100000000

GC Precious Log:
 CPUs: 4 total, 4 available
 Memory: 8058M
 Large Page Support: Disabled
 NUMA Support: Disabled
 Compressed Oops: Enabled (32-bit)
 Heap Region Size: 1M
 Heap Min Capacity: 8M
 Heap Initial Capacity: 126M
 Heap Max Capacity: 2016M
 Pre-touch: Disabled
 Parallel Workers: 4
 Concurrent Workers: 1
 Concurrent Refinement Workers: 4
 Periodic GC: Disabled

Heap:
 garbage-first heap   total 443392K, used 382862K [0x0000000082000000, 0x0000000100000000)
  region size 1024K, 4 young (4096K), 3 survivors (3072K)
 Metaspace       used 16208K, committed 16384K, reserved 1114112K
  class space    used 2542K, committed 2624K, reserved 1048576K

Heap Regions: E=young(eden), S=young(survivor), O=old, HS=humongous(starts), HC=humongous(continues), CS=collection set, F=free, OA=open archive, CA=closed archive, TAMS=top-at-mark-start (previous, next)
|   0|0x0000000082000000, 0x0000000082100000, 0x0000000082100000|100%|HS|  |TAMS 0x0000000082100000, 0x0000000082000000| Complete 
|   1|0x0000000082100000, 0x0000000082100000, 0x0000000082200000|  0%| F|  |TAMS 0x0000000082100000, 0x0000000082100000| Untracked 
|   2|0x0000000082200000, 0x0000000082300000, 0x0000000082300000|100%| O|  |TAMS 0x0000000082300000, 0x0000000082200000| Untracked 
|   3|0x0000000082300000, 0x0000000082400000, 0x0000000082400000|100%| O|  |TAMS 0x0000000082400000, 0x0000000082300000| Untracked 
|   4|0x0000000082400000, 0x0000000082500000, 0x0000000082500000|100%| O|  |TAMS 0x0000000082500000, 0x0000000082400000| Untracked 
|   5|0x0000000082500000, 0x0000000082600000, 0x0000000082600000|100%| O|  |TAMS 0x0000000082600000, 0x0000000082500000| Untracked 
|   6|0x0000000082600000, 0x0000000082700000, 0x0000000082700000|100%| O|  |TAMS 0x0000000082700000, 0x0000000082600000| Untracked 
|   7|0x0000000082700000, 0x0000000082800000, 0x0000000082800000|100%| O|  |TAMS 0x0000000082800000, 0x0000000082700000| Untracked 
|   8|0x0000000082800000, 0x0000000082900000, 0x0000000082900000|100%| O|  |TAMS 0x0000000082900000, 0x0000000082800000| Untracked 
|   9|0x0000000082900000, 0x0000000082a00000, 0x0000000082a00000|100%|HS|  |TAMS 0x0000000082a00000, 0x0000000082900000| Complete 
|  10|0x0000000082a00000, 0x0000000082b00000, 0x0000000082b00000|100%|HC|  |TAMS 0x0000000082b00000, 0x0000000082a00000| Complete 
|  11|0x0000000082b00000, 0x0000000082c00000, 0x0000000082c00000|100%|HC|  |TAMS 0x0000000082c00000, 0x0000000082b00000| Complete 
|  12|0x0000000082c00000, 0x0000000082d00000, 0x0000000082d00000|100%|HC|  |TAMS 0x0000000082d00000, 0x0000000082c00000| Complete 
|  13|0x0000000082d00000, 0x0000000082e00000, 0x0000000082e00000|100%|HC|  |TAMS 0x0000000082e00000, 0x0000000082d00000| Complete 
|  14|0x0000000082e00000, 0x0000000082f00000, 0x0000000082f00000|100%|HC|  |TAMS 0x0000000082f00000, 0x0000000082e00000| Complete 
|  15|0x0000000082f00000, 0x0000000083000000, 0x0000000083000000|100%|HC|  |TAMS 0x0000000083000000, 0x0000000082f00000| Complete 
|  16|0x0000000083000000, 0x0000000083100000, 0x0000000083100000|100%|HC|  |TAMS 0x0000000083100000, 0x0000000083000000| Complete 
|  17|0x0000000083100000, 0x0000000083200000, 0x0000000083200000|100%|HC|  |TAMS 0x0000000083200000, 0x0000000083100000| Complete 
|  18|0x0000000083200000, 0x0000000083300000, 0x0000000083300000|100%|HC|  |TAMS 0x0000000083300000, 0x0000000083200000| Complete 
|  19|0x0000000083300000, 0x0000000083400000, 0x0000000083400000|100%|HC|  |TAMS 0x0000000083400000, 0x0000000083300000| Complete 
|  20|0x0000000083400000, 0x0000000083500000, 0x0000000083500000|100%|HC|  |TAMS 0x0000000083500000, 0x0000000083400000| Complete 
|  21|0x0000000083500000, 0x0000000083600000, 0x0000000083600000|100%|HC|  |TAMS 0x0000000083600000, 0x0000000083500000| Complete 
|  22|0x0000000083600000, 0x0000000083700000, 0x0000000083700000|100%|HC|  |TAMS 0x0000000083700000, 0x0000000083600000| Complete 
|  23|0x0000000083700000, 0x0000000083800000, 0x0000000083800000|100%|HC|  |TAMS 0x0000000083800000, 0x0000000083700000| Complete 
|  24|0x0000000083800000, 0x0000000083900000, 0x0000000083900000|100%|HC|  |TAMS 0x0000000083900000, 0x0000000083800000| Complete 
|  25|0x0000000083900000, 0x0000000083a00000, 0x0000000083a00000|100%|HC|  |TAMS 0x0000000083a00000, 0x0000000083900000| Complete 
|  26|0x0000000083a00000, 0x0000000083b00000, 0x0000000083b00000|100%|HC|  |TAMS 0x0000000083b00000, 0x0000000083a00000| Complete 
|  27|0x0000000083b00000, 0x0000000083c00000, 0x0000000083c00000|100%|HC|  |TAMS 0x0000000083c00000, 0x0000000083b00000| Complete 
|  28|0x0000000083c00000, 0x0000000083d00000, 0x0000000083d00000|100%|HC|  |TAMS 0x0000000083d00000, 0x0000000083c00000| Complete 
|  29|0x0000000083d00000, 0x0000000083e00000, 0x0000000083e00000|100%|HC|  |TAMS 0x0000000083e00000, 0x0000000083d00000| Complete 
|  30|0x0000000083e00000, 0x0000000083f00000, 0x0000000083f00000|100%|HC|  |TAMS 0x0000000083f00000, 0x0000000083e00000| Complete 
|  31|0x0000000083f00000, 0x0000000084000000, 0x0000000084000000|100%|HC|  |TAMS 0x0000000084000000, 0x0000000083f00000| Complete 
|  32|0x0000000084000000, 0x0000000084100000, 0x0000000084100000|100%|HC|  |TAMS 0x0000000084100000, 0x0000000084000000| Complete 
|  33|0x0000000084100000, 0x0000000084200000, 0x0000000084200000|100%|HC|  |TAMS 0x0000000084200000, 0x0000000084100000| Complete 
|  34|0x0000000084200000, 0x0000000084300000, 0x0000000084300000|100%|HC|  |TAMS 0x0000000084300000, 0x0000000084200000| Complete 
|  35|0x0000000084300000, 0x0000000084400000, 0x0000000084400000|100%|HC|  |TAMS 0x0000000084400000, 0x0000000084300000| Complete 
|  36|0x0000000084400000, 0x0000000084500000, 0x0000000084500000|100%|HC|  |TAMS 0x0000000084500000, 0x0000000084400000| Complete 
|  37|0x0000000084500000, 0x0000000084600000, 0x0000000084600000|100%|HC|  |TAMS 0x0000000084600000, 0x0000000084500000| Complete 
|  38|0x0000000084600000, 0x0000000084700000, 0x0000000084700000|100%|HC|  |TAMS 0x0000000084700000, 0x0000000084600000| Complete 
|  39|0x0000000084700000, 0x0000000084800000, 0x0000000084800000|100%|HC|  |TAMS 0x0000000084800000, 0x0000000084700000| Complete 
|  40|0x0000000084800000, 0x0000000084900000, 0x0000000084900000|100%|HC|  |TAMS 0x0000000084900000, 0x0000000084800000| Complete 
|  41|0x0000000084900000, 0x0000000084a00000, 0x0000000084a00000|100%|HC|  |TAMS 0x0000000084a00000, 0x0000000084900000| Complete 
|  42|0x0000000084a00000, 0x0000000084b00000, 0x0000000084b00000|100%|HC|  |TAMS 0x0000000084b00000, 0x0000000084a00000| Complete 
|  43|0x0000000084b00000, 0x0000000084c00000, 0x0000000084c00000|100%|HC|  |TAMS 0x0000000084c00000, 0x0000000084b00000| Complete 
|  44|0x0000000084c00000, 0x0000000084d00000, 0x0000000084d00000|100%|HC|  |TAMS 0x0000000084d00000, 0x0000000084c00000| Complete 
|  45|0x0000000084d00000, 0x0000000084e00000, 0x0000000084e00000|100%|HC|  |TAMS 0x0000000084e00000, 0x0000000084d00000| Complete 
|  46|0x0000000084e00000, 0x0000000084f00000, 0x0000000084f00000|100%|HC|  |TAMS 0x0000000084f00000, 0x0000000084e00000| Complete 
|  47|0x0000000084f00000, 0x0000000085000000, 0x0000000085000000|100%|HC|  |TAMS 0x0000000085000000, 0x0000000084f00000| Complete 
|  48|0x0000000085000000, 0x0000000085100000, 0x0000000085100000|100%|HC|  |TAMS 0x0000000085100000, 0x0000000085000000| Complete 
|  49|0x0000000085100000, 0x0000000085200000, 0x0000000085200000|100%|HC|  |TAMS 0x0000000085200000, 0x0000000085100000| Complete 
|  50|0x0000000085200000, 0x0000000085300000, 0x0000000085300000|100%|HC|  |TAMS 0x0000000085300000, 0x0000000085200000| Complete 
|  51|0x0000000085300000, 0x0000000085400000, 0x0000000085400000|100%|HC|  |TAMS 0x0000000085400000, 0x0000000085300000| Complete 
|  52|0x0000000085400000, 0x0000000085500000, 0x0000000085500000|100%|HC|  |TAMS 0x0000000085500000, 0x0000000085400000| Complete 
|  53|0x0000000085500000, 0x0000000085600000, 0x0000000085600000|100%|HC|  |TAMS 0x0000000085600000, 0x0000000085500000| Complete 
|  54|0x0000000085600000, 0x0000000085700000, 0x0000000085700000|100%|HC|  |TAMS 0x0000000085700000, 0x0000000085600000| Complete 
|  55|0x0000000085700000, 0x0000000085800000, 0x0000000085800000|100%|HC|  |TAMS 0x0000000085800000, 0x0000000085700000| Complete 
|  56|0x0000000085800000, 0x0000000085900000, 0x0000000085900000|100%|HC|  |TAMS 0x0000000085900000, 0x0000000085800000| Complete 
|  57|0x0000000085900000, 0x0000000085a00000, 0x0000000085a00000|100%|HC|  |TAMS 0x0000000085a00000, 0x0000000085900000| Complete 
|  58|0x0000000085a00000, 0x0000000085b00000, 0x0000000085b00000|100%|HC|  |TAMS 0x0000000085b00000, 0x0000000085a00000| Complete 
|  59|0x0000000085b00000, 0x0000000085c00000, 0x0000000085c00000|100%|HC|  |TAMS 0x0000000085c00000, 0x0000000085b00000| Complete 
|  60|0x0000000085c00000, 0x0000000085d00000, 0x0000000085d00000|100%|HC|  |TAMS 0x0000000085d00000, 0x0000000085c00000| Complete 
|  61|0x0000000085d00000, 0x0000000085e00000, 0x0000000085e00000|100%|HC|  |TAMS 0x0000000085e00000, 0x0000000085d00000| Complete 
|  62|0x0000000085e00000, 0x0000000085f00000, 0x0000000085f00000|100%|HC|  |TAMS 0x0000000085f00000, 0x0000000085e00000| Complete 
|  63|0x0000000085f00000, 0x0000000086000000, 0x0000000086000000|100%|HC|  |TAMS 0x0000000086000000, 0x0000000085f00000| Complete 
|  64|0x0000000086000000, 0x0000000086100000, 0x0000000086100000|100%|HC|  |TAMS 0x0000000086100000, 0x0000000086000000| Complete 
|  65|0x0000000086100000, 0x0000000086200000, 0x0000000086200000|100%|HC|  |TAMS 0x0000000086200000, 0x0000000086100000| Complete 
|  66|0x0000000086200000, 0x0000000086300000, 0x0000000086300000|100%|HC|  |TAMS 0x0000000086300000, 0x0000000086200000| Complete 
|  67|0x0000000086300000, 0x0000000086400000, 0x0000000086400000|100%|HC|  |TAMS 0x0000000086400000, 0x0000000086300000| Complete 
|  68|0x0000000086400000, 0x0000000086500000, 0x0000000086500000|100%|HC|  |TAMS 0x0000000086500000, 0x0000000086400000| Complete 
|  69|0x0000000086500000, 0x0000000086600000, 0x0000000086600000|100%|HC|  |TAMS 0x0000000086600000, 0x0000000086500000| Complete 
|  70|0x0000000086600000, 0x0000000086700000, 0x0000000086700000|100%|HC|  |TAMS 0x0000000086700000, 0x0000000086600000| Complete 
|  71|0x0000000086700000, 0x0000000086800000, 0x0000000086800000|100%|HC|  |TAMS 0x0000000086800000, 0x0000000086700000| Complete 
|  72|0x0000000086800000, 0x0000000086900000, 0x0000000086900000|100%|HC|  |TAMS 0x0000000086900000, 0x0000000086800000| Complete 
|  73|0x0000000086900000, 0x0000000086a00000, 0x0000000086a00000|100%|HC|  |TAMS 0x0000000086a00000, 0x0000000086900000| Complete 
|  74|0x0000000086a00000, 0x0000000086b00000, 0x0000000086b00000|100%|HC|  |TAMS 0x0000000086b00000, 0x0000000086a00000| Complete 
|  75|0x0000000086b00000, 0x0000000086c00000, 0x0000000086c00000|100%|HC|  |TAMS 0x0000000086c00000, 0x0000000086b00000| Complete 
|  76|0x0000000086c00000, 0x0000000086d00000, 0x0000000086d00000|100%|HC|  |TAMS 0x0000000086d00000, 0x0000000086c00000| Complete 
|  77|0x0000000086d00000, 0x0000000086e00000, 0x0000000086e00000|100%|HC|  |TAMS 0x0000000086e00000, 0x0000000086d00000| Complete 
|  78|0x0000000086e00000, 0x0000000086f00000, 0x0000000086f00000|100%|HC|  |TAMS 0x0000000086f00000, 0x0000000086e00000| Complete 
|  79|0x0000000086f00000, 0x0000000087000000, 0x0000000087000000|100%|HC|  |TAMS 0x0000000087000000, 0x0000000086f00000| Complete 
|  80|0x0000000087000000, 0x0000000087100000, 0x0000000087100000|100%|HC|  |TAMS 0x0000000087100000, 0x0000000087000000| Complete 
|  81|0x0000000087100000, 0x0000000087200000, 0x0000000087200000|100%|HC|  |TAMS 0x0000000087200000, 0x0000000087100000| Complete 
|  82|0x0000000087200000, 0x0000000087300000, 0x0000000087300000|100%|HC|  |TAMS 0x0000000087300000, 0x0000000087200000| Complete 
|  83|0x0000000087300000, 0x0000000087400000, 0x0000000087400000|100%|HC|  |TAMS 0x0000000087400000, 0x0000000087300000| Complete 
|  84|0x0000000087400000, 0x0000000087500000, 0x0000000087500000|100%|HC|  |TAMS 0x0000000087500000, 0x0000000087400000| Complete 
|  85|0x0000000087500000, 0x0000000087600000, 0x0000000087600000|100%|HC|  |TAMS 0x0000000087600000, 0x0000000087500000| Complete 
|  86|0x0000000087600000, 0x0000000087700000, 0x0000000087700000|100%|HC|  |TAMS 0x0000000087700000, 0x0000000087600000| Complete 
|  87|0x0000000087700000, 0x0000000087800000, 0x0000000087800000|100%|HS|  |TAMS 0x0000000087700000, 0x0000000087700000| Complete 
|  88|0x0000000087800000, 0x0000000087900000, 0x0000000087900000|100%|HC|  |TAMS 0x0000000087800000, 0x0000000087800000| Complete 
|  89|0x0000000087900000, 0x0000000087a00000, 0x0000000087a00000|100%| O|  |TAMS 0x0000000087a00000, 0x0000000087900000| Untracked 
|  90|0x0000000087a00000, 0x0000000087b00000, 0x0000000087b00000|100%| O|  |TAMS 0x0000000087b00000, 0x0000000087a00000| Untracked 
|  91|0x0000000087b00000, 0x0000000087be3800, 0x0000000087c00000| 88%| O|  |TAMS 0x0000000087b0d000, 0x0000000087b00000| Untracked 
|  92|0x0000000087c00000, 0x0000000087c00000, 0x0000000087d00000|  0%| F|  |TAMS 0x0000000087c00000, 0x0000000087c00000| Untracked 
|  93|0x0000000087d00000, 0x0000000087d00000, 0x0000000087e00000|  0%| F|  |TAMS 0x0000000087d00000, 0x0000000087d00000| Untracked 
|  94|0x0000000087e00000, 0x0000000087e00000, 0x0000000087f00000|  0%| F|  |TAMS 0x0000000087e00000, 0x0000000087e00000| Untracked 
|  95|0x0000000087f00000, 0x0000000087f00000, 0x0000000088000000|  0%| F|  |TAMS 0x0000000087f00000, 0x0000000087f00000| Untracked 
|  96|0x0000000088000000, 0x0000000088000000, 0x0000000088100000|  0%| F|  |TAMS 0x0000000088000000, 0x0000000088000000| Untracked 
|  97|0x0000000088100000, 0x0000000088100000, 0x0000000088200000|  0%| F|  |TAMS 0x0000000088100000, 0x0000000088100000| Untracked 
|  98|0x0000000088200000, 0x0000000088200000, 0x0000000088300000|  0%| F|  |TAMS 0x0000000088200000, 0x0000000088200000| Untracked 
|  99|0x0000000088300000, 0x0000000088300000, 0x0000000088400000|  0%| F|  |TAMS 0x0000000088300000, 0x0000000088300000| Untracked 
| 100|0x0000000088400000, 0x0000000088400000, 0x0000000088500000|  0%| F|  |TAMS 0x0000000088400000, 0x0000000088400000| Untracked 
| 101|0x0000000088500000, 0x0000000088500000, 0x0000000088600000|  0%| F|  |TAMS 0x0000000088500000, 0x0000000088500000| Untracked 
| 102|0x0000000088600000, 0x0000000088600000, 0x0000000088700000|  0%| F|  |TAMS 0x0000000088600000, 0x0000000088600000| Untracked 
| 103|0x0000000088700000, 0x0000000088700000, 0x0000000088800000|  0%| F|  |TAMS 0x0000000088700000, 0x0000000088700000| Untracked 
| 104|0x0000000088800000, 0x0000000088800000, 0x0000000088900000|  0%| F|  |TAMS 0x0000000088800000, 0x0000000088800000| Untracked 
| 105|0x0000000088900000, 0x0000000088900000, 0x0000000088a00000|  0%| F|  |TAMS 0x0000000088900000, 0x0000000088900000| Untracked 
| 106|0x0000000088a00000, 0x0000000088a00000, 0x0000000088b00000|  0%| F|  |TAMS 0x0000000088a00000, 0x0000000088a00000| Untracked 
| 107|0x0000000088b00000, 0x0000000088b00000, 0x0000000088c00000|  0%| F|  |TAMS 0x0000000088b00000, 0x0000000088b00000| Untracked 
| 108|0x0000000088c00000, 0x0000000088c00000, 0x0000000088d00000|  0%| F|  |TAMS 0x0000000088c00000, 0x0000000088c00000| Untracked 
| 109|0x0000000088d00000, 0x0000000088d00000, 0x0000000088e00000|  0%| F|  |TAMS 0x0000000088d00000, 0x0000000088d00000| Untracked 
| 110|0x0000000088e00000, 0x0000000088e00000, 0x0000000088f00000|  0%| F|  |TAMS 0x0000000088e00000, 0x0000000088e00000| Untracked 
| 111|0x0000000088f00000, 0x0000000088f00000, 0x0000000089000000|  0%| F|  |TAMS 0x0000000088f00000, 0x0000000088f00000| Untracked 
| 112|0x0000000089000000, 0x0000000089000000, 0x0000000089100000|  0%| F|  |TAMS 0x0000000089000000, 0x0000000089000000| Untracked 
| 113|0x0000000089100000, 0x0000000089100000, 0x0000000089200000|  0%| F|  |TAMS 0x0000000089100000, 0x0000000089100000| Untracked 
| 114|0x0000000089200000, 0x0000000089200000, 0x0000000089300000|  0%| F|  |TAMS 0x0000000089200000, 0x0000000089200000| Untracked 
| 115|0x0000000089300000, 0x0000000089300000, 0x0000000089400000|  0%| F|  |TAMS 0x0000000089300000, 0x0000000089300000| Untracked 
| 116|0x0000000089400000, 0x0000000089400000, 0x0000000089500000|  0%| F|  |TAMS 0x0000000089400000, 0x0000000089400000| Untracked 
| 117|0x0000000089500000, 0x0000000089500000, 0x0000000089600000|  0%| F|  |TAMS 0x0000000089500000, 0x0000000089500000| Untracked 
| 118|0x0000000089600000, 0x0000000089600000, 0x0000000089700000|  0%| F|  |TAMS 0x0000000089600000, 0x0000000089600000| Untracked 
| 119|0x0000000089700000, 0x0000000089700000, 0x0000000089800000|  0%| F|  |TAMS 0x0000000089700000, 0x0000000089700000| Untracked 
| 120|0x0000000089800000, 0x0000000089800000, 0x0000000089900000|  0%| F|  |TAMS 0x0000000089800000, 0x0000000089800000| Untracked 
| 121|0x0000000089900000, 0x0000000089900000, 0x0000000089a00000|  0%| F|  |TAMS 0x0000000089900000, 0x0000000089900000| Untracked 
| 122|0x0000000089a00000, 0x0000000089a00000, 0x0000000089b00000|  0%| F|  |TAMS 0x0000000089a00000, 0x0000000089a00000| Untracked 
| 123|0x0000000089b00000, 0x0000000089b00000, 0x0000000089c00000|  0%| F|  |TAMS 0x0000000089b00000, 0x0000000089b00000| Untracked 
| 124|0x0000000089c00000, 0x0000000089c00000, 0x0000000089d00000|  0%| F|  |TAMS 0x0000000089c00000, 0x0000000089c00000| Untracked 
| 125|0x0000000089d00000, 0x0000000089e00000, 0x0000000089e00000|100%|HS|  |TAMS 0x0000000089e00000, 0x0000000089d00000| Complete 
| 126|0x0000000089e00000, 0x0000000089f00000, 0x0000000089f00000|100%|HC|  |TAMS 0x0000000089f00000, 0x0000000089e00000| Complete 
| 127|0x0000000089f00000, 0x000000008a000000, 0x000000008a000000|100%|HC|  |TAMS 0x000000008a000000, 0x0000000089f00000| Complete 
| 128|0x000000008a000000, 0x000000008a100000, 0x000000008a100000|100%|HC|  |TAMS 0x000000008a100000, 0x000000008a000000| Complete 
| 129|0x000000008a100000, 0x000000008a200000, 0x000000008a200000|100%|HC|  |TAMS 0x000000008a200000, 0x000000008a100000| Complete 
| 130|0x000000008a200000, 0x000000008a300000, 0x000000008a300000|100%|HC|  |TAMS 0x000000008a300000, 0x000000008a200000| Complete 
| 131|0x000000008a300000, 0x000000008a400000, 0x000000008a400000|100%|HC|  |TAMS 0x000000008a400000, 0x000000008a300000| Complete 
| 132|0x000000008a400000, 0x000000008a500000, 0x000000008a500000|100%|HC|  |TAMS 0x000000008a500000, 0x000000008a400000| Complete 
| 133|0x000000008a500000, 0x000000008a600000, 0x000000008a600000|100%|HC|  |TAMS 0x000000008a600000, 0x000000008a500000| Complete 
| 134|0x000000008a600000, 0x000000008a700000, 0x000000008a700000|100%|HC|  |TAMS 0x000000008a700000, 0x000000008a600000| Complete 
| 135|0x000000008a700000, 0x000000008a800000, 0x000000008a800000|100%|HC|  |TAMS 0x000000008a800000, 0x000000008a700000| Complete 
| 136|0x000000008a800000, 0x000000008a900000, 0x000000008a900000|100%|HC|  |TAMS 0x000000008a900000, 0x000000008a800000| Complete 
| 137|0x000000008a900000, 0x000000008aa00000, 0x000000008aa00000|100%|HC|  |TAMS 0x000000008aa00000, 0x000000008a900000| Complete 
| 138|0x000000008aa00000, 0x000000008ab00000, 0x000000008ab00000|100%|HC|  |TAMS 0x000000008ab00000, 0x000000008aa00000| Complete 
| 139|0x000000008ab00000, 0x000000008ac00000, 0x000000008ac00000|100%|HC|  |TAMS 0x000000008ac00000, 0x000000008ab00000| Complete 
| 140|0x000000008ac00000, 0x000000008ad00000, 0x000000008ad00000|100%|HC|  |TAMS 0x000000008ad00000, 0x000000008ac00000| Complete 
| 141|0x000000008ad00000, 0x000000008ae00000, 0x000000008ae00000|100%|HC|  |TAMS 0x000000008ae00000, 0x000000008ad00000| Complete 
| 142|0x000000008ae00000, 0x000000008af00000, 0x000000008af00000|100%|HC|  |TAMS 0x000000008af00000, 0x000000008ae00000| Complete 
| 143|0x000000008af00000, 0x000000008b000000, 0x000000008b000000|100%|HC|  |TAMS 0x000000008b000000, 0x000000008af00000| Complete 
| 144|0x000000008b000000, 0x000000008b100000, 0x000000008b100000|100%|HC|  |TAMS 0x000000008b100000, 0x000000008b000000| Complete 
| 145|0x000000008b100000, 0x000000008b200000, 0x000000008b200000|100%|HC|  |TAMS 0x000000008b200000, 0x000000008b100000| Complete 
| 146|0x000000008b200000, 0x000000008b300000, 0x000000008b300000|100%|HC|  |TAMS 0x000000008b300000, 0x000000008b200000| Complete 
| 147|0x000000008b300000, 0x000000008b400000, 0x000000008b400000|100%|HC|  |TAMS 0x000000008b400000, 0x000000008b300000| Complete 
| 148|0x000000008b400000, 0x000000008b500000, 0x000000008b500000|100%|HC|  |TAMS 0x000000008b500000, 0x000000008b400000| Complete 
| 149|0x000000008b500000, 0x000000008b600000, 0x000000008b600000|100%|HC|  |TAMS 0x000000008b600000, 0x000000008b500000| Complete 
| 150|0x000000008b600000, 0x000000008b700000, 0x000000008b700000|100%|HC|  |TAMS 0x000000008b700000, 0x000000008b600000| Complete 
| 151|0x000000008b700000, 0x000000008b800000, 0x000000008b800000|100%|HC|  |TAMS 0x000000008b800000, 0x000000008b700000| Complete 
| 152|0x000000008b800000, 0x000000008b900000, 0x000000008b900000|100%|HC|  |TAMS 0x000000008b900000, 0x000000008b800000| Complete 
| 153|0x000000008b900000, 0x000000008ba00000, 0x000000008ba00000|100%|HC|  |TAMS 0x000000008ba00000, 0x000000008b900000| Complete 
| 154|0x000000008ba00000, 0x000000008bb00000, 0x000000008bb00000|100%|HC|  |TAMS 0x000000008bb00000, 0x000000008ba00000| Complete 
| 155|0x000000008bb00000, 0x000000008bc00000, 0x000000008bc00000|100%|HC|  |TAMS 0x000000008bc00000, 0x000000008bb00000| Complete 
| 156|0x000000008bc00000, 0x000000008bd00000, 0x000000008bd00000|100%|HC|  |TAMS 0x000000008bd00000, 0x000000008bc00000| Complete 
| 157|0x000000008bd00000, 0x000000008be00000, 0x000000008be00000|100%|HC|  |TAMS 0x000000008be00000, 0x000000008bd00000| Complete 
| 158|0x000000008be00000, 0x000000008bf00000, 0x000000008bf00000|100%|HC|  |TAMS 0x000000008bf00000, 0x000000008be00000| Complete 
| 159|0x000000008bf00000, 0x000000008c000000, 0x000000008c000000|100%|HC|  |TAMS 0x000000008c000000, 0x000000008bf00000| Complete 
| 160|0x000000008c000000, 0x000000008c100000, 0x000000008c100000|100%|HC|  |TAMS 0x000000008c100000, 0x000000008c000000| Complete 
| 161|0x000000008c100000, 0x000000008c200000, 0x000000008c200000|100%|HC|  |TAMS 0x000000008c200000, 0x000000008c100000| Complete 
| 162|0x000000008c200000, 0x000000008c300000, 0x000000008c300000|100%|HC|  |TAMS 0x000000008c300000, 0x000000008c200000| Complete 
| 163|0x000000008c300000, 0x000000008c400000, 0x000000008c400000|100%|HC|  |TAMS 0x000000008c400000, 0x000000008c300000| Complete 
| 164|0x000000008c400000, 0x000000008c500000, 0x000000008c500000|100%|HC|  |TAMS 0x000000008c500000, 0x000000008c400000| Complete 
| 165|0x000000008c500000, 0x000000008c600000, 0x000000008c600000|100%|HC|  |TAMS 0x000000008c600000, 0x000000008c500000| Complete 
| 166|0x000000008c600000, 0x000000008c700000, 0x000000008c700000|100%|HC|  |TAMS 0x000000008c700000, 0x000000008c600000| Complete 
| 167|0x000000008c700000, 0x000000008c800000, 0x000000008c800000|100%|HC|  |TAMS 0x000000008c800000, 0x000000008c700000| Complete 
| 168|0x000000008c800000, 0x000000008c900000, 0x000000008c900000|100%|HC|  |TAMS 0x000000008c900000, 0x000000008c800000| Complete 
| 169|0x000000008c900000, 0x000000008ca00000, 0x000000008ca00000|100%|HC|  |TAMS 0x000000008ca00000, 0x000000008c900000| Complete 
| 170|0x000000008ca00000, 0x000000008cb00000, 0x000000008cb00000|100%|HC|  |TAMS 0x000000008cb00000, 0x000000008ca00000| Complete 
| 171|0x000000008cb00000, 0x000000008cc00000, 0x000000008cc00000|100%|HC|  |TAMS 0x000000008cc00000, 0x000000008cb00000| Complete 
| 172|0x000000008cc00000, 0x000000008cd00000, 0x000000008cd00000|100%|HC|  |TAMS 0x000000008cd00000, 0x000000008cc00000| Complete 
| 173|0x000000008cd00000, 0x000000008ce00000, 0x000000008ce00000|100%|HC|  |TAMS 0x000000008ce00000, 0x000000008cd00000| Complete 
| 174|0x000000008ce00000, 0x000000008cf00000, 0x000000008cf00000|100%|HC|  |TAMS 0x000000008cf00000, 0x000000008ce00000| Complete 
| 175|0x000000008cf00000, 0x000000008d000000, 0x000000008d000000|100%|HC|  |TAMS 0x000000008d000000, 0x000000008cf00000| Complete 
| 176|0x000000008d000000, 0x000000008d100000, 0x000000008d100000|100%|HC|  |TAMS 0x000000008d100000, 0x000000008d000000| Complete 
| 177|0x000000008d100000, 0x000000008d200000, 0x000000008d200000|100%|HC|  |TAMS 0x000000008d200000, 0x000000008d100000| Complete 
| 178|0x000000008d200000, 0x000000008d300000, 0x000000008d300000|100%|HC|  |TAMS 0x000000008d300000, 0x000000008d200000| Complete 
| 179|0x000000008d300000, 0x000000008d400000, 0x000000008d400000|100%|HC|  |TAMS 0x000000008d400000, 0x000000008d300000| Complete 
| 180|0x000000008d400000, 0x000000008d500000, 0x000000008d500000|100%|HC|  |TAMS 0x000000008d500000, 0x000000008d400000| Complete 
| 181|0x000000008d500000, 0x000000008d600000, 0x000000008d600000|100%|HC|  |TAMS 0x000000008d600000, 0x000000008d500000| Complete 
| 182|0x000000008d600000, 0x000000008d700000, 0x000000008d700000|100%|HC|  |TAMS 0x000000008d700000, 0x000000008d600000| Complete 
| 183|0x000000008d700000, 0x000000008d800000, 0x000000008d800000|100%|HC|  |TAMS 0x000000008d800000, 0x000000008d700000| Complete 
| 184|0x000000008d800000, 0x000000008d900000, 0x000000008d900000|100%|HC|  |TAMS 0x000000008d900000, 0x000000008d800000| Complete 
| 185|0x000000008d900000, 0x000000008da00000, 0x000000008da00000|100%|HC|  |TAMS 0x000000008da00000, 0x000000008d900000| Complete 
| 186|0x000000008da00000, 0x000000008db00000, 0x000000008db00000|100%|HC|  |TAMS 0x000000008db00000, 0x000000008da00000| Complete 
| 187|0x000000008db00000, 0x000000008dc00000, 0x000000008dc00000|100%|HC|  |TAMS 0x000000008dc00000, 0x000000008db00000| Complete 
| 188|0x000000008dc00000, 0x000000008dd00000, 0x000000008dd00000|100%|HC|  |TAMS 0x000000008dd00000, 0x000000008dc00000| Complete 
| 189|0x000000008dd00000, 0x000000008de00000, 0x000000008de00000|100%|HC|  |TAMS 0x000000008de00000, 0x000000008dd00000| Complete 
| 190|0x000000008de00000, 0x000000008df00000, 0x000000008df00000|100%|HC|  |TAMS 0x000000008df00000, 0x000000008de00000| Complete 
| 191|0x000000008df00000, 0x000000008e000000, 0x000000008e000000|100%|HC|  |TAMS 0x000000008e000000, 0x000000008df00000| Complete 
| 192|0x000000008e000000, 0x000000008e100000, 0x000000008e100000|100%|HC|  |TAMS 0x000000008e100000, 0x000000008e000000| Complete 
| 193|0x000000008e100000, 0x000000008e200000, 0x000000008e200000|100%|HC|  |TAMS 0x000000008e200000, 0x000000008e100000| Complete 
| 194|0x000000008e200000, 0x000000008e300000, 0x000000008e300000|100%|HC|  |TAMS 0x000000008e300000, 0x000000008e200000| Complete 
| 195|0x000000008e300000, 0x000000008e400000, 0x000000008e400000|100%|HC|  |TAMS 0x000000008e400000, 0x000000008e300000| Complete 
| 196|0x000000008e400000, 0x000000008e500000, 0x000000008e500000|100%|HC|  |TAMS 0x000000008e500000, 0x000000008e400000| Complete 
| 197|0x000000008e500000, 0x000000008e600000, 0x000000008e600000|100%|HC|  |TAMS 0x000000008e600000, 0x000000008e500000| Complete 
| 198|0x000000008e600000, 0x000000008e700000, 0x000000008e700000|100%|HC|  |TAMS 0x000000008e700000, 0x000000008e600000| Complete 
| 199|0x000000008e700000, 0x000000008e800000, 0x000000008e800000|100%|HC|  |TAMS 0x000000008e800000, 0x000000008e700000| Complete 
| 200|0x000000008e800000, 0x000000008e900000, 0x000000008e900000|100%|HC|  |TAMS 0x000000008e900000, 0x000000008e800000| Complete 
| 201|0x000000008e900000, 0x000000008ea00000, 0x000000008ea00000|100%|HC|  |TAMS 0x000000008ea00000, 0x000000008e900000| Complete 
| 202|0x000000008ea00000, 0x000000008eb00000, 0x000000008eb00000|100%|HC|  |TAMS 0x000000008eb00000, 0x000000008ea00000| Complete 
| 203|0x000000008eb00000, 0x000000008ec00000, 0x000000008ec00000|100%|HS|  |TAMS 0x000000008ec00000, 0x000000008eb00000| Complete 
| 204|0x000000008ec00000, 0x000000008ed00000, 0x000000008ed00000|100%|HC|  |TAMS 0x000000008ed00000, 0x000000008ec00000| Complete 
| 205|0x000000008ed00000, 0x000000008ee00000, 0x000000008ee00000|100%|HC|  |TAMS 0x000000008ee00000, 0x000000008ed00000| Complete 
| 206|0x000000008ee00000, 0x000000008ef00000, 0x000000008ef00000|100%|HC|  |TAMS 0x000000008ef00000, 0x000000008ee00000| Complete 
| 207|0x000000008ef00000, 0x000000008f000000, 0x000000008f000000|100%|HC|  |TAMS 0x000000008f000000, 0x000000008ef00000| Complete 
| 208|0x000000008f000000, 0x000000008f100000, 0x000000008f100000|100%|HC|  |TAMS 0x000000008f100000, 0x000000008f000000| Complete 
| 209|0x000000008f100000, 0x000000008f200000, 0x000000008f200000|100%|HC|  |TAMS 0x000000008f200000, 0x000000008f100000| Complete 
| 210|0x000000008f200000, 0x000000008f300000, 0x000000008f300000|100%|HC|  |TAMS 0x000000008f300000, 0x000000008f200000| Complete 
| 211|0x000000008f300000, 0x000000008f400000, 0x000000008f400000|100%|HC|  |TAMS 0x000000008f400000, 0x000000008f300000| Complete 
| 212|0x000000008f400000, 0x000000008f500000, 0x000000008f500000|100%|HC|  |TAMS 0x000000008f500000, 0x000000008f400000| Complete 
| 213|0x000000008f500000, 0x000000008f600000, 0x000000008f600000|100%|HC|  |TAMS 0x000000008f600000, 0x000000008f500000| Complete 
| 214|0x000000008f600000, 0x000000008f700000, 0x000000008f700000|100%|HC|  |TAMS 0x000000008f700000, 0x000000008f600000| Complete 
| 215|0x000000008f700000, 0x000000008f800000, 0x000000008f800000|100%|HC|  |TAMS 0x000000008f800000, 0x000000008f700000| Complete 
| 216|0x000000008f800000, 0x000000008f900000, 0x000000008f900000|100%|HC|  |TAMS 0x000000008f900000, 0x000000008f800000| Complete 
| 217|0x000000008f900000, 0x000000008fa00000, 0x000000008fa00000|100%|HC|  |TAMS 0x000000008fa00000, 0x000000008f900000| Complete 
| 218|0x000000008fa00000, 0x000000008fb00000, 0x000000008fb00000|100%|HC|  |TAMS 0x000000008fb00000, 0x000000008fa00000| Complete 
| 219|0x000000008fb00000, 0x000000008fc00000, 0x000000008fc00000|100%|HC|  |TAMS 0x000000008fc00000, 0x000000008fb00000| Complete 
| 220|0x000000008fc00000, 0x000000008fd00000, 0x000000008fd00000|100%|HC|  |TAMS 0x000000008fd00000, 0x000000008fc00000| Complete 
| 221|0x000000008fd00000, 0x000000008fe00000, 0x000000008fe00000|100%|HC|  |TAMS 0x000000008fe00000, 0x000000008fd00000| Complete 
| 222|0x000000008fe00000, 0x000000008ff00000, 0x000000008ff00000|100%|HC|  |TAMS 0x000000008ff00000, 0x000000008fe00000| Complete 
| 223|0x000000008ff00000, 0x0000000090000000, 0x0000000090000000|100%|HC|  |TAMS 0x0000000090000000, 0x000000008ff00000| Complete 
| 224|0x0000000090000000, 0x0000000090100000, 0x0000000090100000|100%|HC|  |TAMS 0x0000000090100000, 0x0000000090000000| Complete 
| 225|0x0000000090100000, 0x0000000090200000, 0x0000000090200000|100%|HC|  |TAMS 0x0000000090200000, 0x0000000090100000| Complete 
| 226|0x0000000090200000, 0x0000000090300000, 0x0000000090300000|100%|HC|  |TAMS 0x0000000090300000, 0x0000000090200000| Complete 
| 227|0x0000000090300000, 0x0000000090400000, 0x0000000090400000|100%|HC|  |TAMS 0x0000000090400000, 0x0000000090300000| Complete 
| 228|0x0000000090400000, 0x0000000090500000, 0x0000000090500000|100%|HC|  |TAMS 0x0000000090500000, 0x0000000090400000| Complete 
| 229|0x0000000090500000, 0x0000000090600000, 0x0000000090600000|100%|HC|  |TAMS 0x0000000090600000, 0x0000000090500000| Complete 
| 230|0x0000000090600000, 0x0000000090700000, 0x0000000090700000|100%|HC|  |TAMS 0x0000000090700000, 0x0000000090600000| Complete 
| 231|0x0000000090700000, 0x0000000090800000, 0x0000000090800000|100%|HC|  |TAMS 0x0000000090800000, 0x0000000090700000| Complete 
| 232|0x0000000090800000, 0x0000000090900000, 0x0000000090900000|100%|HC|  |TAMS 0x0000000090900000, 0x0000000090800000| Complete 
| 233|0x0000000090900000, 0x0000000090a00000, 0x0000000090a00000|100%|HC|  |TAMS 0x0000000090a00000, 0x0000000090900000| Complete 
| 234|0x0000000090a00000, 0x0000000090b00000, 0x0000000090b00000|100%|HC|  |TAMS 0x0000000090b00000, 0x0000000090a00000| Complete 
| 235|0x0000000090b00000, 0x0000000090c00000, 0x0000000090c00000|100%|HC|  |TAMS 0x0000000090c00000, 0x0000000090b00000| Complete 
| 236|0x0000000090c00000, 0x0000000090d00000, 0x0000000090d00000|100%|HC|  |TAMS 0x0000000090d00000, 0x0000000090c00000| Complete 
| 237|0x0000000090d00000, 0x0000000090e00000, 0x0000000090e00000|100%|HC|  |TAMS 0x0000000090e00000, 0x0000000090d00000| Complete 
| 238|0x0000000090e00000, 0x0000000090f00000, 0x0000000090f00000|100%|HC|  |TAMS 0x0000000090f00000, 0x0000000090e00000| Complete 
| 239|0x0000000090f00000, 0x0000000091000000, 0x0000000091000000|100%|HC|  |TAMS 0x0000000091000000, 0x0000000090f00000| Complete 
| 240|0x0000000091000000, 0x0000000091100000, 0x0000000091100000|100%|HC|  |TAMS 0x0000000091100000, 0x0000000091000000| Complete 
| 241|0x0000000091100000, 0x0000000091200000, 0x0000000091200000|100%|HC|  |TAMS 0x0000000091200000, 0x0000000091100000| Complete 
| 242|0x0000000091200000, 0x0000000091300000, 0x0000000091300000|100%|HC|  |TAMS 0x0000000091300000, 0x0000000091200000| Complete 
| 243|0x0000000091300000, 0x0000000091400000, 0x0000000091400000|100%|HC|  |TAMS 0x0000000091400000, 0x0000000091300000| Complete 
| 244|0x0000000091400000, 0x0000000091500000, 0x0000000091500000|100%|HC|  |TAMS 0x0000000091500000, 0x0000000091400000| Complete 
| 245|0x0000000091500000, 0x0000000091600000, 0x0000000091600000|100%|HC|  |TAMS 0x0000000091600000, 0x0000000091500000| Complete 
| 246|0x0000000091600000, 0x0000000091700000, 0x0000000091700000|100%|HC|  |TAMS 0x0000000091700000, 0x0000000091600000| Complete 
| 247|0x0000000091700000, 0x0000000091800000, 0x0000000091800000|100%|HC|  |TAMS 0x0000000091800000, 0x0000000091700000| Complete 
| 248|0x0000000091800000, 0x0000000091900000, 0x0000000091900000|100%|HC|  |TAMS 0x0000000091900000, 0x0000000091800000| Complete 
| 249|0x0000000091900000, 0x0000000091900000, 0x0000000091a00000|  0%| F|  |TAMS 0x0000000091900000, 0x0000000091900000| Untracked 
| 250|0x0000000091a00000, 0x0000000091a00000, 0x0000000091b00000|  0%| F|  |TAMS 0x0000000091a00000, 0x0000000091a00000| Untracked 
| 251|0x0000000091b00000, 0x0000000091b00000, 0x0000000091c00000|  0%| F|  |TAMS 0x0000000091b00000, 0x0000000091b00000| Untracked 
| 252|0x0000000091c00000, 0x0000000091c00000, 0x0000000091d00000|  0%| F|  |TAMS 0x0000000091c00000, 0x0000000091c00000| Untracked 
| 253|0x0000000091d00000, 0x0000000091d00000, 0x0000000091e00000|  0%| F|  |TAMS 0x0000000091d00000, 0x0000000091d00000| Untracked 
| 254|0x0000000091e00000, 0x0000000091e00000, 0x0000000091f00000|  0%| F|  |TAMS 0x0000000091e00000, 0x0000000091e00000| Untracked 
| 255|0x0000000091f00000, 0x0000000091f00000, 0x0000000092000000|  0%| F|  |TAMS 0x0000000091f00000, 0x0000000091f00000| Untracked 
| 256|0x0000000092000000, 0x0000000092000000, 0x0000000092100000|  0%| F|  |TAMS 0x0000000092000000, 0x0000000092000000| Untracked 
| 257|0x0000000092100000, 0x0000000092100000, 0x0000000092200000|  0%| F|  |TAMS 0x0000000092100000, 0x0000000092100000| Untracked 
| 258|0x0000000092200000, 0x0000000092200000, 0x0000000092300000|  0%| F|  |TAMS 0x0000000092200000, 0x0000000092200000| Untracked 
| 259|0x0000000092300000, 0x0000000092300000, 0x0000000092400000|  0%| F|  |TAMS 0x0000000092300000, 0x0000000092300000| Untracked 
| 260|0x0000000092400000, 0x0000000092400000, 0x0000000092500000|  0%| F|  |TAMS 0x0000000092400000, 0x0000000092400000| Untracked 
| 261|0x0000000092500000, 0x0000000092500000, 0x0000000092600000|  0%| F|  |TAMS 0x0000000092500000, 0x0000000092500000| Untracked 
| 262|0x0000000092600000, 0x0000000092600000, 0x0000000092700000|  0%| F|  |TAMS 0x0000000092600000, 0x0000000092600000| Untracked 
| 263|0x0000000092700000, 0x0000000092800000, 0x0000000092800000|100%| S|CS|TAMS 0x0000000092700000, 0x0000000092700000| Complete 
| 264|0x0000000092800000, 0x0000000092800000, 0x0000000092900000|  0%| F|  |TAMS 0x0000000092800000, 0x0000000092800000| Untracked 
| 265|0x0000000092900000, 0x0000000092900000, 0x0000000092a00000|  0%| F|  |TAMS 0x0000000092900000, 0x0000000092900000| Untracked 
| 266|0x0000000092a00000, 0x0000000092b00000, 0x0000000092b00000|100%| S|CS|TAMS 0x0000000092a00000, 0x0000000092a00000| Complete 
| 267|0x0000000092b00000, 0x0000000092c00000, 0x0000000092c00000|100%| S|CS|TAMS 0x0000000092b00000, 0x0000000092b00000| Complete 
| 268|0x0000000092c00000, 0x0000000092c00000, 0x0000000092d00000|  0%| F|  |TAMS 0x0000000092c00000, 0x0000000092c00000| Untracked 
| 269|0x0000000092d00000, 0x0000000092d00000, 0x0000000092e00000|  0%| F|  |TAMS 0x0000000092d00000, 0x0000000092d00000| Untracked 
| 270|0x0000000092e00000, 0x0000000092e00000, 0x0000000092f00000|  0%| F|  |TAMS 0x0000000092e00000, 0x0000000092e00000| Untracked 
| 271|0x0000000092f00000, 0x0000000092f00000, 0x0000000093000000|  0%| F|  |TAMS 0x0000000092f00000, 0x0000000092f00000| Untracked 
| 272|0x0000000093000000, 0x0000000093000000, 0x0000000093100000|  0%| F|  |TAMS 0x0000000093000000, 0x0000000093000000| Untracked 
| 273|0x0000000093100000, 0x0000000093100000, 0x0000000093200000|  0%| F|  |TAMS 0x0000000093100000, 0x0000000093100000| Untracked 
| 274|0x0000000093200000, 0x0000000093200000, 0x0000000093300000|  0%| F|  |TAMS 0x0000000093200000, 0x0000000093200000| Untracked 
| 275|0x0000000093300000, 0x0000000093300000, 0x0000000093400000|  0%| F|  |TAMS 0x0000000093300000, 0x0000000093300000| Untracked 
| 276|0x0000000093400000, 0x0000000093429028, 0x0000000093500000| 16%| E|  |TAMS 0x0000000093400000, 0x0000000093400000| Complete 
| 277|0x0000000093500000, 0x0000000093600000, 0x0000000093600000|100%|HS|  |TAMS 0x0000000093600000, 0x0000000093500000| Complete 
| 278|0x0000000093600000, 0x0000000093700000, 0x0000000093700000|100%|HC|  |TAMS 0x0000000093700000, 0x0000000093600000| Complete 
| 279|0x0000000093700000, 0x0000000093800000, 0x0000000093800000|100%|HC|  |TAMS 0x0000000093800000, 0x0000000093700000| Complete 
| 280|0x0000000093800000, 0x0000000093900000, 0x0000000093900000|100%|HC|  |TAMS 0x0000000093900000, 0x0000000093800000| Complete 
| 281|0x0000000093900000, 0x0000000093a00000, 0x0000000093a00000|100%|HC|  |TAMS 0x0000000093a00000, 0x0000000093900000| Complete 
| 282|0x0000000093a00000, 0x0000000093b00000, 0x0000000093b00000|100%|HC|  |TAMS 0x0000000093b00000, 0x0000000093a00000| Complete 
| 283|0x0000000093b00000, 0x0000000093c00000, 0x0000000093c00000|100%|HC|  |TAMS 0x0000000093c00000, 0x0000000093b00000| Complete 
| 284|0x0000000093c00000, 0x0000000093d00000, 0x0000000093d00000|100%|HC|  |TAMS 0x0000000093d00000, 0x0000000093c00000| Complete 
| 285|0x0000000093d00000, 0x0000000093e00000, 0x0000000093e00000|100%|HC|  |TAMS 0x0000000093e00000, 0x0000000093d00000| Complete 
| 286|0x0000000093e00000, 0x0000000093f00000, 0x0000000093f00000|100%|HC|  |TAMS 0x0000000093f00000, 0x0000000093e00000| Complete 
| 287|0x0000000093f00000, 0x0000000094000000, 0x0000000094000000|100%|HC|  |TAMS 0x0000000094000000, 0x0000000093f00000| Complete 
| 288|0x0000000094000000, 0x0000000094100000, 0x0000000094100000|100%|HC|  |TAMS 0x0000000094100000, 0x0000000094000000| Complete 
| 289|0x0000000094100000, 0x0000000094200000, 0x0000000094200000|100%|HC|  |TAMS 0x0000000094200000, 0x0000000094100000| Complete 
| 290|0x0000000094200000, 0x0000000094300000, 0x0000000094300000|100%|HC|  |TAMS 0x0000000094300000, 0x0000000094200000| Complete 
| 291|0x0000000094300000, 0x0000000094400000, 0x0000000094400000|100%|HC|  |TAMS 0x0000000094400000, 0x0000000094300000| Complete 
| 292|0x0000000094400000, 0x0000000094500000, 0x0000000094500000|100%|HC|  |TAMS 0x0000000094500000, 0x0000000094400000| Complete 
| 293|0x0000000094500000, 0x0000000094600000, 0x0000000094600000|100%|HC|  |TAMS 0x0000000094600000, 0x0000000094500000| Complete 
| 294|0x0000000094600000, 0x0000000094700000, 0x0000000094700000|100%|HC|  |TAMS 0x0000000094700000, 0x0000000094600000| Complete 
| 295|0x0000000094700000, 0x0000000094800000, 0x0000000094800000|100%|HC|  |TAMS 0x0000000094800000, 0x0000000094700000| Complete 
| 296|0x0000000094800000, 0x0000000094900000, 0x0000000094900000|100%|HC|  |TAMS 0x0000000094900000, 0x0000000094800000| Complete 
| 297|0x0000000094900000, 0x0000000094a00000, 0x0000000094a00000|100%|HC|  |TAMS 0x0000000094a00000, 0x0000000094900000| Complete 
| 298|0x0000000094a00000, 0x0000000094b00000, 0x0000000094b00000|100%|HC|  |TAMS 0x0000000094b00000, 0x0000000094a00000| Complete 
| 299|0x0000000094b00000, 0x0000000094c00000, 0x0000000094c00000|100%|HC|  |TAMS 0x0000000094c00000, 0x0000000094b00000| Complete 
| 300|0x0000000094c00000, 0x0000000094d00000, 0x0000000094d00000|100%|HC|  |TAMS 0x0000000094d00000, 0x0000000094c00000| Complete 
| 301|0x0000000094d00000, 0x0000000094e00000, 0x0000000094e00000|100%|HC|  |TAMS 0x0000000094e00000, 0x0000000094d00000| Complete 
| 302|0x0000000094e00000, 0x0000000094f00000, 0x0000000094f00000|100%|HC|  |TAMS 0x0000000094f00000, 0x0000000094e00000| Complete 
| 303|0x0000000094f00000, 0x0000000095000000, 0x0000000095000000|100%|HC|  |TAMS 0x0000000095000000, 0x0000000094f00000| Complete 
| 304|0x0000000095000000, 0x0000000095100000, 0x0000000095100000|100%|HC|  |TAMS 0x0000000095100000, 0x0000000095000000| Complete 
| 305|0x0000000095100000, 0x0000000095200000, 0x0000000095200000|100%|HC|  |TAMS 0x0000000095200000, 0x0000000095100000| Complete 
| 306|0x0000000095200000, 0x0000000095300000, 0x0000000095300000|100%|HC|  |TAMS 0x0000000095300000, 0x0000000095200000| Complete 
| 307|0x0000000095300000, 0x0000000095400000, 0x0000000095400000|100%|HC|  |TAMS 0x0000000095400000, 0x0000000095300000| Complete 
| 308|0x0000000095400000, 0x0000000095500000, 0x0000000095500000|100%|HC|  |TAMS 0x0000000095500000, 0x0000000095400000| Complete 
| 309|0x0000000095500000, 0x0000000095600000, 0x0000000095600000|100%|HC|  |TAMS 0x0000000095600000, 0x0000000095500000| Complete 
| 310|0x0000000095600000, 0x0000000095700000, 0x0000000095700000|100%|HC|  |TAMS 0x0000000095700000, 0x0000000095600000| Complete 
| 311|0x0000000095700000, 0x0000000095800000, 0x0000000095800000|100%|HC|  |TAMS 0x0000000095800000, 0x0000000095700000| Complete 
| 312|0x0000000095800000, 0x0000000095900000, 0x0000000095900000|100%|HC|  |TAMS 0x0000000095900000, 0x0000000095800000| Complete 
| 313|0x0000000095900000, 0x0000000095a00000, 0x0000000095a00000|100%|HC|  |TAMS 0x0000000095a00000, 0x0000000095900000| Complete 
| 314|0x0000000095a00000, 0x0000000095b00000, 0x0000000095b00000|100%|HC|  |TAMS 0x0000000095b00000, 0x0000000095a00000| Complete 
| 315|0x0000000095b00000, 0x0000000095c00000, 0x0000000095c00000|100%|HC|  |TAMS 0x0000000095c00000, 0x0000000095b00000| Complete 
| 316|0x0000000095c00000, 0x0000000095d00000, 0x0000000095d00000|100%|HC|  |TAMS 0x0000000095d00000, 0x0000000095c00000| Complete 
| 317|0x0000000095d00000, 0x0000000095e00000, 0x0000000095e00000|100%|HC|  |TAMS 0x0000000095e00000, 0x0000000095d00000| Complete 
| 318|0x0000000095e00000, 0x0000000095f00000, 0x0000000095f00000|100%|HC|  |TAMS 0x0000000095f00000, 0x0000000095e00000| Complete 
| 319|0x0000000095f00000, 0x0000000096000000, 0x0000000096000000|100%|HC|  |TAMS 0x0000000096000000, 0x0000000095f00000| Complete 
| 320|0x0000000096000000, 0x0000000096100000, 0x0000000096100000|100%|HC|  |TAMS 0x0000000096100000, 0x0000000096000000| Complete 
| 321|0x0000000096100000, 0x0000000096200000, 0x0000000096200000|100%|HC|  |TAMS 0x0000000096200000, 0x0000000096100000| Complete 
| 322|0x0000000096200000, 0x0000000096300000, 0x0000000096300000|100%|HC|  |TAMS 0x0000000096300000, 0x0000000096200000| Complete 
| 323|0x0000000096300000, 0x0000000096400000, 0x0000000096400000|100%|HC|  |TAMS 0x0000000096400000, 0x0000000096300000| Complete 
| 324|0x0000000096400000, 0x0000000096500000, 0x0000000096500000|100%|HC|  |TAMS 0x0000000096500000, 0x0000000096400000| Complete 
| 325|0x0000000096500000, 0x0000000096600000, 0x0000000096600000|100%|HC|  |TAMS 0x0000000096600000, 0x0000000096500000| Complete 
| 326|0x0000000096600000, 0x0000000096700000, 0x0000000096700000|100%|HC|  |TAMS 0x0000000096700000, 0x0000000096600000| Complete 
| 327|0x0000000096700000, 0x0000000096800000, 0x0000000096800000|100%|HC|  |TAMS 0x0000000096800000, 0x0000000096700000| Complete 
| 328|0x0000000096800000, 0x0000000096900000, 0x0000000096900000|100%|HC|  |TAMS 0x0000000096900000, 0x0000000096800000| Complete 
| 329|0x0000000096900000, 0x0000000096a00000, 0x0000000096a00000|100%|HC|  |TAMS 0x0000000096a00000, 0x0000000096900000| Complete 
| 330|0x0000000096a00000, 0x0000000096b00000, 0x0000000096b00000|100%|HC|  |TAMS 0x0000000096b00000, 0x0000000096a00000| Complete 
| 331|0x0000000096b00000, 0x0000000096c00000, 0x0000000096c00000|100%|HC|  |TAMS 0x0000000096c00000, 0x0000000096b00000| Complete 
| 332|0x0000000096c00000, 0x0000000096d00000, 0x0000000096d00000|100%|HC|  |TAMS 0x0000000096d00000, 0x0000000096c00000| Complete 
| 333|0x0000000096d00000, 0x0000000096e00000, 0x0000000096e00000|100%|HC|  |TAMS 0x0000000096e00000, 0x0000000096d00000| Complete 
| 334|0x0000000096e00000, 0x0000000096f00000, 0x0000000096f00000|100%|HC|  |TAMS 0x0000000096f00000, 0x0000000096e00000| Complete 
| 335|0x0000000096f00000, 0x0000000097000000, 0x0000000097000000|100%|HC|  |TAMS 0x0000000097000000, 0x0000000096f00000| Complete 
| 336|0x0000000097000000, 0x0000000097100000, 0x0000000097100000|100%|HC|  |TAMS 0x0000000097100000, 0x0000000097000000| Complete 
| 337|0x0000000097100000, 0x0000000097200000, 0x0000000097200000|100%|HC|  |TAMS 0x0000000097200000, 0x0000000097100000| Complete 
| 338|0x0000000097200000, 0x0000000097300000, 0x0000000097300000|100%|HC|  |TAMS 0x0000000097300000, 0x0000000097200000| Complete 
| 339|0x0000000097300000, 0x0000000097400000, 0x0000000097400000|100%|HC|  |TAMS 0x0000000097400000, 0x0000000097300000| Complete 
| 340|0x0000000097400000, 0x0000000097500000, 0x0000000097500000|100%|HC|  |TAMS 0x0000000097500000, 0x0000000097400000| Complete 
| 341|0x0000000097500000, 0x0000000097600000, 0x0000000097600000|100%|HC|  |TAMS 0x0000000097600000, 0x0000000097500000| Complete 
| 342|0x0000000097600000, 0x0000000097700000, 0x0000000097700000|100%|HC|  |TAMS 0x0000000097700000, 0x0000000097600000| Complete 
| 343|0x0000000097700000, 0x0000000097800000, 0x0000000097800000|100%|HC|  |TAMS 0x0000000097800000, 0x0000000097700000| Complete 
| 344|0x0000000097800000, 0x0000000097900000, 0x0000000097900000|100%|HC|  |TAMS 0x0000000097900000, 0x0000000097800000| Complete 
| 345|0x0000000097900000, 0x0000000097a00000, 0x0000000097a00000|100%|HC|  |TAMS 0x0000000097a00000, 0x0000000097900000| Complete 
| 346|0x0000000097a00000, 0x0000000097b00000, 0x0000000097b00000|100%|HC|  |TAMS 0x0000000097b00000, 0x0000000097a00000| Complete 
| 347|0x0000000097b00000, 0x0000000097c00000, 0x0000000097c00000|100%|HC|  |TAMS 0x0000000097c00000, 0x0000000097b00000| Complete 
| 348|0x0000000097c00000, 0x0000000097d00000, 0x0000000097d00000|100%|HC|  |TAMS 0x0000000097d00000, 0x0000000097c00000| Complete 
| 349|0x0000000097d00000, 0x0000000097e00000, 0x0000000097e00000|100%|HC|  |TAMS 0x0000000097e00000, 0x0000000097d00000| Complete 
| 350|0x0000000097e00000, 0x0000000097f00000, 0x0000000097f00000|100%|HC|  |TAMS 0x0000000097f00000, 0x0000000097e00000| Complete 
| 351|0x0000000097f00000, 0x0000000098000000, 0x0000000098000000|100%|HC|  |TAMS 0x0000000098000000, 0x0000000097f00000| Complete 
| 352|0x0000000098000000, 0x0000000098100000, 0x0000000098100000|100%|HC|  |TAMS 0x0000000098100000, 0x0000000098000000| Complete 
| 353|0x0000000098100000, 0x0000000098200000, 0x0000000098200000|100%|HC|  |TAMS 0x0000000098200000, 0x0000000098100000| Complete 
| 354|0x0000000098200000, 0x0000000098300000, 0x0000000098300000|100%|HC|  |TAMS 0x0000000098300000, 0x0000000098200000| Complete 
| 355|0x0000000098300000, 0x0000000098400000, 0x0000000098400000|100%|HS|  |TAMS 0x0000000098400000, 0x0000000098300000| Complete 
| 356|0x0000000098400000, 0x0000000098500000, 0x0000000098500000|100%|HC|  |TAMS 0x0000000098500000, 0x0000000098400000| Complete 
| 357|0x0000000098500000, 0x0000000098600000, 0x0000000098600000|100%|HC|  |TAMS 0x0000000098600000, 0x0000000098500000| Complete 
| 358|0x0000000098600000, 0x0000000098700000, 0x0000000098700000|100%|HC|  |TAMS 0x0000000098700000, 0x0000000098600000| Complete 
| 359|0x0000000098700000, 0x0000000098800000, 0x0000000098800000|100%|HC|  |TAMS 0x0000000098800000, 0x0000000098700000| Complete 
| 360|0x0000000098800000, 0x0000000098900000, 0x0000000098900000|100%|HC|  |TAMS 0x0000000098900000, 0x0000000098800000| Complete 
| 361|0x0000000098900000, 0x0000000098a00000, 0x0000000098a00000|100%|HC|  |TAMS 0x0000000098a00000, 0x0000000098900000| Complete 
| 362|0x0000000098a00000, 0x0000000098b00000, 0x0000000098b00000|100%|HC|  |TAMS 0x0000000098b00000, 0x0000000098a00000| Complete 
| 363|0x0000000098b00000, 0x0000000098c00000, 0x0000000098c00000|100%|HC|  |TAMS 0x0000000098c00000, 0x0000000098b00000| Complete 
| 364|0x0000000098c00000, 0x0000000098d00000, 0x0000000098d00000|100%|HC|  |TAMS 0x0000000098d00000, 0x0000000098c00000| Complete 
| 365|0x0000000098d00000, 0x0000000098e00000, 0x0000000098e00000|100%|HC|  |TAMS 0x0000000098e00000, 0x0000000098d00000| Complete 
| 366|0x0000000098e00000, 0x0000000098f00000, 0x0000000098f00000|100%|HC|  |TAMS 0x0000000098f00000, 0x0000000098e00000| Complete 
| 367|0x0000000098f00000, 0x0000000099000000, 0x0000000099000000|100%|HC|  |TAMS 0x0000000099000000, 0x0000000098f00000| Complete 
| 368|0x0000000099000000, 0x0000000099100000, 0x0000000099100000|100%|HC|  |TAMS 0x0000000099100000, 0x0000000099000000| Complete 
| 369|0x0000000099100000, 0x0000000099200000, 0x0000000099200000|100%|HC|  |TAMS 0x0000000099200000, 0x0000000099100000| Complete 
| 370|0x0000000099200000, 0x0000000099300000, 0x0000000099300000|100%|HC|  |TAMS 0x0000000099300000, 0x0000000099200000| Complete 
| 371|0x0000000099300000, 0x0000000099400000, 0x0000000099400000|100%|HC|  |TAMS 0x0000000099400000, 0x0000000099300000| Complete 
| 372|0x0000000099400000, 0x0000000099500000, 0x0000000099500000|100%|HC|  |TAMS 0x0000000099500000, 0x0000000099400000| Complete 
| 373|0x0000000099500000, 0x0000000099600000, 0x0000000099600000|100%|HC|  |TAMS 0x0000000099600000, 0x0000000099500000| Complete 
| 374|0x0000000099600000, 0x0000000099700000, 0x0000000099700000|100%|HC|  |TAMS 0x0000000099700000, 0x0000000099600000| Complete 
| 375|0x0000000099700000, 0x0000000099800000, 0x0000000099800000|100%|HC|  |TAMS 0x0000000099800000, 0x0000000099700000| Complete 
| 376|0x0000000099800000, 0x0000000099900000, 0x0000000099900000|100%|HC|  |TAMS 0x0000000099900000, 0x0000000099800000| Complete 
| 377|0x0000000099900000, 0x0000000099a00000, 0x0000000099a00000|100%|HC|  |TAMS 0x0000000099a00000, 0x0000000099900000| Complete 
| 378|0x0000000099a00000, 0x0000000099b00000, 0x0000000099b00000|100%|HC|  |TAMS 0x0000000099b00000, 0x0000000099a00000| Complete 
| 379|0x0000000099b00000, 0x0000000099c00000, 0x0000000099c00000|100%|HC|  |TAMS 0x0000000099c00000, 0x0000000099b00000| Complete 
| 380|0x0000000099c00000, 0x0000000099d00000, 0x0000000099d00000|100%|HC|  |TAMS 0x0000000099d00000, 0x0000000099c00000| Complete 
| 381|0x0000000099d00000, 0x0000000099e00000, 0x0000000099e00000|100%|HC|  |TAMS 0x0000000099e00000, 0x0000000099d00000| Complete 
| 382|0x0000000099e00000, 0x0000000099f00000, 0x0000000099f00000|100%|HC|  |TAMS 0x0000000099f00000, 0x0000000099e00000| Complete 
| 383|0x0000000099f00000, 0x000000009a000000, 0x000000009a000000|100%|HC|  |TAMS 0x000000009a000000, 0x0000000099f00000| Complete 
| 384|0x000000009a000000, 0x000000009a100000, 0x000000009a100000|100%|HC|  |TAMS 0x000000009a100000, 0x000000009a000000| Complete 
| 385|0x000000009a100000, 0x000000009a200000, 0x000000009a200000|100%|HC|  |TAMS 0x000000009a200000, 0x000000009a100000| Complete 
| 386|0x000000009a200000, 0x000000009a300000, 0x000000009a300000|100%|HC|  |TAMS 0x000000009a300000, 0x000000009a200000| Complete 
| 387|0x000000009a300000, 0x000000009a400000, 0x000000009a400000|100%|HC|  |TAMS 0x000000009a400000, 0x000000009a300000| Complete 
| 388|0x000000009a400000, 0x000000009a500000, 0x000000009a500000|100%|HC|  |TAMS 0x000000009a500000, 0x000000009a400000| Complete 
| 389|0x000000009a500000, 0x000000009a600000, 0x000000009a600000|100%|HC|  |TAMS 0x000000009a600000, 0x000000009a500000| Complete 
| 390|0x000000009a600000, 0x000000009a700000, 0x000000009a700000|100%|HC|  |TAMS 0x000000009a700000, 0x000000009a600000| Complete 
| 391|0x000000009a700000, 0x000000009a800000, 0x000000009a800000|100%|HC|  |TAMS 0x000000009a800000, 0x000000009a700000| Complete 
| 392|0x000000009a800000, 0x000000009a900000, 0x000000009a900000|100%|HC|  |TAMS 0x000000009a900000, 0x000000009a800000| Complete 
| 393|0x000000009a900000, 0x000000009aa00000, 0x000000009aa00000|100%|HC|  |TAMS 0x000000009aa00000, 0x000000009a900000| Complete 
| 394|0x000000009aa00000, 0x000000009ab00000, 0x000000009ab00000|100%|HC|  |TAMS 0x000000009ab00000, 0x000000009aa00000| Complete 
| 395|0x000000009ab00000, 0x000000009ac00000, 0x000000009ac00000|100%|HC|  |TAMS 0x000000009ac00000, 0x000000009ab00000| Complete 
| 396|0x000000009ac00000, 0x000000009ad00000, 0x000000009ad00000|100%|HC|  |TAMS 0x000000009ad00000, 0x000000009ac00000| Complete 
| 397|0x000000009ad00000, 0x000000009ae00000, 0x000000009ae00000|100%|HC|  |TAMS 0x000000009ae00000, 0x000000009ad00000| Complete 
| 398|0x000000009ae00000, 0x000000009af00000, 0x000000009af00000|100%|HC|  |TAMS 0x000000009af00000, 0x000000009ae00000| Complete 
| 399|0x000000009af00000, 0x000000009b000000, 0x000000009b000000|100%|HC|  |TAMS 0x000000009b000000, 0x000000009af00000| Complete 
| 400|0x000000009b000000, 0x000000009b100000, 0x000000009b100000|100%|HC|  |TAMS 0x000000009b100000, 0x000000009b000000| Complete 
| 401|0x000000009b100000, 0x000000009b200000, 0x000000009b200000|100%|HC|  |TAMS 0x000000009b200000, 0x000000009b100000| Complete 
| 402|0x000000009b200000, 0x000000009b300000, 0x000000009b300000|100%|HC|  |TAMS 0x000000009b300000, 0x000000009b200000| Complete 
| 403|0x000000009b300000, 0x000000009b400000, 0x000000009b400000|100%|HC|  |TAMS 0x000000009b400000, 0x000000009b300000| Complete 
| 404|0x000000009b400000, 0x000000009b500000, 0x000000009b500000|100%|HC|  |TAMS 0x000000009b500000, 0x000000009b400000| Complete 
| 405|0x000000009b500000, 0x000000009b600000, 0x000000009b600000|100%|HC|  |TAMS 0x000000009b600000, 0x000000009b500000| Complete 
| 406|0x000000009b600000, 0x000000009b700000, 0x000000009b700000|100%|HC|  |TAMS 0x000000009b700000, 0x000000009b600000| Complete 
| 407|0x000000009b700000, 0x000000009b800000, 0x000000009b800000|100%|HC|  |TAMS 0x000000009b800000, 0x000000009b700000| Complete 
| 408|0x000000009b800000, 0x000000009b900000, 0x000000009b900000|100%|HC|  |TAMS 0x000000009b900000, 0x000000009b800000| Complete 
| 409|0x000000009b900000, 0x000000009ba00000, 0x000000009ba00000|100%|HC|  |TAMS 0x000000009ba00000, 0x000000009b900000| Complete 
| 410|0x000000009ba00000, 0x000000009bb00000, 0x000000009bb00000|100%|HC|  |TAMS 0x000000009bb00000, 0x000000009ba00000| Complete 
| 411|0x000000009bb00000, 0x000000009bc00000, 0x000000009bc00000|100%|HC|  |TAMS 0x000000009bc00000, 0x000000009bb00000| Complete 
| 412|0x000000009bc00000, 0x000000009bd00000, 0x000000009bd00000|100%|HC|  |TAMS 0x000000009bd00000, 0x000000009bc00000| Complete 
| 413|0x000000009bd00000, 0x000000009be00000, 0x000000009be00000|100%|HC|  |TAMS 0x000000009be00000, 0x000000009bd00000| Complete 
| 414|0x000000009be00000, 0x000000009bf00000, 0x000000009bf00000|100%|HC|  |TAMS 0x000000009bf00000, 0x000000009be00000| Complete 
| 415|0x000000009bf00000, 0x000000009c000000, 0x000000009c000000|100%|HC|  |TAMS 0x000000009c000000, 0x000000009bf00000| Complete 
| 416|0x000000009c000000, 0x000000009c100000, 0x000000009c100000|100%|HC|  |TAMS 0x000000009c100000, 0x000000009c000000| Complete 
| 417|0x000000009c100000, 0x000000009c200000, 0x000000009c200000|100%|HC|  |TAMS 0x000000009c200000, 0x000000009c100000| Complete 
| 418|0x000000009c200000, 0x000000009c300000, 0x000000009c300000|100%|HC|  |TAMS 0x000000009c300000, 0x000000009c200000| Complete 
| 419|0x000000009c300000, 0x000000009c400000, 0x000000009c400000|100%|HC|  |TAMS 0x000000009c400000, 0x000000009c300000| Complete 
| 420|0x000000009c400000, 0x000000009c500000, 0x000000009c500000|100%|HC|  |TAMS 0x000000009c500000, 0x000000009c400000| Complete 
| 421|0x000000009c500000, 0x000000009c600000, 0x000000009c600000|100%|HC|  |TAMS 0x000000009c600000, 0x000000009c500000| Complete 
| 422|0x000000009c600000, 0x000000009c700000, 0x000000009c700000|100%|HC|  |TAMS 0x000000009c700000, 0x000000009c600000| Complete 
| 423|0x000000009c700000, 0x000000009c800000, 0x000000009c800000|100%|HC|  |TAMS 0x000000009c800000, 0x000000009c700000| Complete 
| 424|0x000000009c800000, 0x000000009c900000, 0x000000009c900000|100%|HC|  |TAMS 0x000000009c900000, 0x000000009c800000| Complete 
| 425|0x000000009c900000, 0x000000009ca00000, 0x000000009ca00000|100%|HC|  |TAMS 0x000000009ca00000, 0x000000009c900000| Complete 
| 426|0x000000009ca00000, 0x000000009cb00000, 0x000000009cb00000|100%|HC|  |TAMS 0x000000009cb00000, 0x000000009ca00000| Complete 
| 427|0x000000009cb00000, 0x000000009cc00000, 0x000000009cc00000|100%|HC|  |TAMS 0x000000009cc00000, 0x000000009cb00000| Complete 
| 428|0x000000009cc00000, 0x000000009cd00000, 0x000000009cd00000|100%|HC|  |TAMS 0x000000009cd00000, 0x000000009cc00000| Complete 
| 429|0x000000009cd00000, 0x000000009ce00000, 0x000000009ce00000|100%|HC|  |TAMS 0x000000009ce00000, 0x000000009cd00000| Complete 
| 430|0x000000009ce00000, 0x000000009cf00000, 0x000000009cf00000|100%|HC|  |TAMS 0x000000009cf00000, 0x000000009ce00000| Complete 
| 431|0x000000009cf00000, 0x000000009d000000, 0x000000009d000000|100%|HC|  |TAMS 0x000000009d000000, 0x000000009cf00000| Complete 
| 432|0x000000009d000000, 0x000000009d100000, 0x000000009d100000|100%|HC|  |TAMS 0x000000009d100000, 0x000000009d000000| Complete 

Card table byte_map: [0x00000230ab440000,0x00000230ab830000] _byte_map_base: 0x00000230ab030000

Marking Bits (Prev, Next): (CMBitMap*) 0x000002309483ed10, (CMBitMap*) 0x000002309483ed50
 Prev Bits: [0x00000230abc20000, 0x00000230adba0000)
 Next Bits: [0x00000230adba0000, 0x00000230afb20000)

Polling page: 0x00000230927a0000

Metaspace:

Usage:
  Non-class:     13.35 MB used.
      Class:      2.48 MB used.
       Both:     15.83 MB used.

Virtual space:
  Non-class space:       64.00 MB reserved,      13.44 MB ( 21%) committed,  1 nodes.
      Class space:        1.00 GB reserved,       2.56 MB ( <1%) committed,  1 nodes.
             Both:        1.06 GB reserved,      16.00 MB (  1%) committed. 

Chunk freelists:
   Non-Class:  1.44 MB
       Class:  13.45 MB
        Both:  14.89 MB

MaxMetaspaceSize: unlimited
CompressedClassSpaceSize: 1.00 GB
Initial GC threshold: 21.00 MB
Current GC threshold: 21.00 MB
CDS: on
MetaspaceReclaimPolicy: balanced
 - commit_granule_bytes: 65536.
 - commit_granule_words: 8192.
 - virtual_space_node_default_size: 8388608.
 - enlarge_chunks_in_place: 1.
 - new_chunks_are_fully_committed: 0.
 - uncommit_free_chunks: 1.
 - use_allocation_guard: 0.
 - handle_deallocations: 1.


Internal statistics:

num_allocs_failed_limit: 0.
num_arena_births: 162.
num_arena_deaths: 0.
num_vsnodes_births: 2.
num_vsnodes_deaths: 0.
num_space_committed: 256.
num_space_uncommitted: 0.
num_chunks_returned_to_freelist: 0.
num_chunks_taken_from_freelist: 722.
num_chunk_merges: 0.
num_chunk_splits: 514.
num_chunks_enlarged: 430.
num_purges: 0.
num_inconsistent_stats: 0.

CodeHeap 'non-profiled nmethods': size=120000Kb used=1324Kb max_used=1324Kb free=118675Kb
 bounds [0x00000230a3b20000, 0x00000230a3d90000, 0x00000230ab050000]
CodeHeap 'profiled nmethods': size=120000Kb used=6740Kb max_used=6740Kb free=113259Kb
 bounds [0x000002309c050000, 0x000002309c6f0000, 0x00000230a3580000]
CodeHeap 'non-nmethods': size=5760Kb used=1443Kb max_used=1505Kb free=4317Kb
 bounds [0x00000230a3580000, 0x00000230a37f0000, 0x00000230a3b20000]
 total_blobs=4089 nmethods=3280 adapters=720
 compilation: enabled
              stopped_count=0, restarted_count=0
 full_count=0

Compilation events (20 events):
Event: 18.681 Thread 0x00000230b1ff9bb0 3270       3       com.sun.marlin.Renderer::moveTo (41 bytes)
Event: 18.681 Thread 0x00000230b1ff9bb0 nmethod 3270 0x000002309c6df490 code [0x000002309c6df660, 0x000002309c6df8a8]
Event: 18.681 Thread 0x00000230fd747020 3273 %     4       com.sun.marlin.Renderer::_endRendering @ 787 (2639 bytes)
Event: 18.682 Thread 0x00000230b1ff9bb0 3274       3       com.sun.marlin.MaskMarlinAlphaConsumer::setAndClearRelativeAlphas (263 bytes)
Event: 18.683 Thread 0x00000230b1ff9bb0 nmethod 3274 0x000002309c6dfa10 code [0x000002309c6dfc80, 0x000002309c6e07d8]
Event: 18.683 Thread 0x00000230b1ff9bb0 3275       3       com.sun.marlin.MaskMarlinAlphaConsumer::setAndClearRelativeAlphas (641 bytes)
Event: 18.685 Thread 0x00000230b1ff9bb0 nmethod 3275 0x000002309c6e0e90 code [0x000002309c6e11c0, 0x000002309c6e2be8]
Event: 18.685 Thread 0x00000230b1ff9bb0 3276       3       com.sun.marlin.ArrayCacheIntClean::fill (21 bytes)
Event: 18.686 Thread 0x00000230b1ff9bb0 nmethod 3276 0x000002309c6e3b90 code [0x000002309c6e3d20, 0x000002309c6e3e68]
Event: 18.697 Thread 0x00000230b1ff9bb0 3282   !   3       java.nio.ByteBuffer::wrap (21 bytes)
Event: 18.697 Thread 0x00000230b1ff9bb0 nmethod 3282 0x000002309c6e3f10 code [0x000002309c6e40c0, 0x000002309c6e4358]
Event: 18.697 Thread 0x00000230b1ff9bb0 3283       3       java.nio.HeapByteBuffer::<init> (23 bytes)
Event: 18.697 Thread 0x00000230b1ff9bb0 nmethod 3283 0x000002309c6e4490 code [0x000002309c6e4640, 0x000002309c6e47c8]
Event: 18.702 Thread 0x00000230b1ff9bb0 3284       3       com.sun.prism.impl.packrect.Level::add (98 bytes)
Event: 18.702 Thread 0x00000230b1ff9bb0 nmethod 3284 0x000002309c6e4890 code [0x000002309c6e4a40, 0x000002309c6e4c98]
Event: 18.703 Thread 0x00000230b1ff9bb0 3286       3       com.sun.javafx.font.directwrite.DWRITE_GLYPH_METRICS::<init> (5 bytes)
Event: 18.703 Thread 0x00000230b1ff9bb0 nmethod 3286 0x000002309c6e4d90 code [0x000002309c6e4f20, 0x000002309c6e5078]
Event: 18.721 Thread 0x00000230b1ff9bb0 3288       1       com.sun.scenario.effect.ImageData::getUntransformedBounds (5 bytes)
Event: 18.721 Thread 0x00000230b1ff9bb0 nmethod 3288 0x00000230a3c6ae10 code [0x00000230a3c6afa0, 0x00000230a3c6b078]
Event: 18.722 Thread 0x00000230b1ff9bb0 3289  s    3       com.sun.scenario.effect.impl.Renderer::getRenderer (241 bytes)

GC Heap History (14 events):
Event: 0.646 GC heap before
{Heap before GC invocations=0 (full 0):
 garbage-first heap   total 129024K, used 13312K [0x0000000082000000, 0x0000000100000000)
  region size 1024K, 13 young (13312K), 0 survivors (0K)
 Metaspace       used 3259K, committed 3392K, reserved 1114112K
  class space    used 323K, committed 384K, reserved 1048576K
}
Event: 0.651 GC heap after
{Heap after GC invocations=1 (full 0):
 garbage-first heap   total 129024K, used 6669K [0x0000000082000000, 0x0000000100000000)
  region size 1024K, 2 young (2048K), 2 survivors (2048K)
 Metaspace       used 3259K, committed 3392K, reserved 1114112K
  class space    used 323K, committed 384K, reserved 1048576K
}
Event: 0.954 GC heap before
{Heap before GC invocations=1 (full 0):
 garbage-first heap   total 129024K, used 16909K [0x0000000082000000, 0x0000000100000000)
  region size 1024K, 12 young (12288K), 2 survivors (2048K)
 Metaspace       used 6380K, committed 6592K, reserved 1114112K
  class space    used 815K, committed 896K, reserved 1048576K
}
Event: 0.961 GC heap after
{Heap after GC invocations=2 (full 0):
 garbage-first heap   total 129024K, used 8698K [0x0000000082000000, 0x0000000100000000)
  region size 1024K, 2 young (2048K), 2 survivors (2048K)
 Metaspace       used 6380K, committed 6592K, reserved 1114112K
  class space    used 815K, committed 896K, reserved 1048576K
}
Event: 1.113 GC heap before
{Heap before GC invocations=2 (full 0):
 garbage-first heap   total 129024K, used 10746K [0x0000000082000000, 0x0000000100000000)
  region size 1024K, 5 young (5120K), 2 survivors (2048K)
 Metaspace       used 7287K, committed 7488K, reserved 1114112K
  class space    used 996K, committed 1088K, reserved 1048576K
}
Event: 1.116 GC heap after
{Heap after GC invocations=3 (full 0):
 garbage-first heap   total 129024K, used 9220K [0x0000000082000000, 0x0000000100000000)
  region size 1024K, 1 young (1024K), 1 survivors (1024K)
 Metaspace       used 7287K, committed 7488K, reserved 1114112K
  class space    used 996K, committed 1088K, reserved 1048576K
}
Event: 2.094 GC heap before
{Heap before GC invocations=3 (full 0):
 garbage-first heap   total 129024K, used 89092K [0x0000000082000000, 0x0000000100000000)
  region size 1024K, 2 young (2048K), 1 survivors (1024K)
 Metaspace       used 7613K, committed 7808K, reserved 1114112K
  class space    used 1074K, committed 1152K, reserved 1048576K
}
Event: 2.096 GC heap after
{Heap after GC invocations=4 (full 0):
 garbage-first heap   total 129024K, used 88945K [0x0000000082000000, 0x0000000100000000)
  region size 1024K, 1 young (1024K), 1 survivors (1024K)
 Metaspace       used 7613K, committed 7808K, reserved 1114112K
  class space    used 1074K, committed 1152K, reserved 1048576K
}
Event: 4.771 GC heap before
{Heap before GC invocations=5 (full 0):
 garbage-first heap   total 283648K, used 182129K [0x0000000082000000, 0x0000000100000000)
  region size 1024K, 15 young (15360K), 1 survivors (1024K)
 Metaspace       used 12267K, committed 12480K, reserved 1114112K
  class space    used 2009K, committed 2112K, reserved 1048576K
}
Event: 4.809 GC heap after
{Heap after GC invocations=6 (full 0):
 garbage-first heap   total 283648K, used 170331K [0x0000000082000000, 0x0000000100000000)
  region size 1024K, 2 young (2048K), 2 survivors (2048K)
 Metaspace       used 12267K, committed 12480K, reserved 1114112K
  class space    used 2009K, committed 2112K, reserved 1048576K
}
Event: 16.526 GC heap before
{Heap before GC invocations=6 (full 0):
 garbage-first heap   total 443392K, used 389467K [0x0000000082000000, 0x0000000100000000)
  region size 1024K, 13 young (13312K), 2 survivors (2048K)
 Metaspace       used 15044K, committed 15232K, reserved 1114112K
  class space    used 2388K, committed 2496K, reserved 1048576K
}
Event: 16.535 GC heap after
{Heap after GC invocations=7 (full 0):
 garbage-first heap   total 443392K, used 380506K [0x0000000082000000, 0x0000000100000000)
  region size 1024K, 2 young (2048K), 2 survivors (2048K)
 Metaspace       used 15044K, committed 15232K, reserved 1114112K
  class space    used 2388K, committed 2496K, reserved 1048576K
}
Event: 18.687 GC heap before
{Heap before GC invocations=7 (full 0):
 garbage-first heap   total 443392K, used 387674K [0x0000000082000000, 0x0000000100000000)
  region size 1024K, 11 young (11264K), 2 survivors (2048K)
 Metaspace       used 16199K, committed 16384K, reserved 1114112K
  class space    used 2541K, committed 2624K, reserved 1048576K
}
Event: 18.694 GC heap after
{Heap after GC invocations=8 (full 0):
 garbage-first heap   total 443392K, used 380814K [0x0000000082000000, 0x0000000100000000)
  region size 1024K, 3 young (3072K), 3 survivors (3072K)
 Metaspace       used 16199K, committed 16384K, reserved 1114112K
  class space    used 2541K, committed 2624K, reserved 1048576K
}

Deoptimization events (20 events):
Event: 18.681 Thread 0x00000230b2926670 DEOPT PACKING pc=0x00000230a3bf3e94 sp=0x000000e0548fb510
Event: 18.681 Thread 0x00000230b2926670 DEOPT UNPACKING pc=0x00000230a35d23a3 sp=0x000000e0548fb418 mode 2
Event: 18.682 Thread 0x00000230b2926670 Uncommon trap: trap_request=0xffffff45 fr.pc=0x00000230a3c462d4 relative=0x00000000000004b4
Event: 18.682 Thread 0x00000230b2926670 Uncommon trap: reason=unstable_if action=reinterpret pc=0x00000230a3c462d4 method=com.sun.marlin.MaskMarlinAlphaConsumer.setAndClearRelativeAlphas([IIII)V @ 93 c2
Event: 18.682 Thread 0x00000230b2926670 DEOPT PACKING pc=0x00000230a3c462d4 sp=0x000000e0548fb540
Event: 18.682 Thread 0x00000230b2926670 DEOPT UNPACKING pc=0x00000230a35d23a3 sp=0x000000e0548fb478 mode 2
Event: 18.683 Thread 0x00000230b2926670 DEOPT PACKING pc=0x000002309c3e8c2b sp=0x000000e0548fb400
Event: 18.683 Thread 0x00000230b2926670 DEOPT UNPACKING pc=0x00000230a35d2b43 sp=0x000000e0548fa868 mode 0
Event: 18.684 Thread 0x00000230b2926670 DEOPT PACKING pc=0x000002309c3a1a42 sp=0x000000e0548fb460
Event: 18.684 Thread 0x00000230b2926670 DEOPT UNPACKING pc=0x00000230a35d2b43 sp=0x000000e0548fa8f0 mode 0
Event: 18.685 Thread 0x00000230b2926670 DEOPT PACKING pc=0x000002309c3a1a42 sp=0x000000e0548fb460
Event: 18.685 Thread 0x00000230b2926670 DEOPT UNPACKING pc=0x00000230a35d2b43 sp=0x000000e0548fa8f0 mode 0
Event: 18.685 Thread 0x00000230b2926670 DEOPT PACKING pc=0x000002309c6e2a44 sp=0x000000e0548fb4b0
Event: 18.685 Thread 0x00000230b2926670 DEOPT UNPACKING pc=0x00000230a35d2b43 sp=0x000000e0548fa908 mode 0
Event: 18.686 Thread 0x00000230b2926670 DEOPT PACKING pc=0x000002309c6e2a44 sp=0x000000e0548fb4b0
Event: 18.686 Thread 0x00000230b2926670 DEOPT UNPACKING pc=0x00000230a35d2b43 sp=0x000000e0548fa908 mode 0
Event: 18.686 Thread 0x00000230b2926670 DEOPT PACKING pc=0x000002309c6e2a44 sp=0x000000e0548fb4b0
Event: 18.686 Thread 0x00000230b2926670 DEOPT UNPACKING pc=0x00000230a35d2b43 sp=0x000000e0548fa908 mode 0
Event: 18.686 Thread 0x00000230b2926670 DEOPT PACKING pc=0x000002309c3a1a42 sp=0x000000e0548fb6f0
Event: 18.687 Thread 0x00000230b2926670 DEOPT UNPACKING pc=0x00000230a35d2b43 sp=0x000000e0548fab80 mode 0

Classes unloaded (0 events):
No events

Classes redefined (0 events):
No events

Internal exceptions (20 events):
Event: 0.756 Thread 0x00000230b2a45db0 Exception <a 'java/lang/NullPointerException'{0x00000000899b0e80}> (0x00000000899b0e80) 
thrown [s\open\src\hotspot\share\interpreter\linkResolver.cpp, line 1350]
Event: 0.765 Thread 0x00000230b2a45db0 Exception <a 'java/lang/NoSuchMethodError'{0x00000000899f4cf0}: 'java.lang.Object java.lang.invoke.DirectMethodHandle$Holder.invokeInterface(java.lang.Object, java.lang.Object)'> (0x00000000899f4cf0) 
thrown [s\open\src\hotspot\share\interpreter\linkResolver.cpp, line 759]
Event: 0.952 Thread 0x00000230b2a45db0 Exception <a 'java/lang/NoSuchMethodError'{0x00000000894f7330}: 'void java.lang.invoke.DirectMethodHandle$Holder.invokeStaticInit(java.lang.Object, java.lang.Object)'> (0x00000000894f7330) 
thrown [s\open\src\hotspot\share\interpreter\linkResolver.cpp, line 759]
Event: 0.979 Thread 0x00000230b2a45db0 Exception <a 'java/lang/NoSuchMethodError'{0x0000000089d5c750}: 'void java.lang.invoke.DirectMethodHandle$Holder.invokeSpecial(java.lang.Object, java.lang.Object, java.lang.Object, java.lang.Object, java.lang.Object)'> (0x0000000089d5c750) 
thrown [s\open\src\hotspot\share\interpreter\linkResolver.cpp, line 759]
Event: 3.017 Thread 0x00000230b2a45db0 Implicit null exception at 0x00000230a3b71c8f to 0x00000230a3b720d8
Event: 3.026 Thread 0x00000230b2a45db0 Implicit null exception at 0x00000230a3b70a8f to 0x00000230a3b70eec
Event: 3.222 Thread 0x00000230b2a45db0 Exception <a 'java/lang/NoSuchMethodError'{0x0000000092e462b0}: 'java.lang.Object java.lang.invoke.DirectMethodHandle$Holder.invokeInterface(java.lang.Object, java.lang.Object, java.lang.Object)'> (0x0000000092e462b0) 
thrown [s\open\src\hotspot\share\interpreter\linkResolver.cpp, line 759]
Event: 3.222 Thread 0x00000230b2a45db0 Exception <a 'java/lang/IncompatibleClassChangeError'{0x0000000092e49c38}: Found class java.lang.Object, but interface was expected> (0x0000000092e49c38) 
thrown [s\open\src\hotspot\share\interpreter\linkResolver.cpp, line 826]
Event: 3.527 Thread 0x00000230b2a45db0 Exception <a 'java/lang/NoSuchMethodError'{0x0000000092710840}: 'java.lang.Object java.lang.invoke.DirectMethodHandle$Holder.newInvokeSpecial(java.lang.Object, java.lang.Object, int)'> (0x0000000092710840) 
thrown [s\open\src\hotspot\share\interpreter\linkResolver.cpp, line 759]
Event: 3.631 Thread 0x00000230b2926670 Exception <a 'java/lang/NoSuchMethodError'{0x000000009276fe58}: 'int java.lang.invoke.DirectMethodHandle$Holder.invokeStaticInit(java.lang.Object, java.lang.Object)'> (0x000000009276fe58) 
thrown [s\open\src\hotspot\share\interpreter\linkResolver.cpp, line 759]
Event: 5.274 Thread 0x00000230b2a45db0 Exception <a 'java/lang/NoSuchMethodError'{0x00000000932ce520}: 'long java.lang.invoke.DirectMethodHandle$Holder.invokeStatic(java.lang.Object, java.lang.Object, java.lang.Object)'> (0x00000000932ce520) 
thrown [s\open\src\hotspot\share\interpreter\linkResolver.cpp, line 759]
Event: 5.276 Thread 0x00000230b2a45db0 Exception <a 'java/lang/NoSuchMethodError'{0x00000000932d1cc8}: 'long java.lang.invoke.DirectMethodHandle$Holder.invokeStaticInit(java.lang.Object, java.lang.Object, java.lang.Object)'> (0x00000000932d1cc8) 
thrown [s\open\src\hotspot\share\interpreter\linkResolver.cpp, line 759]
Event: 5.279 Thread 0x00000230b2a45db0 Exception <a 'java/lang/NoSuchMethodError'{0x0000000093102640}: 'java.lang.Object java.lang.invoke.DirectMethodHandle$Holder.newInvokeSpecial(java.lang.Object, java.lang.Object, long)'> (0x0000000093102640) 
thrown [s\open\src\hotspot\share\interpreter\linkResolver.cpp, line 759]
Event: 5.280 Thread 0x00000230b2a45db0 Exception <a 'java/lang/NoSuchMethodError'{0x00000000931061b0}: 'java.lang.Object java.lang.invoke.Invokers$Holder.linkToTargetMethod(java.lang.Object, long, java.lang.Object)'> (0x00000000931061b0) 
thrown [s\open\src\hotspot\share\interpreter\linkResolver.cpp, line 759]
Event: 15.095 Thread 0x00000230b2926670 Exception <a 'java/lang/NoSuchMethodError'{0x0000000092df2678}: 'java.lang.Object java.lang.invoke.DirectMethodHandle$Holder.invokeStaticInit(java.lang.Object, int)'> (0x0000000092df2678) 
thrown [s\open\src\hotspot\share\interpreter\linkResolver.cpp, line 759]
Event: 18.591 Thread 0x00000230b2a45db0 Exception <a 'java/io/FileNotFoundException'{0x0000000092ec3980}> (0x0000000092ec3980) 
thrown [s\open\src\hotspot\share\prims\jni.cpp, line 516]
Event: 18.592 Thread 0x00000230b2a45db0 Exception <a 'java/io/FileNotFoundException'{0x0000000092ec5a88}> (0x0000000092ec5a88) 
thrown [s\open\src\hotspot\share\prims\jni.cpp, line 516]
Event: 18.594 Thread 0x00000230b2a45db0 Exception <a 'java/io/FileNotFoundException'{0x0000000092ecb060}> (0x0000000092ecb060) 
thrown [s\open\src\hotspot\share\prims\jni.cpp, line 516]
Event: 18.594 Thread 0x00000230b2a45db0 Exception <a 'java/io/FileNotFoundException'{0x0000000092eccbb0}> (0x0000000092eccbb0) 
thrown [s\open\src\hotspot\share\prims\jni.cpp, line 516]
Event: 18.632 Thread 0x00000230b2a45db0 Exception <a 'java/lang/NoSuchMethodError'{0x0000000092c3bc78}: 'java.lang.Object java.lang.invoke.DirectMethodHandle$Holder.newInvokeSpecial(java.lang.Object, java.lang.Object, int, int)'> (0x0000000092c3bc78) 
thrown [s\open\src\hotspot\share\interpreter\linkResolver.cpp, line 759]

VM Operations (20 events):
Event: 11.813 Executing VM operation: Cleanup done
Event: 13.288 Executing VM operation: HandshakeAllThreads
Event: 13.289 Executing VM operation: HandshakeAllThreads done
Event: 13.289 Executing VM operation: Cleanup
Event: 13.289 Executing VM operation: Cleanup done
Event: 15.289 Executing VM operation: Cleanup
Event: 15.289 Executing VM operation: Cleanup done
Event: 16.290 Executing VM operation: Cleanup
Event: 16.290 Executing VM operation: Cleanup done
Event: 16.526 Executing VM operation: G1CollectForAllocation
Event: 16.535 Executing VM operation: G1CollectForAllocation done
Event: 17.535 Executing VM operation: Cleanup
Event: 17.536 Executing VM operation: Cleanup done
Event: 18.656 Executing VM operation: HandshakeAllThreads
Event: 18.656 Executing VM operation: HandshakeAllThreads done
Event: 18.656 Executing VM operation: Cleanup
Event: 18.656 Executing VM operation: Cleanup done
Event: 18.687 Executing VM operation: G1TryInitiateConcMark
Event: 18.694 Executing VM operation: G1TryInitiateConcMark done
Event: 18.723 Executing VM operation: G1Concurrent

Events (20 events):
Event: 18.401 loading class java/text/ChoiceFormat done
Event: 18.401 loading class java/text/FieldPosition$Delegate
Event: 18.401 loading class java/text/FieldPosition$Delegate done
Event: 18.425 Thread 0x00000230fd747020 Thread added: 0x00000230fd747020
Event: 18.573 loading class jdk/internal/icu/impl/UCharacterProperty
Event: 18.573 loading class jdk/internal/icu/impl/UCharacterProperty done
Event: 18.574 loading class jdk/internal/icu/impl/UCharacterProperty$1
Event: 18.574 loading class jdk/internal/icu/impl/UCharacterProperty$BiDiIntProperty
Event: 18.574 loading class jdk/internal/icu/impl/UCharacterProperty$IntProperty
Event: 18.574 loading class jdk/internal/icu/impl/UCharacterProperty$IntProperty done
Event: 18.574 loading class jdk/internal/icu/impl/UCharacterProperty$BiDiIntProperty done
Event: 18.574 loading class jdk/internal/icu/impl/UCharacterProperty$1 done
Event: 18.574 loading class jdk/internal/icu/impl/UCharacterProperty$IsAcceptable
Event: 18.574 loading class jdk/internal/icu/impl/UCharacterProperty$IsAcceptable done
Event: 18.574 loading class jdk/internal/icu/util/VersionInfo
Event: 18.575 loading class jdk/internal/icu/util/VersionInfo done
Event: 18.609 loading class java/lang/CharacterData01
Event: 18.609 loading class java/lang/CharacterData01 done
Event: 18.678 loading class java/lang/FdLibm$Cbrt
Event: 18.679 loading class java/lang/FdLibm$Cbrt done


Dynamic libraries:
0x00007ff6f1920000 - 0x00007ff6f1930000 	C:\Program Files\Java\jdk-17\bin\java.exe
0x00007ffbadbb0000 - 0x00007ffbadda8000 	C:\Windows\SYSTEM32\ntdll.dll
0x00007ffbabbd0000 - 0x00007ffbabc92000 	C:\Windows\System32\KERNEL32.DLL
0x00007ffbab4d0000 - 0x00007ffbab7c6000 	C:\Windows\System32\KERNELBASE.dll
0x00007ffbab7d0000 - 0x00007ffbab8d0000 	C:\Windows\System32\ucrtbase.dll
0x00007ffba4ec0000 - 0x00007ffba4edb000 	C:\Program Files\Java\jdk-17\bin\VCRUNTIME140.dll
0x00007ffba4ea0000 - 0x00007ffba4eb9000 	C:\Program Files\Java\jdk-17\bin\jli.dll
0x00007ffbad0d0000 - 0x00007ffbad181000 	C:\Windows\System32\ADVAPI32.dll
0x00007ffbabdf0000 - 0x00007ffbabe8e000 	C:\Windows\System32\msvcrt.dll
0x00007ffbac300000 - 0x00007ffbac39f000 	C:\Windows\System32\sechost.dll
0x00007ffbad3c0000 - 0x00007ffbad4e3000 	C:\Windows\System32\RPCRT4.dll
0x00007ffbab4a0000 - 0x00007ffbab4c7000 	C:\Windows\System32\bcrypt.dll
0x00007ffbad4f0000 - 0x00007ffbad68d000 	C:\Windows\System32\USER32.dll
0x00007ffbab950000 - 0x00007ffbab972000 	C:\Windows\System32\win32u.dll
0x00007ffbad040000 - 0x00007ffbad06b000 	C:\Windows\System32\GDI32.dll
0x00007ffbab380000 - 0x00007ffbab499000 	C:\Windows\System32\gdi32full.dll
0x00007ffbab980000 - 0x00007ffbaba1d000 	C:\Windows\System32\msvcp_win.dll
0x00007ffb99c30000 - 0x00007ffb99eca000 	C:\Windows\WinSxS\amd64_microsoft.windows.common-controls_6595b64144ccf1df_6.0.19041.5915_none_60b4b9d171f9c7c7\COMCTL32.dll
0x00007ffba3c30000 - 0x00007ffba3c3a000 	C:\Windows\SYSTEM32\VERSION.dll
0x00007ffbabdc0000 - 0x00007ffbabdef000 	C:\Windows\System32\IMM32.DLL
0x00007ffba4e70000 - 0x00007ffba4e7c000 	C:\Program Files\Java\jdk-17\bin\vcruntime140_1.dll
0x00007ffb8d560000 - 0x00007ffb8d5ee000 	C:\Program Files\Java\jdk-17\bin\msvcp140.dll
0x00007ffb7d170000 - 0x00007ffb7dd4e000 	C:\Program Files\Java\jdk-17\bin\server\jvm.dll
0x00007ffbad3b0000 - 0x00007ffbad3b8000 	C:\Windows\System32\PSAPI.DLL
0x00007ffb991b0000 - 0x00007ffb991d7000 	C:\Windows\SYSTEM32\WINMM.dll
0x00007ffb98d40000 - 0x00007ffb98d49000 	C:\Windows\SYSTEM32\WSOCK32.dll
0x00007ffbad340000 - 0x00007ffbad3ab000 	C:\Windows\System32\WS2_32.dll
0x00007ffba9a20000 - 0x00007ffba9a32000 	C:\Windows\SYSTEM32\kernel.appcore.dll
0x00007ffba4e60000 - 0x00007ffba4e6a000 	C:\Program Files\Java\jdk-17\bin\jimage.dll
0x00007ffba8f50000 - 0x00007ffba9151000 	C:\Windows\SYSTEM32\DBGHELP.DLL
0x00007ffb8bfa0000 - 0x00007ffb8bfd4000 	C:\Windows\SYSTEM32\dbgcore.DLL
0x00007ffbab240000 - 0x00007ffbab2c2000 	C:\Windows\System32\bcryptPrimitives.dll
0x00007ffb95c80000 - 0x00007ffb95ca5000 	C:\Program Files\Java\jdk-17\bin\java.dll
0x00007ffb7f6a0000 - 0x00007ffb7f777000 	C:\Program Files\Java\jdk-17\bin\jsvml.dll
0x00007ffbac760000 - 0x00007ffbacece000 	C:\Windows\System32\SHELL32.dll
0x00007ffba9260000 - 0x00007ffba9a04000 	C:\Windows\SYSTEM32\windows.storage.dll
0x00007ffbac400000 - 0x00007ffbac753000 	C:\Windows\System32\combase.dll
0x00007ffbaac70000 - 0x00007ffbaac9b000 	C:\Windows\SYSTEM32\Wldp.dll
0x00007ffbacf70000 - 0x00007ffbad03d000 	C:\Windows\System32\OLEAUT32.dll
0x00007ffbad910000 - 0x00007ffbad9bd000 	C:\Windows\System32\SHCORE.dll
0x00007ffbad8b0000 - 0x00007ffbad90b000 	C:\Windows\System32\shlwapi.dll
0x00007ffbab170000 - 0x00007ffbab194000 	C:\Windows\SYSTEM32\profapi.dll
0x00007ffb9f310000 - 0x00007ffb9f329000 	C:\Program Files\Java\jdk-17\bin\net.dll
0x00007ffba21c0000 - 0x00007ffba22ca000 	C:\Windows\SYSTEM32\WINHTTP.dll
0x00007ffbaa9b0000 - 0x00007ffbaaa1a000 	C:\Windows\system32\mswsock.dll
0x00007ffb9f160000 - 0x00007ffb9f176000 	C:\Program Files\Java\jdk-17\bin\nio.dll
0x00007ffb99190000 - 0x00007ffb991a8000 	C:\Program Files\Java\jdk-17\bin\zip.dll
0x0000023094710000 - 0x0000023094713000 	C:\javafx-sdk-21.0.7\bin\api-ms-win-core-console-l1-1-0.dll
0x0000023094720000 - 0x0000023094723000 	C:\javafx-sdk-21.0.7\bin\api-ms-win-core-console-l1-2-0.dll
0x0000023094730000 - 0x0000023094733000 	C:\javafx-sdk-21.0.7\bin\api-ms-win-core-datetime-l1-1-0.dll
0x0000023094740000 - 0x0000023094743000 	C:\javafx-sdk-21.0.7\bin\api-ms-win-core-debug-l1-1-0.dll
0x0000023094750000 - 0x0000023094753000 	C:\javafx-sdk-21.0.7\bin\api-ms-win-core-errorhandling-l1-1-0.dll
0x0000023094760000 - 0x0000023094764000 	C:\javafx-sdk-21.0.7\bin\api-ms-win-core-file-l1-1-0.dll
0x0000023094770000 - 0x0000023094773000 	C:\javafx-sdk-21.0.7\bin\api-ms-win-core-file-l1-2-0.dll
0x00000230b2d50000 - 0x00000230b2d53000 	C:\javafx-sdk-21.0.7\bin\api-ms-win-core-file-l2-1-0.dll
0x00000230b2d60000 - 0x00000230b2d63000 	C:\javafx-sdk-21.0.7\bin\api-ms-win-core-handle-l1-1-0.dll
0x00000230b2d70000 - 0x00000230b2d73000 	C:\javafx-sdk-21.0.7\bin\api-ms-win-core-heap-l1-1-0.dll
0x00000230b2d80000 - 0x00000230b2d83000 	C:\javafx-sdk-21.0.7\bin\api-ms-win-core-interlocked-l1-1-0.dll
0x00000230b2d90000 - 0x00000230b2d93000 	C:\javafx-sdk-21.0.7\bin\api-ms-win-core-libraryloader-l1-1-0.dll
0x00000230b2da0000 - 0x00000230b2da3000 	C:\javafx-sdk-21.0.7\bin\api-ms-win-core-localization-l1-2-0.dll
0x00000230b2db0000 - 0x00000230b2db3000 	C:\javafx-sdk-21.0.7\bin\api-ms-win-core-memory-l1-1-0.dll
0x00000230b2dc0000 - 0x00000230b2dc3000 	C:\javafx-sdk-21.0.7\bin\api-ms-win-core-namedpipe-l1-1-0.dll
0x00000230b2dd0000 - 0x00000230b2dd3000 	C:\javafx-sdk-21.0.7\bin\api-ms-win-core-processenvironment-l1-1-0.dll
0x00000230b2de0000 - 0x00000230b2de3000 	C:\javafx-sdk-21.0.7\bin\api-ms-win-core-processthreads-l1-1-0.dll
0x00000230b2df0000 - 0x00000230b2df3000 	C:\javafx-sdk-21.0.7\bin\api-ms-win-core-processthreads-l1-1-1.dll
0x00000230b2e00000 - 0x00000230b2e03000 	C:\javafx-sdk-21.0.7\bin\api-ms-win-core-profile-l1-1-0.dll
0x00000230b2e10000 - 0x00000230b2e13000 	C:\javafx-sdk-21.0.7\bin\api-ms-win-core-rtlsupport-l1-1-0.dll
0x00000230b2e20000 - 0x00000230b2e23000 	C:\javafx-sdk-21.0.7\bin\api-ms-win-core-string-l1-1-0.dll
0x00000230b2e30000 - 0x00000230b2e33000 	C:\javafx-sdk-21.0.7\bin\api-ms-win-core-synch-l1-1-0.dll
0x00000230b2e40000 - 0x00000230b2e43000 	C:\javafx-sdk-21.0.7\bin\api-ms-win-core-synch-l1-2-0.dll
0x00000230b2e50000 - 0x00000230b2e53000 	C:\javafx-sdk-21.0.7\bin\api-ms-win-core-sysinfo-l1-1-0.dll
0x00000230b2e60000 - 0x00000230b2e63000 	C:\javafx-sdk-21.0.7\bin\api-ms-win-core-timezone-l1-1-0.dll
0x00000230b2e70000 - 0x00000230b2e73000 	C:\javafx-sdk-21.0.7\bin\api-ms-win-core-util-l1-1-0.dll
0x00000230b2e80000 - 0x00000230b2e83000 	C:\javafx-sdk-21.0.7\bin\api-ms-win-crt-conio-l1-1-0.dll
0x00000230b2e90000 - 0x00000230b2e94000 	C:\javafx-sdk-21.0.7\bin\api-ms-win-crt-convert-l1-1-0.dll
0x00000230b2ea0000 - 0x00000230b2ea3000 	C:\javafx-sdk-21.0.7\bin\api-ms-win-crt-environment-l1-1-0.dll
0x00000230b2eb0000 - 0x00000230b2eb3000 	C:\javafx-sdk-21.0.7\bin\api-ms-win-crt-filesystem-l1-1-0.dll
0x00000230b2ec0000 - 0x00000230b2ec3000 	C:\javafx-sdk-21.0.7\bin\api-ms-win-crt-heap-l1-1-0.dll
0x00000230b2ed0000 - 0x00000230b2ed3000 	C:\javafx-sdk-21.0.7\bin\api-ms-win-crt-locale-l1-1-0.dll
0x00000230b2ee0000 - 0x00000230b2ee5000 	C:\javafx-sdk-21.0.7\bin\api-ms-win-crt-math-l1-1-0.dll
0x00000230b2ef0000 - 0x00000230b2ef5000 	C:\javafx-sdk-21.0.7\bin\api-ms-win-crt-multibyte-l1-1-0.dll
0x00000230b2f00000 - 0x00000230b2f10000 	C:\javafx-sdk-21.0.7\bin\api-ms-win-crt-private-l1-1-0.dll
0x00000230b2f10000 - 0x00000230b2f13000 	C:\javafx-sdk-21.0.7\bin\api-ms-win-crt-process-l1-1-0.dll
0x00000230b2f20000 - 0x00000230b2f24000 	C:\javafx-sdk-21.0.7\bin\api-ms-win-crt-runtime-l1-1-0.dll
0x00000230b2f30000 - 0x00000230b2f34000 	C:\javafx-sdk-21.0.7\bin\api-ms-win-crt-stdio-l1-1-0.dll
0x00000230b2f40000 - 0x00000230b2f44000 	C:\javafx-sdk-21.0.7\bin\api-ms-win-crt-string-l1-1-0.dll
0x00000230b2f50000 - 0x00000230b2f53000 	C:\javafx-sdk-21.0.7\bin\api-ms-win-crt-time-l1-1-0.dll
0x00000230b2f60000 - 0x00000230b2f63000 	C:\javafx-sdk-21.0.7\bin\api-ms-win-crt-utility-l1-1-0.dll
0x00007ffb7d070000 - 0x00007ffb7d16c000 	C:\javafx-sdk-21.0.7\bin\ucrtbase.dll
0x00007ffb8d710000 - 0x00007ffb8d72b000 	C:\javafx-sdk-21.0.7\bin\vcruntime140.dll
0x00007ffba3f70000 - 0x00007ffba3f7c000 	C:\javafx-sdk-21.0.7\bin\vcruntime140_1.dll
0x00007ffb8ca70000 - 0x00007ffb8cafe000 	C:\javafx-sdk-21.0.7\bin\msvcp140.dll
0x00007ffb9f0f0000 - 0x00007ffb9f0f9000 	C:\javafx-sdk-21.0.7\bin\msvcp140_1.dll
0x00007ffb8d490000 - 0x00007ffb8d4d1000 	C:\javafx-sdk-21.0.7\bin\msvcp140_2.dll
0x00007ffb89dd0000 - 0x00007ffb89e00000 	C:\javafx-sdk-21.0.7\bin\prism_d3d.dll
0x00007ffb60d60000 - 0x00007ffb60f31000 	C:\Windows\system32\d3d9.dll
0x00007ffba8ba0000 - 0x00007ffba8bcf000 	C:\Windows\SYSTEM32\dwmapi.dll
0x00007ffba8110000 - 0x00007ffba81ae000 	C:\Windows\system32\uxtheme.dll
0x00007ffb46140000 - 0x00007ffb462a5000 	C:\Windows\System32\DriverStore\FileRepository\iigd_dch.inf_amd64_4de65d949492707a\igdumdim64.dll
0x00007ffbad9c0000 - 0x00007ffbadaeb000 	C:\Windows\System32\ole32.dll
0x00007ffb424b0000 - 0x00007ffb4613b000 	C:\Windows\System32\DriverStore\FileRepository\iigd_dch.inf_amd64_4de65d949492707a\igd9dxva64.dll
0x00007ffbabe90000 - 0x00007ffbac300000 	C:\Windows\System32\SETUPAPI.dll
0x00007ffbabb80000 - 0x00007ffbabbce000 	C:\Windows\System32\cfgmgr32.dll
0x00007ffb9ec70000 - 0x00007ffb9efa6000 	C:\Windows\System32\DriverStore\FileRepository\iigd_dch.inf_amd64_4de65d949492707a\igdgmm64.dll
0x00007ffb893a0000 - 0x00007ffb893e2000 	C:\javafx-sdk-21.0.7\bin\glass.dll
0x00007ffbad6b0000 - 0x00007ffbad78a000 	C:\Windows\System32\COMDLG32.dll
0x00007ffbad790000 - 0x00007ffbad8a5000 	C:\Windows\System32\MSCTF.dll
0x00007ffb61ad0000 - 0x00007ffb61af7000 	C:\Windows\System32\DriverStore\FileRepository\iigd_dch.inf_amd64_4de65d949492707a\igdinfo64.dll
0x00007ffb9bee0000 - 0x00007ffb9ec6f000 	C:\Windows\System32\DriverStore\FileRepository\iigd_dch.inf_amd64_4de65d949492707a\igc64.dll
0x00007ffba0840000 - 0x00007ffba087b000 	C:\Windows\SYSTEM32\dxcore.dll
0x00007ffb8cc10000 - 0x00007ffb8cc25000 	C:\javafx-sdk-21.0.7\bin\javafx_font.dll
0x00007ffb87840000 - 0x00007ffb87abf000 	C:\Windows\SYSTEM32\dwrite.dll
0x00007ffbabca0000 - 0x00007ffbabd49000 	C:\Windows\System32\clbcatq.dll
0x00007ffba7d90000 - 0x00007ffba7f46000 	C:\Windows\SYSTEM32\WindowsCodecs.dll
0x00007ffb854b0000 - 0x00007ffb854ee000 	C:\Windows\system32\dataexchange.dll
0x00007ffba5f50000 - 0x00007ffba6134000 	C:\Windows\system32\dcomp.dll
0x00007ffba5cc0000 - 0x00007ffba5f24000 	C:\Windows\system32\d3d11.dll
0x00007ffba9a90000 - 0x00007ffba9b86000 	C:\Windows\system32\dxgi.dll
0x00007ffba2b60000 - 0x00007ffba2d63000 	C:\Windows\system32\twinapi.appcore.dll
0x00007ffb87020000 - 0x00007ffb87054000 	C:\Program Files\Common Files\Microsoft Shared\Ink\rtscom.dll
0x00007ffb91a20000 - 0x00007ffb91b19000 	C:\Windows\SYSTEM32\textinputframework.dll
0x00007ffba67c0000 - 0x00007ffba6b1b000 	C:\Windows\System32\CoreUIComponents.dll
0x00007ffba6eb0000 - 0x00007ffba6fa2000 	C:\Windows\System32\CoreMessaging.dll
0x00007ffbaa4a0000 - 0x00007ffbaa4d3000 	C:\Windows\SYSTEM32\ntmarta.dll
0x00007ffba7350000 - 0x00007ffba74a7000 	C:\Windows\SYSTEM32\wintypes.dll
0x00007ffb86f60000 - 0x00007ffb86fc6000 	C:\Windows\system32\Oleacc.dll
0x00007ffba5700000 - 0x00007ffba5cc0000 	C:\Windows\SYSTEM32\d2d1.dll
0x00007ffba08d0000 - 0x00007ffba0fc6000 	C:\Windows\SYSTEM32\D3D10Warp.dll

dbghelp: loaded successfully - version: 4.0.5 - missing functions: none
symbol engine: initialized successfully - sym options: 0x614 - pdb path: .;C:\Program Files\Java\jdk-17\bin;C:\Windows\SYSTEM32;C:\Windows\WinSxS\amd64_microsoft.windows.common-controls_6595b64144ccf1df_6.0.19041.5915_none_60b4b9d171f9c7c7;C:\Program Files\Java\jdk-17\bin\server;C:\javafx-sdk-21.0.7\bin;C:\Windows\System32\DriverStore\FileRepository\iigd_dch.inf_amd64_4de65d949492707a;C:\Program Files\Common Files\Microsoft Shared\Ink

VM Arguments:
jvm_args: -XX:+ShowCodeDetailsInExceptionMessages 
java_command: com.login.Main
java_class_path (initial): D:\Civita\Civita user and login pages\loginpage\target\classes;c:\javafx-sdk-21.0.7\lib\javafx.base.jar;c:\javafx-sdk-21.0.7\lib\javafx.controls.jar;c:\javafx-sdk-21.0.7\lib\javafx.fxml.jar;c:\javafx-sdk-21.0.7\lib\javafx.graphics.jar;c:\javafx-sdk-21.0.7\lib\javafx.media.jar;c:\javafx-sdk-21.0.7\lib\javafx.swing.jar;c:\javafx-sdk-21.0.7\lib\javafx.web.jar;c:\javafx-sdk-21.0.7\lib\javafx-swt.jar;c:\javafx-sdk-21.0.7\lib\json-20230618.jar;c:\Users\Dell\.m2\repository\com\google\firebase\firebase-admin\9.2.0\firebase-admin-9.2.0.jar;c:\Users\Dell\.m2\repository\com\google\api-client\google-api-client\2.2.0\google-api-client-2.2.0.jar;c:\Users\Dell\.m2\repository\commons-codec\commons-codec\1.15\commons-codec-1.15.jar;c:\Users\Dell\.m2\repository\com\google\oauth-client\google-oauth-client\1.34.1\google-oauth-client-1.34.1.jar;c:\Users\Dell\.m2\repository\com\google\http-client\google-http-client-gson\1.42.3\google-http-client-gson-1.42.3.jar;c:\Users\Dell\.m2\repository\com\google\http-client\google-http-client-apache-v2\1.42.3\google-http-client-apache-v2-1.42.3.jar;c:\Users\Dell\.m2\repository\org\apache\httpcomponents\httpcore\4.4.16\httpcore-4.4.16.jar;c:\Users\Dell\.m2\repository\com\google\api-client\google-api-client-gson\2.2.0\google-api-client-gson-2.2.0.jar;c:\Users\Dell\.m2\repository\com\google\http-client\google-http-client\1.43.1\google-http-client-1.43.1.jar;c:\Users\Dell\.m2\repository\com\google\code\findbugs\jsr305\3.0.2\jsr305-3.0.2.jar;c:\Users\Dell\.m2\repository\com\google\errorprone\error_prone_annotations\2.18.0\error_prone_annotations-2.18.0.jar;c:\Users\Dell\.m2\repository\com\google\j2objc\j2objc-annotations\1.3\j2objc-annotations-1.3.jar;c:\Users\Dell\.m2\repository\io\opencensus\opencensus-api\0.31.1\opencensus-api-0.31.1.jar;c:\Users\Dell\.m2\repository\io\opencensus\opencensus-contrib-http-util\0.31.1\opencensus-contrib-http-util-0.31.1.jar;c:\Users\Dell\.m2\repository\com\google\api\api-common\2.12.0\api-com
Launcher Type: SUN_STANDARD

[Global flags]
     intx CICompilerCount                          = 3                                         {product} {ergonomic}
     uint ConcGCThreads                            = 1                                         {product} {ergonomic}
     uint G1ConcRefinementThreads                  = 4                                         {product} {ergonomic}
   size_t G1HeapRegionSize                         = 1048576                                   {product} {ergonomic}
    uintx GCDrainStackTargetSize                   = 64                                        {product} {ergonomic}
   size_t InitialHeapSize                          = 132120576                                 {product} {ergonomic}
   size_t MarkStackSize                            = 4194304                                   {product} {ergonomic}
   size_t MaxHeapSize                              = 2113929216                                {product} {ergonomic}
   size_t MaxNewSize                               = 1267728384                                {product} {ergonomic}
   size_t MinHeapDeltaBytes                        = 1048576                                   {product} {ergonomic}
   size_t MinHeapSize                              = 8388608                                   {product} {ergonomic}
    uintx NonNMethodCodeHeapSize                   = 5832780                                {pd product} {ergonomic}
    uintx NonProfiledCodeHeapSize                  = 122912730                              {pd product} {ergonomic}
    uintx ProfiledCodeHeapSize                     = 122912730                              {pd product} {ergonomic}
    uintx ReservedCodeCacheSize                    = 251658240                              {pd product} {ergonomic}
     bool SegmentedCodeCache                       = true                                      {product} {ergonomic}
     bool ShowCodeDetailsInExceptionMessages       = true                                   {manageable} {command line}
   size_t SoftMaxHeapSize                          = 2113929216                             {manageable} {ergonomic}
     bool UseCompressedClassPointers               = true                           {product lp64_product} {ergonomic}
     bool UseCompressedOops                        = true                           {product lp64_product} {ergonomic}
     bool UseG1GC                                  = true                                      {product} {ergonomic}
     bool UseLargePagesIndividualAllocation        = false                                  {pd product} {ergonomic}

Logging:
Log output configuration:
 #0: stdout all=warning uptime,level,tags
 #1: stderr all=off uptime,level,tags

Environment Variables:
PATH=C:\src\flutter\bin\cache\dart-sdk\bin\;C:\Program Files\Common Files\Oracle\Java\javapath;C:\Program Files\Eclipse Adoptium\jdk-21.0.4.7-hotspot\bin;C:\Program Files\Java\jdk-17\bin;C:\apache-maven-3.9.11\bin;C:\Windows\system32;C:\Windows;C:\Windows\System32\Wbem;C:\Windows\System32\WindowsPowerShell\v1.0\;C:\Windows\System32\OpenSSH\;C:\src\flutter\bin;C:\Program Files\Git\cmd;C:\Users\Dell\AppData\Local\Microsoft\WindowsApps;C:\Users\Dell\AppData\Local\Programs\Microsoft VS Code\bin
USERNAME=Dell
LANG=en_US.UTF-8
OS=Windows_NT
PROCESSOR_IDENTIFIER=Intel64 Family 6 Model 142 Stepping 9, GenuineIntel



---------------  S Y S T E M  ---------------

OS:
 Windows 10 , 64 bit Build 19041 (10.0.19041.5915)
OS uptime: 0 days 6:09 hours
Hyper-V role detected

CPU: total 4 (initial active 4) (2 cores per cpu, 2 threads per core) family 6 model 142 stepping 9 microcode 0xb4, cx8, cmov, fxsr, ht, mmx, 3dnowpref, sse, sse2, sse3, ssse3, sse4.1, sse4.2, popcnt, lzcnt, tsc, tscinvbit, avx, avx2, aes, erms, clmul, bmi1, bmi2, adx, fma, vzeroupper, clflush, clflushopt, hv

Memory: 4k page, system-wide physical 8058M (466M free)
TotalPageFile size 32574M (AvailPageFile size 97M)
current process WorkingSet (physical memory assigned to process): 885M, peak: 896M
current process commit charge ("private bytes"): 1255M, peak: 1447M

vm_info: Java HotSpot(TM) 64-Bit Server VM (17.0.8+9-LTS-211) for windows-amd64 JRE (17.0.8+9-LTS-211), built on Jun 14 2023 10:34:31 by "mach5one" with MS VC++ 17.1 (VS2022)

END.
