JvmtiExport can_access_local_variables 0
JvmtiExport can_hotswap_or_post_breakpoint 0
JvmtiExport can_post_on_exceptions 0
# 893 ciObject found
ciInstanceKlass java/lang/Cloneable 1 0 7 100 1 100 1 1 1
instanceKlass com/sun/prism/impl/packrect/Level
instanceKlass com/sun/prism/impl/GlyphCache$GlyphData
instanceKlass com/sun/prism/shader/Solid_TextureSecondPassLCD_Loader
instanceKlass com/sun/prism/shader/Solid_TextureFirstPassLCD_Loader
instanceKlass com/sun/prism/impl/packrect/RectanglePacker
instanceKlass com/sun/prism/impl/GlyphCache
instanceKlass com/sun/javafx/font/directwrite/DWRITE_MATRIX
instanceKlass com/sun/prism/PrinterGraphics
instanceKlass javafx/scene/text/Text$10
instanceKlass com/sun/javafx/text/TextLine
instanceKlass com/sun/javafx/font/directwrite/DWRITE_GLYPH_METRICS
instanceKlass com/sun/javafx/font/directwrite/DWRITE_GLYPH_RUN
instanceKlass com/sun/javafx/font/directwrite/RECT
instanceKlass com/sun/javafx/font/directwrite/D2D1_MATRIX_3X2_F
instanceKlass com/sun/javafx/font/directwrite/D2D1_COLOR_F
instanceKlass com/sun/javafx/font/directwrite/DWGlyph
instanceKlass com/sun/javafx/font/Glyph
instanceKlass com/sun/javafx/font/PrismMetrics
instanceKlass com/sun/javafx/text/LayoutCache
instanceKlass com/sun/javafx/text/ScriptMapper
instanceKlass com/sun/javafx/font/CMap
instanceKlass jdk/internal/icu/text/BidiLine
instanceKlass jdk/internal/icu/text/UTF16
instanceKlass jdk/internal/icu/impl/Trie2$UTrie2Header
instanceKlass jdk/internal/icu/impl/Trie2$1
instanceKlass jdk/internal/icu/impl/Trie2$ValueMapper
instanceKlass jdk/internal/icu/impl/Trie2
instanceKlass jdk/internal/icu/impl/UBiDiProps$IsAcceptable
instanceKlass jdk/internal/icu/impl/ICUBinary$Authenticate
instanceKlass jdk/internal/icu/impl/ICUBinary$1
instanceKlass jdk/internal/icu/impl/ICUBinary
instanceKlass jdk/internal/icu/impl/UBiDiProps
instanceKlass jdk/internal/icu/text/BidiBase$Point
instanceKlass jdk/internal/icu/text/BidiBase$InsertPoints
instanceKlass jdk/internal/icu/text/BidiRun
instanceKlass jdk/internal/icu/text/BidiBase$ImpTabPair
instanceKlass jdk/internal/icu/text/BidiBase
instanceKlass java/text/Bidi
instanceKlass com/sun/javafx/text/TextRun
instanceKlass com/sun/javafx/scene/control/behavior/MnemonicInfo
instanceKlass com/sun/javafx/scene/control/inputmap/KeyBinding
instanceKlass com/sun/javafx/scene/control/inputmap/InputMap$Mapping
instanceKlass com/sun/javafx/scene/control/behavior/FocusTraversalInputMap
instanceKlass com/sun/javafx/scene/control/inputmap/InputMap
instanceKlass javafx/beans/property/DoublePropertyBase$Listener
instanceKlass javafx/beans/property/BooleanPropertyBase$Listener
instanceKlass javafx/beans/property/ObjectPropertyBase$Listener
instanceKlass javafx/scene/text/Text$TextAttribute
instanceKlass com/sun/javafx/font/Disposer$1
instanceKlass com/sun/javafx/font/Disposer
instanceKlass com/sun/javafx/font/CompositeStrikeDisposer
instanceKlass com/sun/javafx/font/Metrics
instanceKlass com/sun/javafx/font/CompositeStrike
instanceKlass com/sun/javafx/font/FontStrikeDesc
instanceKlass com/sun/javafx/font/PrismCompositeFontResource
instanceKlass com/sun/javafx/font/PrismFontFile$DirectoryEntry
instanceKlass com/sun/javafx/font/FontFileReader$Buffer
instanceKlass com/sun/javafx/font/FontFileReader
instanceKlass com/sun/javafx/font/PrismFontStrike
instanceKlass com/sun/javafx/font/DisposerRecord
instanceKlass com/sun/javafx/font/WindowsFontMap$FamilyDescription
instanceKlass com/sun/javafx/font/WindowsFontMap
instanceKlass javafx/scene/shape/Shape$StyleableProperties
instanceKlass javafx/scene/text/Text$StyleableProperties
instanceKlass com/sun/javafx/scene/control/behavior/BehaviorBase
instanceKlass javafx/scene/control/Labeled$StyleableProperties
instanceKlass com/sun/javafx/scene/EventHandlerProperties
instanceKlass com/login/View/WhyCivita
instanceKlass com/sun/javafx/image/impl/ByteGray$Accessor
instanceKlass com/sun/javafx/image/impl/ByteGray
instanceKlass com/sun/prism/shader/Texture_Color_Loader
instanceKlass com/sun/marlin/ArrayCacheConst
instanceKlass com/sun/marlin/MaskMarlinAlphaConsumer
instanceKlass com/sun/marlin/Helpers
instanceKlass com/sun/prism/impl/shape/DMarlinPrismUtils
instanceKlass com/sun/marlin/DPQSSorterContext
instanceKlass com/sun/marlin/Dasher$LengthIterator
instanceKlass com/sun/marlin/Dasher
instanceKlass com/sun/marlin/Stroker
instanceKlass com/sun/marlin/ArrayCacheIntClean$Reference
instanceKlass com/sun/marlin/RendererContext$RendererSharedMemory
instanceKlass com/sun/marlin/ArrayCacheInt$Reference
instanceKlass com/sun/marlin/Helpers$IndexStack
instanceKlass com/sun/marlin/TransformingPathConsumer2D$PathClipFilter
instanceKlass com/sun/marlin/TransformingPathConsumer2D$StartFlagPathConsumer2D
instanceKlass com/sun/marlin/ArrayCacheByte$Reference
instanceKlass com/sun/marlin/ArrayCacheDouble$Reference
instanceKlass com/sun/marlin/Helpers$PolyStack
instanceKlass com/sun/marlin/TransformingPathConsumer2D$ClosedPathDetector
instanceKlass com/sun/marlin/TransformingPathConsumer2D$PathTracer
instanceKlass com/sun/marlin/TransformingPathConsumer2D$DeltaTransformFilter
instanceKlass com/sun/marlin/TransformingPathConsumer2D$DeltaScaleFilter
instanceKlass com/sun/marlin/TransformingPathConsumer2D$Path2DWrapper
instanceKlass com/sun/marlin/TransformingPathConsumer2D
instanceKlass com/sun/marlin/TransformingPathConsumer2D$CurveClipSplitter
instanceKlass com/sun/marlin/TransformingPathConsumer2D$CurveBasicMonotonizer
instanceKlass com/sun/marlin/ArrayCacheByte
instanceKlass com/sun/marlin/ArrayCacheDouble
instanceKlass com/sun/marlin/ArrayCacheInt
instanceKlass com/sun/marlin/ArrayCacheIntClean
instanceKlass com/sun/marlin/PathSimplifier
instanceKlass com/sun/marlin/CollinearSimplifier
instanceKlass com/sun/marlin/Curve
instanceKlass jdk/internal/reflect/UnsafeFieldAccessorFactory
instanceKlass sun/misc/Unsafe
instanceKlass com/sun/marlin/OffHeapArray$1
instanceKlass com/sun/marlin/OffHeapArray
instanceKlass com/sun/marlin/MergeSort
instanceKlass jdk/internal/math/FDBigInteger
instanceKlass com/sun/marlin/Version
instanceKlass jdk/internal/ref/CleanerImpl$InnocuousThreadFactory
instanceKlass com/sun/marlin/FloatMath
instanceKlass com/sun/marlin/MarlinUtils
instanceKlass com/sun/marlin/Renderer
instanceKlass com/sun/marlin/MarlinRenderer
instanceKlass com/sun/marlin/DPathConsumer2D
instanceKlass com/sun/util/reentrant/ReentrantContext
instanceKlass com/sun/util/reentrant/ReentrantContextProvider
instanceKlass com/sun/marlin/DMarlinRenderingEngine
instanceKlass com/sun/marlin/MarlinConst
instanceKlass com/sun/marlin/MarlinProperties
instanceKlass com/sun/prism/impl/shape/MaskData
instanceKlass com/sun/marlin/MarlinAlphaConsumer
instanceKlass com/sun/openpisces/AlphaConsumer
instanceKlass com/sun/prism/impl/shape/DMarlinRasterizer
instanceKlass com/sun/prism/impl/shape/ShapeUtil$1
instanceKlass com/sun/prism/impl/shape/ShapeRasterizer
instanceKlass com/sun/prism/impl/shape/ShapeUtil
instanceKlass com/sun/prism/shader/FillPgram_Color_Loader
instanceKlass com/sun/prism/shader/DrawRoundRect_Color_Loader
instanceKlass com/sun/prism/shader/FillRoundRect_Color_Loader
instanceKlass com/sun/scenario/effect/impl/prism/ps/PPSRenderer$2
instanceKlass com/sun/scenario/effect/impl/prism/ps/PPSRenderer$1
instanceKlass com/sun/scenario/effect/impl/ImagePool
instanceKlass com/sun/scenario/effect/impl/hw/d3d/D3DShaderSource
instanceKlass com/sun/scenario/effect/impl/hw/ShaderSource
instanceKlass com/sun/scenario/effect/FloatMap
instanceKlass com/sun/scenario/effect/ImageData
instanceKlass com/sun/scenario/effect/impl/EffectPeer
instanceKlass com/sun/prism/ResourceFactoryListener
instanceKlass com/sun/prism/d3d/D3DPipeline$1
instanceKlass com/sun/scenario/effect/impl/prism/PrTexture
instanceKlass com/sun/scenario/effect/impl/PoolFilterable
instanceKlass com/sun/scenario/effect/impl/RendererFactory
instanceKlass com/sun/scenario/effect/impl/Renderer
instanceKlass com/sun/scenario/effect/impl/prism/PrEffectHelper
instanceKlass jdk/internal/misc/ScopedMemoryAccess$Scope
instanceKlass com/sun/glass/ui/Size
instanceKlass com/sun/javafx/tk/quantum/CursorUtils$1
instanceKlass com/sun/javafx/tk/quantum/CursorUtils
instanceKlass java/util/EnumMap$EnumMapIterator
instanceKlass com/sun/javafx/scene/input/PickResultChooser
instanceKlass com/sun/javafx/geom/PickRay
instanceKlass com/sun/javafx/scene/input/InputEventUtils
instanceKlass javafx/scene/input/PickResult
instanceKlass javafx/scene/input/MouseEvent$Flags
instanceKlass com/sun/javafx/geom/transform/TransformHelper
instanceKlass javafx/animation/ParallelTransition$1
instanceKlass javafx/animation/SequentialTransition$1
instanceKlass com/sun/prism/shader/Solid_TextureRGB_Loader
instanceKlass com/sun/prism/MultiTexture
instanceKlass javafx/util/Pair
instanceKlass com/sun/prism/image/CompoundCoords
instanceKlass com/sun/prism/image/ViewPort
instanceKlass com/sun/prism/image/Coords
instanceKlass com/sun/prism/d3d/D3DTexture$1
instanceKlass com/sun/prism/impl/ps/BaseShaderContext$1
instanceKlass com/sun/prism/d3d/D3DContext$1
instanceKlass com/sun/prism/shader/FillPgram_LinearGradient_PAD_Loader
instanceKlass java/nio/DirectByteBuffer$Deallocator
instanceKlass com/sun/prism/impl/BufferUtil
instanceKlass com/sun/prism/impl/ps/PaintHelper
instanceKlass com/sun/prism/paint/Stop
instanceKlass com/sun/javafx/geom/transform/Affine3D$1
instanceKlass com/sun/prism/impl/BaseGraphicsResource
instanceKlass com/sun/prism/impl/Disposer$Target
instanceKlass com/sun/prism/impl/Disposer
instanceKlass com/sun/prism/impl/PrismTrace
instanceKlass com/sun/prism/d3d/D3DResource$D3DRecord
instanceKlass com/sun/prism/impl/Disposer$Record
instanceKlass com/sun/prism/impl/BaseTexture
instanceKlass com/sun/prism/d3d/D3DContextSource
instanceKlass com/sun/prism/ReadbackRenderTarget
instanceKlass com/sun/prism/d3d/D3DRenderTarget
instanceKlass com/sun/prism/impl/BaseResourcePool$WeakLinkedList
instanceKlass com/sun/prism/impl/ManagedResource
instanceKlass com/sun/prism/impl/BaseResourcePool$Predicate
instanceKlass com/sun/prism/impl/BaseResourcePool
instanceKlass com/sun/javafx/cursor/CursorFrame
instanceKlass javafx/scene/Cursor
instanceKlass com/sun/javafx/geom/transform/Affine2D$1
instanceKlass com/sun/prism/image/CompoundImage
instanceKlass com/sun/javafx/geom/transform/AffineBase$1
instanceKlass com/sun/javafx/scene/traversal/TabOrderHelper
instanceKlass com/sun/scenario/animation/AnimationPulse$PulseData
instanceKlass com/sun/scenario/animation/AnimationPulse$PulseData$Accessor
instanceKlass java/util/concurrent/ConcurrentLinkedQueue$Node
instanceKlass com/sun/scenario/animation/AnimationPulse$AnimationPulseHolder
instanceKlass com/sun/scenario/animation/AnimationPulse
instanceKlass com/sun/scenario/animation/AnimationPulseMBean
instanceKlass com/sun/javafx/util/WeakReferenceQueue$1
instanceKlass com/sun/javafx/geom/Path2D$Iterator
instanceKlass com/sun/javafx/geom/Path2D$SVGParser
instanceKlass com/sun/javafx/geom/PathIterator
instanceKlass com/sun/javafx/collections/VetoableListDecorator$ModCountAccessorImpl
instanceKlass com/sun/javafx/collections/VetoableListDecorator$VetoableIteratorDecorator
instanceKlass javafx/scene/layout/Region$12
instanceKlass com/sun/javafx/util/TempState
instanceKlass javafx/scene/Parent$5
instanceKlass javafx/scene/shape/SVGPath$1
instanceKlass com/sun/javafx/scene/shape/SVGPathHelper$SVGPathAccessor
instanceKlass com/sun/scenario/animation/shared/InterpolationInterval$1
instanceKlass javafx/animation/Animation$7
instanceKlass com/sun/javafx/animation/KeyValueHelper
instanceKlass javafx/animation/KeyValue$1
instanceKlass javafx/animation/Interpolator
instanceKlass com/sun/javafx/animation/KeyValueHelper$KeyValueAccessor
instanceKlass javafx/animation/KeyValue
instanceKlass com/sun/scenario/animation/shared/InterpolationInterval
instanceKlass com/sun/scenario/animation/shared/ClipInterpolator
instanceKlass javafx/animation/KeyFrame
instanceKlass com/sun/scenario/animation/shared/TimelineClipCore
instanceKlass com/sun/scenario/animation/shared/ClipEnvelope
instanceKlass javafx/animation/Animation$1
instanceKlass com/sun/scenario/animation/shared/AnimationAccessor
instanceKlass com/sun/javafx/scene/control/Logging
instanceKlass java/util/Collections$1
instanceKlass javafx/animation/Animation
instanceKlass javafx/beans/value/WeakChangeListener
instanceKlass com/sun/javafx/scene/control/LambdaMultiplePropertyChangeListenerHandler
instanceKlass javafx/util/Duration
instanceKlass com/sun/javafx/scene/control/skin/resources/ControlResources
instanceKlass javafx/scene/control/SkinBase$StyleableProperties
instanceKlass com/sun/javafx/scene/control/ListenerHelper$InLi
instanceKlass javafx/collections/MapChangeListener
instanceKlass com/sun/javafx/scene/control/ListenerHelper$EvHa
instanceKlass com/sun/javafx/scene/control/ListenerHelper$ChLi
instanceKlass javafx/beans/value/ChangeListener
instanceKlass com/sun/javafx/scene/control/ListenerHelper
instanceKlass com/sun/javafx/scene/control/IDisconnectable
instanceKlass javafx/beans/value/ObservableIntegerValue
instanceKlass javafx/beans/value/WritableIntegerValue
instanceKlass javafx/scene/control/SkinBase
instanceKlass javafx/scene/layout/BorderStroke
instanceKlass javafx/scene/layout/BorderStrokeStyle
instanceKlass javafx/scene/layout/BackgroundFill
instanceKlass javafx/scene/paint/Stop
instanceKlass com/sun/javafx/css/StyleCacheEntry
instanceKlass javafx/css/Style
instanceKlass javafx/css/Match
instanceKlass com/sun/javafx/css/CalculatedValue
instanceKlass com/sun/javafx/css/StyleCacheEntry$Key
instanceKlass com/sun/javafx/css/StyleCache
instanceKlass javafx/scene/paint/Color$NamedColors
instanceKlass javafx/scene/layout/VBox$StyleableProperties
instanceKlass javafx/scene/layout/StackPane$StyleableProperties
instanceKlass javafx/css/CssParser$Term
instanceKlass com/sun/javafx/css/parser/Token
instanceKlass java/lang/invoke/MethodHandle$1
instanceKlass com/sun/javafx/css/parser/Recognizer
instanceKlass com/sun/javafx/css/parser/LexerState
instanceKlass javafx/css/CssLexer
instanceKlass javafx/css/FontFace
instanceKlass javafx/css/CssParser$ParseError
instanceKlass javafx/css/CssParser
instanceKlass javafx/scene/Node$22
instanceKlass jdk/jfr/FlightRecorder
instanceKlass com/sun/javafx/logging/PrintLogger$PulseData
instanceKlass com/sun/javafx/logging/Logger
instanceKlass com/sun/javafx/logging/PulseLogger
instanceKlass com/sun/javafx/geom/DirtyRegionContainer
instanceKlass com/sun/javafx/geom/DirtyRegionPool
instanceKlass com/sun/javafx/sg/prism/NodePath
instanceKlass javafx/scene/Scene$InputMethodRequestsDelegate
instanceKlass com/sun/javafx/scene/input/ExtendedInputMethodRequests
instanceKlass javafx/scene/Scene$DropTargetListener
instanceKlass com/sun/scenario/effect/impl/state/AccessHelper
instanceKlass com/sun/scenario/effect/impl/state/AccessHelper$StateAccessor
instanceKlass com/sun/javafx/geom/Rectangle
instanceKlass com/sun/javafx/geom/Point2D
instanceKlass com/sun/prism/paint/Paint
instanceKlass com/sun/scenario/effect/Effect
instanceKlass javafx/scene/Scene$ScenePeerPaintListener
instanceKlass javafx/scene/Scene$ScenePeerListener
instanceKlass com/sun/javafx/tk/quantum/SwipeGestureRecognizer$CenterComputer
instanceKlass com/sun/javafx/tk/quantum/SwipeGestureRecognizer$MultiTouchTracker
instanceKlass com/sun/javafx/tk/quantum/SwipeGestureRecognizer
instanceKlass com/sun/javafx/tk/quantum/GestureRecognizers
instanceKlass com/sun/javafx/tk/quantum/GlassSceneDnDEventHandler
instanceKlass com/sun/javafx/tk/quantum/GlassViewEventHandler$ViewEventNotification
instanceKlass com/sun/javafx/tk/quantum/GlassViewEventHandler$MouseEventNotification
instanceKlass com/sun/javafx/tk/quantum/GlassViewEventHandler$KeyEventNotification
instanceKlass com/sun/javafx/tk/quantum/GestureRecognizer
instanceKlass com/sun/javafx/tk/quantum/GlassTouchEventListener
instanceKlass com/sun/prism/PresentableState
instanceKlass com/sun/javafx/tk/quantum/ViewPainter
instanceKlass com/sun/glass/ui/View$EventHandler
instanceKlass com/sun/glass/ui/ClipboardAssistance
instanceKlass javafx/application/Platform
instanceKlass java/lang/StrictMath
instanceKlass com/sun/glass/ui/TouchInputSupport$TouchCountListener
instanceKlass com/sun/glass/ui/TouchInputSupport
instanceKlass com/sun/glass/ui/GestureSupport$GestureState
instanceKlass com/sun/glass/ui/GestureSupport
instanceKlass com/sun/glass/ui/win/WinGestureSupport
instanceKlass com/sun/javafx/tk/quantum/WindowStage$1
instanceKlass java/util/ResourceBundle$3
instanceKlass javafx/scene/input/KeyCombination$Modifier
instanceKlass com/sun/glass/ui/Window$EventHandler
instanceKlass com/sun/javafx/tk/quantum/GlassStage
instanceKlass com/sun/javafx/event/EventUtil
instanceKlass com/sun/javafx/util/WeakReferenceQueue
instanceKlass com/sun/javafx/scene/transform/TransformUtils
instanceKlass javafx/scene/ParallelCamera$1
instanceKlass javafx/scene/Camera$1
instanceKlass com/sun/javafx/scene/ParallelCameraHelper$ParallelCameraAccessor
instanceKlass com/sun/javafx/scene/CameraHelper$CameraAccessor
instanceKlass com/sun/javafx/logging/PlatformLogger$1
instanceKlass javafx/scene/layout/BorderWidths
instanceKlass com/sun/javafx/scene/layout/region/BorderImageSlices
instanceKlass javafx/scene/layout/Border
instanceKlass javafx/scene/layout/BackgroundSize
instanceKlass javafx/scene/layout/BackgroundPosition
instanceKlass com/sun/javafx/scene/layout/region/RepeatStruct
instanceKlass javafx/scene/layout/CornerRadii
instanceKlass javafx/scene/layout/Background
instanceKlass javafx/scene/layout/Region$StyleableProperties
instanceKlass javafx/scene/control/Control$StyleableProperties
instanceKlass com/sun/javafx/css/StyleCache$Key
instanceKlass javafx/scene/CssStyleHelper$CacheContainer
instanceKlass com/sun/javafx/css/StyleManager$Cache$Key
instanceKlass javafx/css/converter/CursorConverter$Holder
instanceKlass javafx/scene/Node$StyleableProperties
instanceKlass javafx/scene/image/ImageView$StyleableProperties
instanceKlass com/sun/javafx/css/CascadingStyle
instanceKlass com/sun/javafx/css/StyleMap
instanceKlass com/sun/javafx/css/StyleManager$Cache
instanceKlass java/util/TimSort
instanceKlass java/util/Arrays$LegacyMergeSort
instanceKlass com/sun/javafx/css/StyleManager$Key
instanceKlass com/sun/javafx/css/StyleManager$CacheContainer
instanceKlass javafx/css/converter/FontConverter$FontStyleConverter$Holder
instanceKlass javafx/css/converter/FontConverter$Holder
instanceKlass com/sun/javafx/font/PrismFont
instanceKlass com/sun/javafx/font/FontStrike
instanceKlass com/sun/javafx/font/CharToGlyphMapper
instanceKlass com/sun/javafx/font/LogicalFont
instanceKlass com/sun/javafx/font/CompositeFontResource
instanceKlass com/sun/javafx/font/directwrite/IUnknown
instanceKlass com/sun/javafx/font/directwrite/OS
instanceKlass com/sun/javafx/font/FontFallbackInfo
instanceKlass com/sun/javafx/text/GlyphLayout
instanceKlass com/sun/javafx/font/PrismFontFile
instanceKlass com/sun/javafx/font/FontConstants
instanceKlass com/sun/javafx/scene/text/FontHelper
instanceKlass javafx/scene/text/Font$1
instanceKlass com/sun/javafx/scene/text/FontHelper$FontAccessor
instanceKlass sun/util/logging/PlatformLogger$ConfigurableBridge$LoggerConfiguration
instanceKlass java/util/logging/LogManager$4
instanceKlass java/util/ArrayList$ArrayListSpliterator
instanceKlass java/util/Hashtable$Enumerator
instanceKlass java/util/Collections$3
instanceKlass java/util/logging/LogManager$LoggerContext$1
instanceKlass java/util/logging/LogManager$VisitedLoggers
instanceKlass java/util/logging/Logger$ConfigurationData
instanceKlass java/util/logging/Logger$LoggerBundle
instanceKlass java/util/logging/Handler
instanceKlass java/util/logging/Logger
instanceKlass java/util/logging/LogManager$2
instanceKlass java/util/logging/LogManager$LoggingProviderAccess
instanceKlass java/util/logging/LogManager$LogNode
instanceKlass java/util/logging/LogManager$LoggerContext
instanceKlass java/util/logging/LogManager$1
instanceKlass java/util/logging/Level
instanceKlass java/util/logging/LogManager
instanceKlass jdk/internal/logger/BootstrapLogger$BootstrapExecutors
instanceKlass jdk/internal/logger/BootstrapLogger$RedirectedLoggers
instanceKlass jdk/internal/logger/BootstrapLogger$DetectBackend$1
instanceKlass jdk/internal/logger/BootstrapLogger$DetectBackend
instanceKlass jdk/internal/logger/BootstrapLogger
instanceKlass sun/util/logging/PlatformLogger$ConfigurableBridge
instanceKlass sun/util/logging/PlatformLogger$Bridge
instanceKlass java/util/ServiceLoader$ProviderImpl
instanceKlass java/util/ServiceLoader$Provider
instanceKlass java/util/ServiceLoader$1
instanceKlass sun/util/logging/internal/LoggingProviderImpl$LogManagerAccess
instanceKlass java/util/concurrent/CopyOnWriteArrayList$COWIterator
instanceKlass jdk/internal/loader/URLClassPath$1
instanceKlass java/lang/CompoundEnumeration
instanceKlass jdk/internal/loader/BuiltinClassLoader$1
instanceKlass java/util/Collections$EmptyEnumeration
instanceKlass java/util/ServiceLoader$3
instanceKlass java/util/ServiceLoader$2
instanceKlass java/util/ServiceLoader$LazyClassPathLookupIterator
instanceKlass java/util/Spliterators$1Adapter
instanceKlass java/util/Spliterators$ArraySpliterator
instanceKlass java/util/ServiceLoader$ModuleServicesLookupIterator
instanceKlass java/util/ServiceLoader
instanceKlass java/io/FilePermission$1
instanceKlass jdk/internal/access/JavaIOFilePermissionAccess
instanceKlass jdk/internal/logger/LoggerFinderLoader
instanceKlass jdk/internal/logger/DefaultLoggerFinder$1
instanceKlass java/lang/System$LoggerFinder
instanceKlass jdk/internal/logger/LazyLoggers$LazyLoggerFactories
instanceKlass jdk/internal/logger/LazyLoggers$1
instanceKlass jdk/internal/logger/LazyLoggers
instanceKlass com/sun/javafx/logging/PlatformLogger
instanceKlass java/lang/System$Logger
instanceKlass com/sun/javafx/util/Logging
instanceKlass javafx/css/CssMetaData
instanceKlass javafx/scene/CssStyleHelper
instanceKlass javafx/scene/Scene$ClickCounter
instanceKlass javafx/scene/Scene$ClickGenerator
instanceKlass javafx/scene/Scene$MouseHandler$1
instanceKlass com/sun/javafx/event/EventQueue
instanceKlass javafx/scene/Scene$MouseHandler
instanceKlass com/sun/javafx/scene/traversal/TraversalEngine$BaseEngineContext
instanceKlass com/sun/javafx/scene/traversal/ContainerTabOrder
instanceKlass com/sun/javafx/scene/traversal/Algorithm
instanceKlass com/sun/javafx/scene/traversal/TraversalContext
instanceKlass javafx/scene/Scene$TouchMap
instanceKlass javafx/scene/Scene$TouchGesture
instanceKlass javafx/scene/Scene$TargetWrapper
instanceKlass javafx/scene/Scene$ScenePulseListener
instanceKlass javafx/scene/SceneAntialiasing
instanceKlass com/sun/javafx/scene/SceneHelper
instanceKlass javafx/scene/Scene$2
instanceKlass javafx/scene/input/InputMethodRequests
instanceKlass com/sun/javafx/tk/TKDropTargetListener
instanceKlass com/sun/javafx/tk/TKScenePaintListener
instanceKlass com/sun/javafx/tk/TKSceneListener
instanceKlass com/sun/javafx/scene/SceneHelper$SceneAccessor
instanceKlass com/sun/javafx/perf/PerformanceTracker$SceneAccessor
instanceKlass com/sun/javafx/scene/traversal/TraversalEngine
instanceKlass javafx/scene/Node$NodeTransformation
instanceKlass com/sun/javafx/scene/layout/ScaledMath
instanceKlass javafx/event/WeakEventHandler
instanceKlass com/sun/javafx/event/CompositeEventHandler$EventProcessorRecord
instanceKlass com/sun/javafx/event/CompositeEventHandler
instanceKlass javafx/event/EventType
instanceKlass javafx/event/EventHandler
instanceKlass java/util/EventListener
instanceKlass com/sun/javafx/css/StyleManager$RefList
instanceKlass javafx/css/converter/FontConverter$FontWeightConverter$Holder
instanceKlass javafx/css/converter/StringConverter$Holder
instanceKlass javafx/css/converter/FontConverter$FontSizeConverter$Holder
instanceKlass javafx/css/converter/EffectConverter$Holder
instanceKlass javafx/scene/effect/Effect
instanceKlass com/sun/javafx/scene/layout/region/Margins
instanceKlass com/sun/javafx/scene/layout/region/Margins$Holder
instanceKlass javafx/css/converter/BooleanConverter$Holder
instanceKlass javafx/css/converter/SizeConverter$Holder
instanceKlass javafx/css/converter/InsetsConverter$Holder
instanceKlass com/sun/javafx/css/SelectorPartitioning$Slot
instanceKlass com/sun/javafx/css/BitSet$1
instanceKlass com/sun/javafx/css/SelectorPartitioning$Partition
instanceKlass javafx/css/converter/PaintConverter$Holder
instanceKlass javafx/css/converter/StopConverter$Holder
instanceKlass javafx/css/converter/LadderConverter$Holder
instanceKlass javafx/css/converter/DeriveColorConverter$Holder
instanceKlass javafx/css/converter/URLConverter$Holder
instanceKlass javafx/css/StyleConverter
instanceKlass javafx/css/Size
instanceKlass javafx/css/ParsedValue
instanceKlass javafx/css/Declaration
instanceKlass javafx/css/Rule$Observables
instanceKlass com/sun/javafx/css/SelectorPartitioning$PartitionKey
instanceKlass com/sun/javafx/css/SelectorPartitioning
instanceKlass com/sun/javafx/css/StyleManager$StylesheetContainer
instanceKlass java/util/AbstractList$SubList$1
instanceKlass javafx/collections/ModifiableObservableListBase$SubObservableList
instanceKlass javafx/css/StyleClass
instanceKlass javafx/css/Selector
instanceKlass javafx/css/Rule
instanceKlass javafx/css/StyleConverter$StringStore
instanceKlass sun/net/www/protocol/jar/JarFileFactory
instanceKlass sun/net/www/protocol/jar/URLJarFile$URLJarFileCloseController
instanceKlass javafx/css/Stylesheet
instanceKlass javafx/geometry/Point2D
instanceKlass com/sun/javafx/font/PGFont
instanceKlass com/sun/javafx/font/FontResource
instanceKlass java/io/FilenameFilter
instanceKlass com/sun/javafx/font/PrismFontFactory
instanceKlass com/sun/javafx/scene/text/TextLine
instanceKlass com/sun/javafx/scene/text/GlyphList
instanceKlass java/text/CharacterIterator
instanceKlass com/sun/javafx/text/PrismTextLayout
instanceKlass com/sun/javafx/scene/text/TextLayout
instanceKlass com/sun/javafx/text/PrismTextLayoutFactory
instanceKlass javafx/scene/paint/Paint$1
instanceKlass com/sun/javafx/tk/Toolkit$PaintAccessor
instanceKlass javafx/scene/text/Text$1
instanceKlass javafx/scene/shape/Shape$1
instanceKlass com/sun/javafx/scene/text/TextSpan
instanceKlass com/sun/javafx/scene/shape/TextHelper$TextAccessor
instanceKlass com/sun/javafx/scene/shape/ShapeHelper$ShapeAccessor
instanceKlass com/sun/javafx/scene/control/skin/Utils
instanceKlass com/sun/javafx/css/StyleManager$ImageCache
instanceKlass com/sun/javafx/css/StyleManager$InstanceHolder
instanceKlass com/sun/javafx/css/StyleManager
instanceKlass java/util/NavigableSet
instanceKlass java/util/SortedSet
instanceKlass jdk/internal/util/jar/JarIndex
instanceKlass jdk/internal/loader/FileURLMapper
instanceKlass jdk/internal/loader/URLClassPath$JarLoader$1
instanceKlass java/util/Collections$SynchronizedCollection
instanceKlass java/util/Properties$EntrySet
instanceKlass java/io/Reader
instanceKlass java/security/Security$2
instanceKlass jdk/internal/access/JavaSecurityPropertiesAccess
instanceKlass java/util/concurrent/ConcurrentHashMap$MapEntry
instanceKlass java/util/Properties$LineReader
instanceKlass java/security/Security$1
instanceKlass java/security/Security
instanceKlass sun/security/util/SecurityProperties
instanceKlass sun/security/util/FilePermCompat
instanceKlass sun/security/util/SecurityConstants
instanceKlass java/util/ResourceBundle$ResourceBundleProviderHelper
instanceKlass java/util/LinkedList$Node
instanceKlass java/util/ResourceBundle$CacheKeyReference
instanceKlass java/util/ResourceBundle$CacheKey
instanceKlass java/util/ResourceBundle$Control
instanceKlass java/util/ResourceBundle$1
instanceKlass jdk/internal/access/JavaUtilResourceBundleAccess
instanceKlass java/util/ResourceBundle
instanceKlass com/sun/javafx/tk/quantum/QuantumToolkit$6
instanceKlass com/sun/javafx/application/PlatformImpl$2
instanceKlass javafx/scene/control/Control$1
instanceKlass javafx/scene/control/Skin
instanceKlass com/sun/javafx/scene/control/ControlHelper$ControlAccessor
instanceKlass javafx/scene/control/Skinnable
instanceKlass javafx/scene/Scene
instanceKlass javafx/scene/text/Font
instanceKlass java/time/LocalDate
instanceKlass java/time/chrono/ChronoLocalDate
instanceKlass java/time/temporal/TemporalAdjuster
instanceKlass java/time/temporal/Temporal
instanceKlass java/time/temporal/TemporalAccessor
instanceKlass javafx/geometry/Insets
instanceKlass javafx/scene/layout/Pane$1
instanceKlass com/sun/javafx/geom/Vec2d
instanceKlass javafx/scene/layout/Region$1
instanceKlass javafx/scene/Parent$1
instanceKlass javafx/scene/PropertyHelper
instanceKlass com/sun/javafx/scene/layout/PaneHelper$PaneAccessor
instanceKlass com/sun/javafx/scene/layout/RegionHelper$RegionAccessor
instanceKlass com/sun/javafx/scene/ParentHelper$ParentAccessor
instanceKlass javafx/beans/WeakInvalidationListener
instanceKlass javafx/collections/SetChangeListener
instanceKlass com/sun/prism/Image$Serial
instanceKlass com/sun/javafx/image/impl/ByteRgba$Accessor
instanceKlass com/sun/javafx/image/impl/ByteRgba
instanceKlass com/sun/javafx/image/impl/ByteBgraPre$Accessor
instanceKlass com/sun/javafx/image/impl/ByteBgraPre
instanceKlass com/sun/javafx/image/impl/BaseByteToByteConverter
instanceKlass com/sun/javafx/image/ByteToBytePixelConverter
instanceKlass com/sun/javafx/image/PixelConverter
instanceKlass com/sun/javafx/image/impl/ByteBgra$Accessor
instanceKlass com/sun/javafx/image/BytePixelAccessor
instanceKlass com/sun/javafx/image/BytePixelSetter
instanceKlass com/sun/javafx/image/PixelSetter
instanceKlass com/sun/javafx/image/BytePixelGetter
instanceKlass com/sun/javafx/image/impl/ByteBgra
instanceKlass com/sun/prism/Image$1
instanceKlass javafx/scene/image/PixelFormat
instanceKlass com/sun/javafx/image/PixelGetter
instanceKlass com/sun/prism/Image$Accessor
instanceKlass com/sun/prism/Image
instanceKlass com/sun/javafx/iio/ImageFrame
instanceKlass com/sun/javafx/iio/ImageMetadata
instanceKlass com/sun/javafx/iio/common/ImageLoaderImpl
instanceKlass java/util/Vector$1
instanceKlass sun/net/DefaultProgressMeteringPolicy
instanceKlass sun/net/ProgressMeteringPolicy
instanceKlass sun/net/ProgressMonitor
instanceKlass sun/net/www/MessageHeader
instanceKlass java/net/URLConnection
instanceKlass com/sun/javafx/iio/common/ImageTools
instanceKlass com/sun/javafx/util/DataURI
instanceKlass com/sun/javafx/iio/ImageFormatDescription$Signature
instanceKlass com/sun/javafx/iio/common/ImageDescriptor
instanceKlass com/sun/javafx/iio/bmp/BMPImageLoaderFactory
instanceKlass com/sun/javafx/iio/png/PNGImageLoaderFactory
instanceKlass com/sun/javafx/iio/jpeg/JPEGImageLoaderFactory
instanceKlass com/sun/javafx/iio/ImageFormatDescription
instanceKlass com/sun/javafx/iio/ImageLoader
instanceKlass com/sun/javafx/iio/gif/GIFImageLoaderFactory
instanceKlass com/sun/javafx/iio/ImageLoaderFactory
instanceKlass com/sun/javafx/iio/ImageStorage$InstanceHolder
instanceKlass com/sun/javafx/iio/ImageStorage
instanceKlass com/sun/javafx/tk/quantum/PrismImageLoader2$PrismLoadListener
instanceKlass com/sun/javafx/iio/ImageLoadListener
instanceKlass com/sun/javafx/tk/quantum/PrismImageLoader2
instanceKlass jdk/internal/jimage/ImageLocation
instanceKlass jdk/internal/jimage/decompressor/Decompressor
instanceKlass jdk/internal/jimage/ImageStringsReader
instanceKlass jdk/internal/jimage/ImageStrings
instanceKlass jdk/internal/jimage/ImageHeader
instanceKlass jdk/internal/jimage/NativeImageBuffer$1
instanceKlass jdk/internal/jimage/NativeImageBuffer
instanceKlass jdk/internal/jimage/BasicImageReader$1
instanceKlass jdk/internal/jimage/BasicImageReader
instanceKlass jdk/internal/jimage/ImageReader
instanceKlass jdk/internal/jimage/ImageReaderFactory$1
instanceKlass java/nio/file/Paths
instanceKlass jdk/internal/jimage/ImageReaderFactory
instanceKlass jdk/internal/module/SystemModuleFinders$SystemImage
instanceKlass jdk/internal/module/SystemModuleFinders$SystemModuleReader
instanceKlass jdk/internal/loader/BuiltinClassLoader$2
instanceKlass javafx/scene/image/ImageView$1
instanceKlass com/sun/javafx/scene/BoundsAccessor
instanceKlass javafx/collections/SetChangeListener$Change
instanceKlass javafx/css/PseudoClass
instanceKlass javafx/geometry/Point3D
instanceKlass com/sun/javafx/scene/transform/TransformHelper
instanceKlass javafx/scene/transform/Transform$1
instanceKlass com/sun/javafx/scene/transform/TransformHelper$TransformAccessor
instanceKlass javafx/scene/transform/Transform
instanceKlass com/sun/javafx/scene/NodeHelper
instanceKlass javafx/scene/Node$1
instanceKlass com/sun/javafx/sg/prism/NGNode
instanceKlass com/sun/javafx/scene/ImageViewHelper$ImageViewAccessor
instanceKlass com/sun/javafx/beans/event/AbstractNotifyListener
instanceKlass com/sun/glass/ui/Accessible$EventHandler
instanceKlass javafx/css/StyleableProperty
instanceKlass com/sun/javafx/scene/NodeHelper$NodeAccessor
instanceKlass com/sun/javafx/collections/VetoableListDecorator$ModCountAccessor
instanceKlass com/sun/javafx/collections/VetoableListDecorator
instanceKlass com/sun/javafx/event/EventDispatchChainImpl
instanceKlass javafx/event/EventDispatchChain
instanceKlass com/sun/javafx/event/BasicEventDispatcher
instanceKlass javafx/event/EventDispatcher
instanceKlass java/util/EventObject
instanceKlass javafx/beans/binding/NumberBinding
instanceKlass javafx/stage/Window$TKBoundsConfigurator
instanceKlass com/sun/javafx/tk/TKPulseListener
instanceKlass javafx/stage/Stage$2
instanceKlass javafx/stage/Stage$1
instanceKlass com/sun/javafx/stage/WindowHelper
instanceKlass javafx/stage/Window$1
instanceKlass com/sun/javafx/stage/WindowPeerListener
instanceKlass com/sun/javafx/tk/TKStageListener
instanceKlass javafx/beans/binding/StringExpression
instanceKlass javafx/beans/value/ObservableStringValue
instanceKlass javafx/beans/value/WritableStringValue
instanceKlass com/sun/javafx/stage/StagePeerListener$StageAccessor
instanceKlass com/sun/javafx/stage/StageHelper$StageAccessor
instanceKlass com/sun/javafx/stage/WindowHelper$WindowAccessor
instanceKlass javafx/beans/value/WritableDoubleValue
instanceKlass javafx/beans/value/WritableNumberValue
instanceKlass javafx/stage/Window
instanceKlass javafx/scene/Node
instanceKlass javafx/css/Styleable
instanceKlass javafx/event/EventTarget
instanceKlass com/sun/glass/ui/InvokeLaterDispatcher$Future
instanceKlass com/sun/scenario/animation/AbstractPrimaryTimer$MainLoop
instanceKlass java/util/concurrent/LinkedBlockingDeque$Node
instanceKlass com/sun/scenario/DelayedRunnable
instanceKlass com/sun/scenario/animation/shared/TimerReceiver
instanceKlass com/sun/scenario/animation/shared/PulseReceiver
instanceKlass com/sun/javafx/animation/TickCalculation
instanceKlass com/sun/scenario/Settings
instanceKlass com/sun/javafx/application/LauncherImpl$1
instanceKlass java/util/AbstractList$Itr
instanceKlass javafx/collections/ListChangeBuilder$SubChange
instanceKlass javafx/collections/ListChangeBuilder
instanceKlass javafx/geometry/Rectangle2D
instanceKlass com/sun/javafx/tk/TKScreenConfigurationListener
instanceKlass com/sun/javafx/binding/ExpressionHelperBase
instanceKlass javafx/collections/WeakListChangeListener
instanceKlass javafx/beans/WeakListener
instanceKlass javafx/collections/ListChangeListener
instanceKlass javafx/collections/ListChangeListener$Change
instanceKlass javafx/util/Callback
instanceKlass com/sun/javafx/collections/SortableList
instanceKlass javafx/collections/FXCollections$EmptyObservableSet$1
instanceKlass javafx/collections/FXCollections$EmptyObservableList$1
instanceKlass javafx/collections/ObservableIntegerArray
instanceKlass javafx/collections/ObservableFloatArray
instanceKlass javafx/collections/ObservableArray
instanceKlass javafx/collections/ObservableSet
instanceKlass javafx/collections/ObservableList
instanceKlass javafx/collections/ObservableMap
instanceKlass javafx/collections/FXCollections
instanceKlass javafx/stage/Screen
instanceKlass com/sun/prism/impl/ps/BaseShaderContext$State
instanceKlass com/sun/javafx/geom/Vec3d
instanceKlass com/sun/prism/impl/VertexBuffer
instanceKlass com/sun/javafx/geom/BaseBounds
instanceKlass com/sun/javafx/geom/transform/GeneralTransform3D
instanceKlass com/sun/javafx/geom/transform/BaseTransform
instanceKlass com/sun/javafx/geom/transform/CanTransformVec3d
instanceKlass com/sun/prism/MaskTextureGraphics
instanceKlass com/sun/prism/ReadbackGraphics
instanceKlass com/sun/prism/ps/ShaderGraphics
instanceKlass com/sun/prism/impl/BaseGraphics
instanceKlass com/sun/prism/RectShadowGraphics
instanceKlass com/sun/prism/Graphics
instanceKlass com/sun/prism/impl/BaseContext
instanceKlass com/sun/prism/ps/Shader
instanceKlass com/sun/prism/PhongMaterial
instanceKlass com/sun/prism/Material
instanceKlass com/sun/prism/impl/TextureResourcePool
instanceKlass com/sun/prism/impl/ResourcePool
instanceKlass com/sun/prism/MeshView
instanceKlass com/sun/prism/Mesh
instanceKlass com/sun/prism/RTTexture
instanceKlass com/sun/prism/Texture
instanceKlass com/sun/prism/Presentable
instanceKlass com/sun/prism/RenderTarget
instanceKlass com/sun/prism/Surface
instanceKlass com/sun/prism/shape/ShapeRep
instanceKlass java/util/concurrent/Executors$RunnableAdapter
instanceKlass java/util/concurrent/FutureTask$WaitNode
instanceKlass java/util/concurrent/FutureTask
instanceKlass java/util/concurrent/BlockingDeque
instanceKlass java/lang/ProcessEnvironment$CheckedEntry
instanceKlass java/lang/ProcessEnvironment$CheckedEntrySet$1
instanceKlass java/lang/ProcessEnvironment$EntryComparator
instanceKlass java/lang/ProcessEnvironment$NameComparator
instanceKlass com/sun/glass/ui/win/WinApplication$1
instanceKlass com/sun/glass/ui/GlassRobot
instanceKlass com/sun/glass/ui/Cursor
instanceKlass com/sun/glass/ui/View
instanceKlass com/sun/glass/ui/Timer
instanceKlass com/sun/glass/ui/Accessible
instanceKlass com/sun/glass/ui/Window
instanceKlass com/sun/glass/ui/Pixels
instanceKlass com/sun/glass/ui/delegate/MenuItemDelegate
instanceKlass com/sun/glass/ui/delegate/MenuBarDelegate
instanceKlass com/sun/glass/ui/delegate/ClipboardDelegate
instanceKlass com/sun/glass/ui/delegate/MenuDelegate
instanceKlass com/sun/glass/ui/InvokeLaterDispatcher$InvokeLaterSubmitter
instanceKlass com/sun/glass/ui/Platform
instanceKlass com/sun/glass/ui/PlatformFactory
instanceKlass java/lang/Shutdown$Lock
instanceKlass java/lang/Shutdown
instanceKlass java/lang/ApplicationShutdownHooks$1
instanceKlass java/lang/ApplicationShutdownHooks
instanceKlass com/sun/javafx/tk/quantum/GlassScene
instanceKlass com/sun/javafx/tk/TKScene
instanceKlass java/util/concurrent/ForkJoinPool$WorkQueue
instanceKlass java/util/concurrent/ForkJoinPool$DefaultCommonPoolForkJoinWorkerThreadFactory
instanceKlass com/sun/javafx/tk/quantum/PaintCollector
instanceKlass java/util/concurrent/ForkJoinPool$1
instanceKlass com/sun/javafx/tk/CompletionListener
instanceKlass java/util/concurrent/ForkJoinPool$DefaultForkJoinWorkerThreadFactory
instanceKlass java/util/concurrent/ForkJoinPool$ForkJoinWorkerThreadFactory
instanceKlass java/util/concurrent/ForkJoinPool$ManagedBlocker
instanceKlass com/sun/glass/ui/View$Capability
instanceKlass com/sun/glass/ui/Screen
instanceKlass com/sun/prism/impl/BaseResourceFactory
instanceKlass com/sun/prism/ps/ShaderFactory
instanceKlass com/sun/prism/ResourceFactory
instanceKlass com/sun/prism/GraphicsResource
instanceKlass com/sun/javafx/font/FontFactory
instanceKlass com/sun/prism/GraphicsPipeline
instanceKlass com/sun/javafx/tk/quantum/QuantumRenderer$PipelineRunnable
instanceKlass com/sun/javafx/tk/quantum/QuantumRenderer$QuantumThreadFactory
instanceKlass java/util/concurrent/Executors$DefaultThreadFactory
instanceKlass java/util/concurrent/Executors
instanceKlass java/util/concurrent/LinkedBlockingQueue$Node
instanceKlass java/util/concurrent/locks/AbstractQueuedSynchronizer$ConditionObject
instanceKlass java/util/concurrent/locks/Condition
instanceKlass java/util/concurrent/atomic/AtomicReference
instanceKlass java/util/concurrent/ThreadPoolExecutor$AbortPolicy
instanceKlass java/util/concurrent/RejectedExecutionHandler
instanceKlass java/util/concurrent/RunnableFuture
instanceKlass java/util/concurrent/Future
instanceKlass java/util/concurrent/BlockingQueue
instanceKlass java/util/concurrent/AbstractExecutorService
instanceKlass java/util/concurrent/ExecutorService
instanceKlass java/util/concurrent/Executor
instanceKlass com/sun/glass/ui/MenuItem$Callback
instanceKlass javafx/scene/input/KeyCombination
instanceKlass com/sun/glass/ui/Menu$EventHandler
instanceKlass com/sun/javafx/menu/MenuItemBase
instanceKlass com/sun/javafx/tk/quantum/GlassSystemMenu
instanceKlass java/util/Collections$SynchronizedMap
instanceKlass com/sun/prism/impl/PrismSettings
instanceKlass com/sun/javafx/tk/quantum/PerformanceTrackerHelper$1
instanceKlass com/sun/javafx/tk/quantum/PerformanceTrackerHelper
instanceKlass com/sun/javafx/tk/quantum/QuantumToolkit$PulseTask
instanceKlass com/sun/javafx/geom/PathConsumer2D
instanceKlass com/sun/javafx/geom/Shape
instanceKlass com/sun/prism/BasicStroke
instanceKlass com/sun/javafx/tk/quantum/QuantumToolkit$3
instanceKlass com/sun/glass/ui/Application$EventHandler
instanceKlass com/sun/scenario/animation/AbstractPrimaryTimer
instanceKlass com/sun/scenario/effect/FilterContext
instanceKlass com/sun/scenario/effect/Filterable
instanceKlass com/sun/scenario/effect/LockableResource
instanceKlass com/sun/javafx/tk/FontLoader
instanceKlass com/sun/javafx/tk/TKSystemMenu
instanceKlass com/sun/javafx/tk/ImageLoader
instanceKlass com/sun/javafx/runtime/async/AbstractAsyncOperation
instanceKlass java/util/concurrent/Callable
instanceKlass com/sun/javafx/runtime/async/AsyncOperation
instanceKlass com/sun/glass/ui/Screen$EventHandler
instanceKlass com/sun/javafx/tk/TKStage
instanceKlass com/sun/javafx/scene/text/TextLayoutFactory
instanceKlass javafx/scene/shape/PathElement
instanceKlass com/sun/javafx/tk/PlatformImage
instanceKlass com/sun/javafx/tk/ScreenConfigurationAccessor
instanceKlass com/sun/javafx/perf/PerformanceTracker
instanceKlass java/util/TreeMap$PrivateEntryIterator
instanceKlass java/util/TreeMap$Entry
instanceKlass java/lang/invoke/LambdaFormEditor$1
instanceKlass java/util/NavigableMap
instanceKlass java/util/SortedMap
instanceKlass java/lang/invoke/MethodHandles$1
instanceKlass java/lang/Long$LongCache
instanceKlass jdk/internal/module/Resources
instanceKlass java/lang/StackStreamFactory$FrameBuffer
instanceKlass java/lang/StackStreamFactory$1
instanceKlass java/lang/StackStreamFactory
instanceKlass com/sun/glass/utils/NativeLibLoader
instanceKlass jdk/internal/math/FloatingDecimal$ASCIIToBinaryBuffer
instanceKlass jdk/internal/math/FloatingDecimal$PreparedASCIIToBinaryBuffer
instanceKlass jdk/internal/math/FloatingDecimal$ASCIIToBinaryConverter
instanceKlass jdk/internal/math/FloatingDecimal$BinaryToASCIIBuffer
instanceKlass jdk/internal/math/FloatingDecimal$ExceptionalBinaryToASCIIBuffer
instanceKlass jdk/internal/math/FloatingDecimal$BinaryToASCIIConverter
instanceKlass jdk/internal/math/FloatingDecimal
instanceKlass com/sun/javafx/PlatformUtil
instanceKlass com/sun/javafx/runtime/VersionInfo
instanceKlass javafx/scene/image/Image$1
instanceKlass javafx/scene/image/PixelReader
instanceKlass javafx/beans/binding/NumberExpressionBase
instanceKlass javafx/beans/binding/NumberExpression
instanceKlass javafx/beans/value/ObservableDoubleValue
instanceKlass javafx/beans/value/ObservableNumberValue
instanceKlass com/sun/javafx/tk/Toolkit$ImageAccessor
instanceKlass javafx/geometry/Bounds
instanceKlass com/sun/javafx/util/Utils
instanceKlass javafx/scene/image/Image
instanceKlass javafx/animation/Interpolatable
instanceKlass javafx/scene/paint/Paint
instanceKlass com/sun/javafx/tk/TKClipboard
instanceKlass com/sun/javafx/tk/Toolkit
instanceKlass com/sun/javafx/application/PlatformImpl$1
instanceKlass javafx/beans/InvalidationListener
instanceKlass javafx/beans/value/WritableObjectValue
instanceKlass javafx/beans/binding/Binding
instanceKlass javafx/beans/binding/ObjectExpression
instanceKlass javafx/beans/value/ObservableObjectValue
instanceKlass com/sun/javafx/tk/TKListener
instanceKlass javafx/beans/binding/BooleanExpression
instanceKlass javafx/beans/value/ObservableBooleanValue
instanceKlass javafx/beans/value/WritableBooleanValue
instanceKlass javafx/beans/property/Property
instanceKlass javafx/beans/value/WritableValue
instanceKlass javafx/beans/property/ReadOnlyProperty
instanceKlass javafx/beans/value/ObservableValue
instanceKlass javafx/beans/Observable
instanceKlass com/sun/javafx/application/PlatformImpl
instanceKlass java/util/concurrent/locks/AbstractQueuedSynchronizer$Node
instanceKlass java/util/concurrent/CountDownLatch
instanceKlass java/lang/invoke/VarHandle$AccessDescriptor
instanceKlass com/sun/glass/ui/Application
instanceKlass java/lang/invoke/VarForm
instanceKlass java/lang/invoke/VarHandleGuards
instanceKlass jdk/internal/util/Preconditions$1
instanceKlass java/lang/invoke/VarHandle$1
instanceKlass java/lang/ClassValue$Version
instanceKlass java/lang/ClassValue$Identity
instanceKlass java/lang/ClassValue
instanceKlass java/lang/invoke/VarHandles
instanceKlass java/util/concurrent/atomic/AtomicBoolean
instanceKlass javafx/application/Application$Parameters
instanceKlass com/sun/javafx/application/PlatformImpl$FinishListener
instanceKlass com/sun/javafx/application/LauncherImpl
instanceKlass javafx/application/Application
instanceKlass jdk/internal/module/ModulePatcher$PatchedModuleReader
instanceKlass java/nio/file/FileSystems$DefaultFileSystemHolder$1
instanceKlass java/nio/file/FileSystems$DefaultFileSystemHolder
instanceKlass java/util/concurrent/locks/ReentrantReadWriteLock$WriteLock
instanceKlass java/util/concurrent/locks/ReentrantReadWriteLock$ReadLock
instanceKlass java/util/concurrent/locks/ReentrantReadWriteLock
instanceKlass java/util/concurrent/locks/ReadWriteLock
instanceKlass jdk/internal/module/ModuleReferences$SafeCloseModuleReader
instanceKlass jdk/internal/loader/BuiltinClassLoader$5
instanceKlass com/login/Main
instanceKlass java/security/SecureClassLoader$DebugHolder
instanceKlass java/security/PermissionCollection
instanceKlass java/security/SecureClassLoader$1
instanceKlass java/security/SecureClassLoader$CodeSourceKey
instanceKlass java/io/FileInputStream$1
instanceKlass sun/nio/ByteBuffered
instanceKlass java/lang/Package$VersionInfo
instanceKlass java/lang/NamedPackage
instanceKlass jdk/internal/loader/Resource
instanceKlass java/nio/charset/CoderResult
instanceKlass java/lang/Readable
instanceKlass jdk/internal/loader/URLClassPath$Loader
instanceKlass jdk/internal/loader/URLClassPath$3
instanceKlass java/security/PrivilegedExceptionAction
instanceKlass sun/net/util/URLUtil
instanceKlass sun/nio/cs/MS1252$Holder
instanceKlass sun/nio/cs/ArrayDecoder
instanceKlass java/nio/charset/CharsetDecoder
instanceKlass sun/launcher/LauncherHelper
instanceKlass jdk/internal/vm/PostVMInitHook$1
instanceKlass jdk/internal/util/EnvUtils
instanceKlass jdk/internal/vm/PostVMInitHook$2
instanceKlass jdk/internal/vm/PostVMInitHook
instanceKlass java/lang/invoke/StringConcatFactory$3
instanceKlass java/lang/invoke/StringConcatFactory$2
instanceKlass java/lang/invoke/StringConcatFactory$1
instanceKlass java/lang/invoke/StringConcatFactory
instanceKlass jdk/internal/module/ModuleBootstrap$SafeModuleFinder
instanceKlass java/lang/ModuleLayer$Controller
instanceKlass java/util/concurrent/CopyOnWriteArrayList
instanceKlass jdk/internal/module/ServicesCatalog$ServiceProvider
instanceKlass jdk/internal/loader/AbstractClassLoaderValue$Memoizer
instanceKlass jdk/internal/module/ModuleLoaderMap$Modules
instanceKlass jdk/internal/module/ModuleLoaderMap$Mapper
instanceKlass jdk/internal/module/ModuleLoaderMap
instanceKlass java/lang/module/ResolvedModule
instanceKlass java/lang/ModuleLayer
instanceKlass java/util/stream/ForEachOps$ForEachOp
instanceKlass java/util/stream/ForEachOps
instanceKlass java/util/WeakHashMap$HashIterator
instanceKlass java/util/Collections$UnmodifiableCollection$1
instanceKlass jdk/internal/module/ModuleInfo$ConstantPool$Entry
instanceKlass jdk/internal/module/ModuleInfo$ConstantPool
instanceKlass jdk/internal/module/ModuleInfo$CountingDataInput
instanceKlass jdk/internal/module/ModuleInfo
instanceKlass jdk/internal/org/objectweb/asm/ClassReader
instanceKlass java/io/RandomAccessFile$1
instanceKlass java/lang/module/ModuleReader
instanceKlass java/net/URI$Parser
instanceKlass sun/nio/fs/WindowsUriSupport
instanceKlass jdk/internal/module/ModuleReferences
instanceKlass jdk/internal/module/ModuleInfo$Attributes
instanceKlass java/util/stream/DistinctOps
instanceKlass java/util/HashMap$HashMapSpliterator
instanceKlass java/util/AbstractMap$SimpleImmutableEntry
instanceKlass java/util/function/IntFunction
instanceKlass java/util/Spliterators$AbstractSpliterator
instanceKlass jdk/internal/module/Checks
instanceKlass java/lang/module/ModuleDescriptor$Builder
instanceKlass java/util/regex/ASCII
instanceKlass java/util/regex/IntHashSet
instanceKlass java/util/regex/Matcher
instanceKlass java/util/regex/MatchResult
instanceKlass java/util/regex/Pattern$BitClass
instanceKlass java/util/regex/Pattern$TreeInfo
instanceKlass java/util/regex/CharPredicates
instanceKlass java/util/regex/Pattern$BmpCharPredicate
instanceKlass java/util/regex/Pattern$CharPredicate
instanceKlass java/util/regex/Pattern$Node
instanceKlass java/util/regex/Pattern
instanceKlass jdk/internal/module/ModulePath$Patterns
instanceKlass java/util/jar/Attributes
instanceKlass java/security/CodeSigner
instanceKlass java/util/jar/JarVerifier
instanceKlass sun/security/action/GetIntegerAction
instanceKlass sun/security/util/Debug
instanceKlass sun/security/util/SignatureFileVerifier
instanceKlass java/util/zip/ZipFile$InflaterCleanupAction
instanceKlass java/util/zip/Inflater$InflaterZStreamRef
instanceKlass java/util/zip/Inflater
instanceKlass java/util/zip/ZipEntry
instanceKlass java/lang/StringCoding
instanceKlass jdk/internal/perf/PerfCounter$CoreCounters
instanceKlass sun/util/locale/LocaleObjectCache
instanceKlass sun/util/locale/BaseLocale$Key
instanceKlass sun/util/locale/LocaleUtils
instanceKlass sun/util/locale/BaseLocale
instanceKlass java/util/Locale
instanceKlass java/nio/file/attribute/FileTime
instanceKlass java/util/zip/ZipUtils
instanceKlass java/util/zip/ZipFile$Source$End
instanceKlass java/io/RandomAccessFile$2
instanceKlass jdk/internal/access/JavaIORandomAccessFileAccess
instanceKlass java/io/RandomAccessFile
instanceKlass java/io/DataInput
instanceKlass java/io/DataOutput
instanceKlass java/util/zip/ZipFile$Source$Key
instanceKlass java/util/zip/ZipFile$Source
instanceKlass java/util/zip/ZipCoder
instanceKlass java/util/zip/ZipFile$CleanableResource
instanceKlass sun/nio/fs/BasicFileAttributesHolder
instanceKlass sun/nio/fs/WindowsDirectoryStream$WindowsDirectoryIterator
instanceKlass java/nio/file/Files$AcceptAllFilter
instanceKlass java/nio/file/DirectoryStream$Filter
instanceKlass sun/nio/fs/WindowsDirectoryStream
instanceKlass java/nio/file/DirectoryStream
instanceKlass java/util/Collections$EmptyIterator
instanceKlass sun/nio/fs/WindowsChannelFactory$Flags
instanceKlass sun/nio/fs/WindowsChannelFactory$1
instanceKlass sun/nio/fs/WindowsChannelFactory
instanceKlass sun/nio/fs/ExtendedFileSystemProvider
instanceKlass sun/nio/fs/WindowsPath$1
instanceKlass sun/nio/fs/WindowsNativeDispatcher$CompletionStatus
instanceKlass sun/nio/fs/WindowsNativeDispatcher$AclInformation
instanceKlass sun/nio/fs/WindowsNativeDispatcher$Account
instanceKlass sun/nio/fs/WindowsNativeDispatcher$DiskFreeSpace
instanceKlass sun/nio/fs/WindowsNativeDispatcher$VolumeInformation
instanceKlass sun/nio/fs/WindowsNativeDispatcher$FirstStream
instanceKlass sun/nio/fs/WindowsNativeDispatcher$FirstFile
instanceKlass java/util/Enumeration
instanceKlass java/util/concurrent/ConcurrentHashMap$Traverser
instanceKlass java/util/concurrent/ConcurrentHashMap$CollectionView
instanceKlass jdk/internal/loader/NativeLibraries$NativeLibraryImpl
instanceKlass jdk/internal/loader/NativeLibrary
instanceKlass java/util/ArrayDeque$DeqIterator
instanceKlass jdk/internal/loader/NativeLibraries$1
instanceKlass jdk/internal/loader/NativeLibraries$LibraryPaths
instanceKlass sun/nio/fs/WindowsNativeDispatcher
instanceKlass sun/nio/fs/NativeBuffer$Deallocator
instanceKlass sun/nio/fs/NativeBuffer
instanceKlass java/lang/ThreadLocal$ThreadLocalMap
instanceKlass sun/nio/fs/NativeBuffers
instanceKlass sun/nio/fs/WindowsFileAttributes
instanceKlass java/nio/file/attribute/DosFileAttributes
instanceKlass sun/nio/fs/AbstractBasicFileAttributeView
instanceKlass sun/nio/fs/DynamicFileAttributeView
instanceKlass sun/nio/fs/WindowsFileAttributeViews
instanceKlass sun/nio/fs/Util
instanceKlass java/nio/file/attribute/BasicFileAttributeView
instanceKlass java/nio/file/attribute/FileAttributeView
instanceKlass java/nio/file/attribute/AttributeView
instanceKlass java/nio/file/Files
instanceKlass java/nio/file/CopyOption
instanceKlass java/nio/file/attribute/BasicFileAttributes
instanceKlass java/util/ImmutableCollections$ListItr
instanceKlass java/util/ListIterator
instanceKlass java/lang/module/ModuleFinder$1
instanceKlass java/lang/module/Resolver
instanceKlass java/lang/module/Configuration
instanceKlass java/util/ImmutableCollections$Set12$1
instanceKlass java/util/stream/Streams
instanceKlass java/util/stream/Stream$Builder
instanceKlass java/util/stream/Streams$AbstractStreamBuilderImpl
instanceKlass java/util/stream/FindOps$FindOp
instanceKlass java/util/stream/FindOps$FindSink
instanceKlass java/util/stream/FindOps
instanceKlass java/util/AbstractList$RandomAccessSpliterator
instanceKlass java/util/stream/Sink$ChainedReference
instanceKlass java/util/stream/ReduceOps$AccumulatingSink
instanceKlass java/util/stream/TerminalSink
instanceKlass java/util/stream/Sink
instanceKlass java/util/function/Consumer
instanceKlass java/util/stream/ReduceOps$Box
instanceKlass java/util/stream/ReduceOps$ReduceOp
instanceKlass java/util/stream/TerminalOp
instanceKlass java/util/stream/ReduceOps
instanceKlass java/util/function/BinaryOperator
instanceKlass java/util/function/BiFunction
instanceKlass java/util/function/BiConsumer
instanceKlass java/util/stream/Collectors$CollectorImpl
instanceKlass java/util/stream/Collector
instanceKlass java/util/stream/Collectors
instanceKlass java/lang/ref/Cleaner$Cleanable
instanceKlass jdk/internal/ref/CleanerImpl
instanceKlass java/lang/ref/Cleaner$1
instanceKlass java/lang/ref/Cleaner
instanceKlass jdk/internal/ref/CleanerFactory$1
instanceKlass java/util/concurrent/ThreadFactory
instanceKlass jdk/internal/ref/CleanerFactory
instanceKlass java/lang/invoke/MethodHandles$Lookup$ClassDefiner
instanceKlass java/lang/invoke/MethodHandles$Lookup$ClassFile
instanceKlass jdk/internal/org/objectweb/asm/Handler
instanceKlass jdk/internal/org/objectweb/asm/Attribute
instanceKlass jdk/internal/org/objectweb/asm/FieldVisitor
instanceKlass java/util/ArrayList$Itr
instanceKlass java/lang/invoke/InvokerBytecodeGenerator$ClassData
instanceKlass jdk/internal/org/objectweb/asm/AnnotationVisitor
instanceKlass jdk/internal/org/objectweb/asm/Frame
instanceKlass jdk/internal/org/objectweb/asm/Label
instanceKlass jdk/internal/org/objectweb/asm/MethodVisitor
instanceKlass java/lang/invoke/LambdaFormBuffer
instanceKlass java/lang/invoke/LambdaFormEditor$TransformKey
instanceKlass java/lang/invoke/LambdaFormEditor
instanceKlass sun/invoke/util/Wrapper$1
instanceKlass java/lang/invoke/DelegatingMethodHandle$Holder
instanceKlass java/lang/invoke/DirectMethodHandle$2
instanceKlass sun/invoke/empty/Empty
instanceKlass sun/invoke/util/VerifyType
instanceKlass java/lang/invoke/ClassSpecializer$Factory
instanceKlass java/lang/invoke/ClassSpecializer$SpeciesData
instanceKlass java/lang/invoke/ClassSpecializer$1
instanceKlass java/util/function/Function
instanceKlass java/lang/invoke/ClassSpecializer
instanceKlass java/lang/invoke/InnerClassLambdaMetafactory$1
instanceKlass java/lang/invoke/LambdaProxyClassArchive
instanceKlass jdk/internal/org/objectweb/asm/ByteVector
instanceKlass jdk/internal/org/objectweb/asm/Symbol
instanceKlass jdk/internal/org/objectweb/asm/SymbolTable
instanceKlass jdk/internal/org/objectweb/asm/ClassVisitor
instanceKlass java/lang/invoke/InfoFromMemberName
instanceKlass java/lang/invoke/MethodHandleInfo
instanceKlass jdk/internal/org/objectweb/asm/ConstantDynamic
instanceKlass sun/invoke/util/BytecodeDescriptor
instanceKlass jdk/internal/org/objectweb/asm/Handle
instanceKlass jdk/internal/org/objectweb/asm/Type
instanceKlass java/lang/invoke/AbstractValidatingLambdaMetafactory
instanceKlass java/lang/invoke/MethodHandleImpl$1
instanceKlass jdk/internal/access/JavaLangInvokeAccess
instanceKlass java/lang/invoke/Invokers$Holder
instanceKlass java/lang/invoke/BootstrapMethodInvoker
instanceKlass java/util/function/Predicate
instanceKlass java/lang/WeakPairMap$Pair$Lookup
instanceKlass java/lang/WeakPairMap$Pair
instanceKlass java/lang/WeakPairMap
instanceKlass java/lang/Module$ReflectionData
instanceKlass java/lang/invoke/InvokerBytecodeGenerator$2
instanceKlass java/lang/invoke/InvokerBytecodeGenerator
instanceKlass java/lang/invoke/LambdaForm$Holder
instanceKlass java/lang/invoke/LambdaForm$Name
instanceKlass java/lang/invoke/Invokers
instanceKlass java/lang/invoke/MethodHandleImpl
instanceKlass sun/invoke/util/ValueConversions
instanceKlass java/lang/invoke/DirectMethodHandle$Holder
instanceKlass java/lang/invoke/LambdaForm$NamedFunction
instanceKlass sun/invoke/util/Wrapper$Format
instanceKlass java/lang/invoke/MethodTypeForm
instanceKlass java/lang/Void
instanceKlass java/lang/invoke/MethodType$ConcurrentWeakInternSet
instanceKlass java/lang/invoke/LambdaMetafactory
instanceKlass sun/reflect/annotation/AnnotationParser
instanceKlass java/lang/Class$3
instanceKlass java/lang/PublicMethods$Key
instanceKlass java/lang/PublicMethods$MethodList
instanceKlass java/util/EnumMap$1
instanceKlass java/util/stream/StreamOpFlag$MaskBuilder
instanceKlass java/util/stream/Stream
instanceKlass java/util/stream/BaseStream
instanceKlass java/util/stream/PipelineHelper
instanceKlass java/util/stream/StreamSupport
instanceKlass java/util/Spliterators$IteratorSpliterator
instanceKlass java/util/Spliterator$OfDouble
instanceKlass java/util/Spliterator$OfLong
instanceKlass java/util/Spliterator$OfInt
instanceKlass java/util/Spliterator$OfPrimitive
instanceKlass java/util/Spliterator
instanceKlass java/util/Spliterators$EmptySpliterator
instanceKlass java/util/Spliterators
instanceKlass jdk/internal/module/DefaultRoots
instanceKlass java/lang/module/ModuleFinder$2
instanceKlass java/util/ImmutableCollections$SetN$SetNIterator
instanceKlass jdk/internal/loader/BuiltinClassLoader$LoadedModule
instanceKlass jdk/internal/loader/AbstractClassLoaderValue
instanceKlass jdk/internal/module/ServicesCatalog
instanceKlass sun/net/util/IPAddressUtil
instanceKlass java/net/URLStreamHandler
instanceKlass java/util/HexFormat
instanceKlass sun/net/www/ParseUtil
instanceKlass java/net/URL$3
instanceKlass jdk/internal/access/JavaNetURLAccess
instanceKlass java/net/URL$DefaultFactory
instanceKlass java/net/URLStreamHandlerFactory
instanceKlass jdk/internal/loader/URLClassPath
instanceKlass java/security/Principal
instanceKlass java/security/ProtectionDomain$Key
instanceKlass java/security/ProtectionDomain$JavaSecurityAccessImpl
instanceKlass jdk/internal/access/JavaSecurityAccess
instanceKlass java/lang/ClassLoader$ParallelLoaders
instanceKlass java/security/cert/Certificate
instanceKlass jdk/internal/loader/ArchivedClassLoaders
instanceKlass java/util/Deque
instanceKlass java/util/Queue
instanceKlass jdk/internal/loader/ClassLoaderHelper
instanceKlass jdk/internal/loader/NativeLibraries
instanceKlass jdk/internal/loader/BootLoader
instanceKlass jdk/internal/module/SystemModuleFinders$SystemModuleFinder
instanceKlass jdk/internal/module/SystemModuleFinders$3
instanceKlass jdk/internal/module/ModuleHashes$HashSupplier
instanceKlass jdk/internal/module/SystemModuleFinders$2
instanceKlass java/util/function/Supplier
instanceKlass java/lang/module/ModuleReference
instanceKlass jdk/internal/module/ModuleResolution
instanceKlass java/util/Collections$UnmodifiableMap
instanceKlass jdk/internal/module/ModuleHashes$Builder
instanceKlass jdk/internal/module/ModuleHashes
instanceKlass jdk/internal/module/ModuleTarget
instanceKlass java/lang/module/ModuleDescriptor$Version
instanceKlass java/lang/module/ModuleDescriptor$Provides
instanceKlass java/lang/module/ModuleDescriptor$Opens
instanceKlass java/lang/module/ModuleDescriptor$Exports
instanceKlass java/lang/module/ModuleDescriptor$Requires
instanceKlass jdk/internal/module/Builder
instanceKlass jdk/internal/module/SystemModules$all
instanceKlass jdk/internal/module/SystemModules
instanceKlass jdk/internal/module/SystemModulesMap
instanceKlass java/net/URI$1
instanceKlass jdk/internal/access/JavaNetUriAccess
instanceKlass java/net/URI
instanceKlass jdk/internal/module/SystemModuleFinders
instanceKlass jdk/internal/module/ArchivedModuleGraph
instanceKlass jdk/internal/util/Preconditions
instanceKlass java/util/Optional
instanceKlass java/lang/Runtime$Version
instanceKlass java/util/jar/JavaUtilJarAccessImpl
instanceKlass jdk/internal/access/JavaUtilJarAccess
instanceKlass java/util/zip/ZipFile$1
instanceKlass jdk/internal/access/JavaUtilZipFileAccess
instanceKlass sun/security/action/GetBooleanAction
instanceKlass java/util/zip/ZipFile
instanceKlass java/util/zip/ZipConstants
instanceKlass java/nio/Bits$1
instanceKlass jdk/internal/misc/VM$BufferPool
instanceKlass java/nio/Bits
instanceKlass sun/nio/ch/DirectBuffer
instanceKlass jdk/internal/perf/Perf
instanceKlass jdk/internal/perf/Perf$GetPerfAction
instanceKlass jdk/internal/perf/PerfCounter
instanceKlass java/lang/reflect/Array
instanceKlass java/util/jar/Attributes$Name
instanceKlass jdk/internal/module/ModulePath
instanceKlass java/lang/module/ModuleFinder
instanceKlass sun/nio/fs/WindowsPath
instanceKlass sun/nio/fs/WindowsPathParser$Result
instanceKlass sun/nio/fs/WindowsPathParser
instanceKlass java/util/Collections$UnmodifiableCollection
instanceKlass java/util/Arrays$ArrayItr
instanceKlass java/nio/file/FileSystem
instanceKlass java/nio/file/OpenOption
instanceKlass java/lang/Enum
instanceKlass java/nio/file/spi/FileSystemProvider
instanceKlass sun/nio/fs/DefaultFileSystemProvider
instanceKlass java/nio/file/FileSystems
instanceKlass java/nio/file/Path
instanceKlass java/nio/file/Watchable
instanceKlass jdk/internal/module/ArchivedBootLayer
instanceKlass jdk/internal/module/ModuleBootstrap$Counters
instanceKlass jdk/internal/module/ModulePatcher
instanceKlass java/io/FileSystem
instanceKlass java/io/DefaultFileSystem
instanceKlass java/io/File
instanceKlass java/lang/module/ModuleDescriptor$1
instanceKlass jdk/internal/access/JavaLangModuleAccess
instanceKlass sun/invoke/util/VerifyAccess
instanceKlass java/lang/module/ModuleDescriptor
instanceKlass jdk/internal/module/ModuleBootstrap
instanceKlass sun/security/action/GetPropertyAction
instanceKlass java/lang/invoke/MethodHandleStatics
instanceKlass java/util/Collections
instanceKlass sun/io/Win32ErrorMode
instanceKlass jdk/internal/misc/OSEnvironment
instanceKlass jdk/internal/misc/Signal$NativeHandler
instanceKlass java/util/Hashtable$Entry
instanceKlass jdk/internal/misc/Signal
instanceKlass java/lang/Terminator$1
instanceKlass jdk/internal/misc/Signal$Handler
instanceKlass java/lang/Terminator
instanceKlass java/nio/ByteOrder
instanceKlass java/nio/Buffer$1
instanceKlass jdk/internal/access/JavaNioAccess
instanceKlass jdk/internal/misc/ScopedMemoryAccess
instanceKlass java/nio/charset/CodingErrorAction
instanceKlass sun/nio/cs/SingleByte
instanceKlass java/lang/StringUTF16
instanceKlass sun/nio/cs/IBM437$Holder
instanceKlass sun/nio/cs/ArrayEncoder
instanceKlass java/nio/charset/CharsetEncoder
instanceKlass java/io/Writer
instanceKlass java/lang/reflect/Modifier
instanceKlass java/lang/Class$1
instanceKlass java/lang/Class$Atomic
instanceKlass java/lang/Class$ReflectionData
instanceKlass jdk/internal/util/ArraysSupport
instanceKlass java/nio/charset/StandardCharsets
instanceKlass sun/nio/cs/HistoricallyNamedCharset
instanceKlass java/lang/ThreadLocal
instanceKlass java/nio/charset/spi/CharsetProvider
instanceKlass java/nio/charset/Charset
instanceKlass java/io/OutputStream
instanceKlass java/io/Flushable
instanceKlass java/io/FileDescriptor$1
instanceKlass jdk/internal/access/JavaIOFileDescriptorAccess
instanceKlass java/io/FileDescriptor
instanceKlass jdk/internal/util/StaticProperty
instanceKlass java/util/HashMap$HashIterator
instanceKlass java/lang/Integer$IntegerCache
instanceKlass java/lang/CharacterData
instanceKlass java/util/Arrays
instanceKlass java/lang/VersionProps
instanceKlass java/lang/StringConcatHelper
instanceKlass jdk/internal/misc/VM
instanceKlass jdk/internal/util/SystemProps$Raw
instanceKlass jdk/internal/util/SystemProps
instanceKlass java/lang/System$2
instanceKlass jdk/internal/access/JavaLangAccess
instanceKlass java/lang/ref/Reference$1
instanceKlass jdk/internal/access/JavaLangRefAccess
instanceKlass java/lang/ref/ReferenceQueue$Lock
instanceKlass java/lang/ref/ReferenceQueue
instanceKlass jdk/internal/reflect/ReflectionFactory
instanceKlass jdk/internal/reflect/ReflectionFactory$GetReflectionFactoryAction
instanceKlass java/security/PrivilegedAction
instanceKlass java/util/concurrent/locks/LockSupport
instanceKlass java/util/concurrent/ConcurrentHashMap$Node
instanceKlass java/util/concurrent/ConcurrentHashMap$CounterCell
instanceKlass java/util/concurrent/locks/ReentrantLock
instanceKlass java/util/concurrent/locks/Lock
instanceKlass java/lang/Runtime
instanceKlass java/util/HashMap$Node
instanceKlass java/util/KeyValueHolder
instanceKlass java/util/Map$Entry
instanceKlass java/util/ImmutableCollections$MapN$MapNIterator
instanceKlass java/lang/Math
instanceKlass jdk/internal/reflect/Reflection
instanceKlass java/lang/invoke/MethodHandles$Lookup
instanceKlass java/lang/StringLatin1
instanceKlass java/security/Permission
instanceKlass java/security/Guard
instanceKlass java/lang/invoke/MemberName$Factory
instanceKlass java/lang/invoke/MethodHandles
instanceKlass jdk/internal/access/SharedSecrets
instanceKlass java/lang/reflect/ReflectAccess
instanceKlass jdk/internal/access/JavaLangReflectAccess
instanceKlass java/util/ImmutableCollections
instanceKlass java/util/Objects
instanceKlass java/util/Set
instanceKlass jdk/internal/misc/CDS
instanceKlass java/lang/Module$ArchivedData
instanceKlass java/lang/String$CaseInsensitiveComparator
instanceKlass java/util/Comparator
instanceKlass java/io/ObjectStreamField
instanceKlass jdk/internal/vm/vector/VectorSupport$VectorPayload
instanceKlass jdk/internal/vm/vector/VectorSupport
instanceKlass java/lang/reflect/RecordComponent
instanceKlass java/util/Iterator
instanceKlass java/lang/Number
instanceKlass java/lang/Character
instanceKlass java/lang/Boolean
instanceKlass java/util/concurrent/locks/AbstractOwnableSynchronizer
instanceKlass java/lang/LiveStackFrame
instanceKlass java/lang/StackFrameInfo
instanceKlass java/lang/StackWalker$StackFrame
instanceKlass java/lang/StackStreamFactory$AbstractStackWalker
instanceKlass java/lang/StackWalker
instanceKlass java/nio/Buffer
instanceKlass java/lang/StackTraceElement
instanceKlass java/util/RandomAccess
instanceKlass java/util/List
instanceKlass java/util/AbstractCollection
instanceKlass java/util/Collection
instanceKlass java/lang/Iterable
instanceKlass java/util/concurrent/ConcurrentMap
instanceKlass java/util/AbstractMap
instanceKlass java/security/CodeSource
instanceKlass jdk/internal/loader/ClassLoaders
instanceKlass java/util/jar/Manifest
instanceKlass java/net/URL
instanceKlass java/io/InputStream
instanceKlass java/io/Closeable
instanceKlass java/lang/AutoCloseable
instanceKlass jdk/internal/module/Modules
instanceKlass jdk/internal/misc/Unsafe
instanceKlass jdk/internal/misc/UnsafeConstants
instanceKlass java/lang/AbstractStringBuilder
instanceKlass java/lang/Appendable
instanceKlass java/lang/AssertionStatusDirectives
instanceKlass java/lang/invoke/MethodHandleNatives$CallSiteContext
instanceKlass jdk/internal/invoke/NativeEntryPoint
instanceKlass java/lang/invoke/CallSite
instanceKlass java/lang/invoke/MethodType
instanceKlass java/lang/invoke/TypeDescriptor$OfMethod
instanceKlass java/lang/invoke/LambdaForm
instanceKlass java/lang/invoke/MethodHandleNatives
instanceKlass java/lang/invoke/ResolvedMethodName
instanceKlass java/lang/invoke/MemberName
instanceKlass java/lang/invoke/VarHandle
instanceKlass java/lang/invoke/MethodHandle
instanceKlass jdk/internal/reflect/CallerSensitive
instanceKlass java/lang/annotation/Annotation
instanceKlass jdk/internal/reflect/FieldAccessor
instanceKlass jdk/internal/reflect/ConstantPool
instanceKlass jdk/internal/reflect/ConstructorAccessor
instanceKlass jdk/internal/reflect/MethodAccessor
instanceKlass jdk/internal/reflect/MagicAccessorImpl
instanceKlass java/lang/reflect/Parameter
instanceKlass java/lang/reflect/Member
instanceKlass java/lang/reflect/AccessibleObject
instanceKlass java/lang/Module
instanceKlass java/util/Map
instanceKlass java/util/Dictionary
instanceKlass java/lang/ThreadGroup
instanceKlass java/lang/Thread$UncaughtExceptionHandler
instanceKlass java/lang/Thread
instanceKlass java/lang/Runnable
instanceKlass java/lang/ref/Reference
instanceKlass java/lang/Record
instanceKlass java/security/AccessController
instanceKlass java/security/AccessControlContext
instanceKlass java/security/ProtectionDomain
instanceKlass java/lang/SecurityManager
instanceKlass java/lang/Throwable
instanceKlass java/lang/System
instanceKlass java/lang/ClassLoader
instanceKlass java/lang/Cloneable
instanceKlass java/lang/Class
instanceKlass java/lang/invoke/TypeDescriptor$OfField
instanceKlass java/lang/invoke/TypeDescriptor
instanceKlass java/lang/reflect/Type
instanceKlass java/lang/reflect/GenericDeclaration
instanceKlass java/lang/reflect/AnnotatedElement
instanceKlass java/lang/String
instanceKlass java/lang/constant/ConstantDesc
instanceKlass java/lang/constant/Constable
instanceKlass java/lang/CharSequence
instanceKlass java/lang/Comparable
instanceKlass java/io/Serializable
ciInstanceKlass java/lang/Object 1 1 92 100 1 10 12 1 1 10 7 12 1 1 1 10 100 12 1 1 1 10 12 1 1 8 1 10 12 1 1 10 100 12 1 1 1 10 12 1 10 12 1 1 100 1 8 1 10 12 1 3 8 1 100 1 5 0 1 1 1 1 1 1 1 1 1 1 1 1 1 1 1 1 100 1 1 1 100 1 1 1 1 1 1 1 100 1 1 1 1 1 1 1
ciMethod java/lang/Object equals (Ljava/lang/Object;)Z 768 0 6786 0 96
ciMethod java/lang/Object hashCode ()I 512 0 256 0 -1
ciInstanceKlass java/lang/Class 1 1 1611 10 7 12 1 1 1 9 7 12 1 1 1 9 12 1 1 7 1 10 10 12 1 1 8 1 10 12 1 8 1 8 1 10 12 1 1 10 12 1 1 10 12 1 10 10 12 1 10 12 1 1 10 12 1 1 10 100 12 1 1 10 12 1 10 12 1 10 12 1 8 1 10 12 1 8 1 10 12 1 8 1 8 1 10 12 1 1 10 100 12 1 1 1 18 12 1 1 11 100 12 1 1 1 8 1 8 1 8 1 10 100 12 1 1 1 11 12 1 1 7 1 8 1 10 12 1 11 100 12 1 1 1 10 12 1 1 11 8 1 18 8 1 10 12 1 10 7 12 1 1 10 7 12 1 1 1 10 12 1 1 10 7 12 1 1 1 9 100 12 1 1 1 10 100 12 1 1 1 10 7 12 1 1 1 10 12 1 1 18 12 1 1 10 7 12 1 1 1 10 7 12 1 1 10 12 1 1 10 7 1 100 1 10 12 1 1 9 12 1 1 100 1 8 1 10 12 1 10 12 1 1 10 12 1 1 10 7 12 1 1 1 7 1 10 12 1 100 1 100 1 10 10 12 1 1 10 12 1 1 100 1 10 100 12 1 1 1 10 12 1 1 10 12 1 1 9 12 1 1 10 12 1 10 12 1 10 12 1 1 9 12 1 1 9 12 1 1 10 12 1 1 10 100 1 10 12 1 10 12 1 10 12 1 1 10 9 12 1 10 12 1 8 1 10 12 1 1 10 12 1 1 10 12 1 10 12 1 1 10 12 1 1 10 12 1 1 9 7 12 1 1 1 10 100 12 1 1 10 12 10 12 1 10 12 1 1 10 100 12 1 1 10 12 1 10 12 1 1 10 100 12 1 1 1 10 12 1 10 12 1 1 10 12 1 10 12 1 10 12 1 1 10 7 1 10 10 10 12 1 1 10 12 1 1 10 12 10 12 1 1 100 1 8 1 10 10 12 1 1 10 12 1 100 1 11 12 1 10 100 12 1 1 10 12 1 10 12 1 10 100 12 1 1 10 10 12 1 1 8 1 10 12 1 10 12 1 1 8 1 9 12 1 10 12 1 10 12 1 10 12 1 10 12 100 1 9 12 1 10 12 1 9 12 1 10 12 1 10 12 1 10 12 1 10 10 12 1 10 12 1 10 12 1 10 12 1 10 12 1 10 12 1 100 1 10 12 1 10 12 1 1 10 12 1 1 10 12 1 1 10 12 1 1 10 12 1 1 10 12 1 1 100 1 10 10 12 1 1 10 12 1 1 10 12 1 1 10 10 12 1 10 12 1 1 10 12 1 1 10 12 1 1 10 12 1 1 7 1 10 10 12 11 100 12 1 1 10 12 1 1 10 12 1 10 7 12 1 1 1 10 12 1 1 10 10 12 1 1 7 1 10 10 12 1 1 10 100 12 1 1 1 100 1 100 1 10 12 1 1 10 12 1 10 10 12 1 1 10 12 1 10 12 1 10 12 1 10 100 12 1 1 1 11 100 12 1 1 10 12 1 10 12 1 9 12 1 10 12 1 1 10 12 1 9 12 1 1 100 1 10 9 12 1 1 10 12 100 1 10 12 1 9 12 1 10 100 12 1 1 1 10 12 1 10 12 1 10 100 12 1 1 1 10 12 1 10 12 10 12 1 1 100 1 10 8 1 10 12 1 11 11 12 1 1 11 100 12 1 1 11 12 1 8 1 10 12 1 10 12 1 1 9 12 1 9 12 1 1 10 7 12 1 1 9 12 1 10 12 1 1 10 10 12 1 10 7 12 1 1 1 10 100 12 1 1 10 100 12 1 1 9 12 1 1 10 12 1 9 12 1 10 12 1 10 12 1 1 9 12 1 1 9 12 1 10 12 1 10 12 1 1 9 12 1 100 1 10 10 12 1 1 7 1 10 12 1 1 100 11 100 1 9 12 1 1 9 12 1 100 1 10 12 1 9 12 1 1 9 12 1 10 12 1 10 12 1 1 9 12 1 100 1 10 10 12 1 1 10 10 12 1 1 10 12 10 10 12 1 9 12 1 10 12 1 1 10 7 12 1 1 1 10 12 1 1 10 12 1 8 10 7 8 1 18 8 1 8 1 10 12 1 9 12 1 9 12 1 1 10 12 1 7 1 100 1 10 12 1 9 12 1 1 7 1 10 10 12 1 10 7 1 9 12 1 8 1 10 12 1 7 1 10 12 1 10 12 1 1 9 12 1 100 1 8 1 10 7 1 4 10 10 12 11 7 12 1 1 1 10 12 1 100 1 10 12 1 1 10 8 1 8 1 10 12 1 1 9 100 12 1 1 11 12 100 1 11 100 12 1 1 9 12 1 10 100 12 1 1 1 10 100 12 1 1 10 12 1 1 9 12 1 9 10 12 1 1 10 12 1 1 10 12 1 1 10 12 1 1 10 12 1 1 11 12 1 100 1 11 12 1 10 100 12 1 1 1 10 12 1 100 1 11 12 1 10 100 12 1 1 1 10 12 1 10 11 12 1 11 12 1 1 10 12 1 10 12 1 1 9 12 1 1 9 100 12 1 1 10 12 1 10 100 12 1 1 1 10 12 1 1 10 12 1 10 12 1 10 12 1 10 7 12 1 1 1 10 12 1 8 1 10 12 1 10 12 1 10 12 1 10 100 12 1 1 1 11 100 12 1 1 1 10 12 1 1 10 12 1 18 12 1 1 11 12 1 1 18 11 12 1 18 12 1 11 12 1 10 12 1 1 10 12 1 10 12 1 10 12 10 12 1 8 1 10 12 1 7 1 9 12 1 1 100 1 100 1 100 1 100 1 100 1 1 1 3 1 3 1 3 1 1 1 1 1 1 1 5 0 1 1 1 1 1 1 1 1 1 1 1 1 1 1 1 1 1 1 1 1 1 1 1 100 1 1 1 1 1 1 1 100 1 1 1 1 1 1 100 1 1 1 1 1 1 1 1 1 1 1 1 1 1 1 1 1 1 1 1 1 1 1 1 1 1 1 1 1 1 1 1 1 1 1 1 1 1 100 1 1 1 1 1 1 1 1 1 1 1 1 1 1 1 1 1 1 1 1 1 1 1 1 1 1 1 1 100 1 1 1 1 1 1 1 1 1 1 1 1 1 1 1 1 1 1 1 1 1 1 1 1 1 1 1 1 1 1 1 1 1 1 1 1 1 1 1 1 1 1 1 1 1 1 1 1 1 1 1 1 1 100 1 100 1 1 1 1 1 1 1 1 1 1 1 1 1 1 1 1 1 1 1 1 1 1 1 1 1 1 1 1 1 1 1 1 1 1 1 1 1 1 1 1 1 1 1 1 1 1 1 1 1 1 1 1 1 1 1 1 1 1 1 1 1 1 1 100 1 1 1 1 1 1 1 1 1 1 1 1 1 1 1 1 1 1 1 1 1 1 1 1 1 1 1 1 1 1 1 1 1 1 1 1 1 1 1 1 1 1 1 1 1 1 1 1 1 1 1 1 1 1 1 1 1 1 1 1 1 1 1 1 1 1 1 1 15 10 100 12 1 1 1 16 15 10 12 16 15 11 12 16 1 16 15 16 15 10 12 16 16 15 10 12 16 15 16 1 15 10 12 16 1 1 1 1 1 1 1 1 100 1 1 100 1 100 1 1 100 1 100 1 1
staticfield java/lang/Class EMPTY_CLASS_ARRAY [Ljava/lang/Class; 0 [Ljava/lang/Class;
staticfield java/lang/Class serialPersistentFields [Ljava/io/ObjectStreamField; 0 [Ljava/io/ObjectStreamField;
ciInstanceKlass java/io/Serializable 1 0 7 100 1 100 1 1 1
instanceKlass jdk/internal/vm/vector/VectorSupport$VectorShuffle
instanceKlass jdk/internal/vm/vector/VectorSupport$VectorMask
instanceKlass jdk/internal/vm/vector/VectorSupport$Vector
ciInstanceKlass jdk/internal/vm/vector/VectorSupport$VectorPayload 0 0 32 10 100 12 1 1 1 9 100 12 1 1 1 10 100 12 1 1 1 1 1 1 1 1 1 1 1 1 1 1 1 1
ciInstanceKlass jdk/internal/vm/vector/VectorSupport$VectorShuffle 0 0 28 10 100 12 1 1 1 100 1 1 1 1 1 1 1 1 1 1 1 1 1 1 1 100 1 1 1 1
ciInstanceKlass jdk/internal/vm/vector/VectorSupport$VectorMask 0 0 28 10 100 12 1 1 1 100 1 1 1 1 1 1 1 1 1 1 1 1 1 1 1 100 1 1 1 1
ciInstanceKlass jdk/internal/vm/vector/VectorSupport$Vector 0 0 28 10 100 12 1 1 1 100 1 1 1 1 1 1 1 1 1 1 1 1 1 1 1 100 1 1 1 1
ciInstanceKlass jdk/internal/vm/vector/VectorSupport 0 0 487 100 1 10 100 12 1 1 1 9 12 1 1 10 12 1 1 100 1 10 12 1 11 100 12 1 1 1 11 100 12 1 1 1 11 100 12 1 1 11 100 12 1 1 1 11 100 1 100 1 10 12 1 1 11 100 12 1 1 11 100 12 1 1 100 1 11 100 12 1 1 11 100 12 1 1 11 100 12 1 1 1 11 100 12 1 1 1 11 100 12 1 1 1 11 100 12 1 1 1 100 1 10 12 1 1 11 100 12 1 1 100 1 11 100 12 1 1 11 100 12 1 1 11 100 12 1 1 11 100 1 100 1 9 12 1 1 10 100 12 1 1 11 100 12 1 1 10 12 1 1 10 100 12 1 1 1 10 12 1 10 12 1 1 10 12 1 1 1 1 1 3 1 3 1 3 1 3 1 3 1 3 1 3 1 3 1 3 1 3 1 3 1 3 1 3 1 3 1 3 1 3 1 3 1 3 1 3 1 3 1 3 1 3 1 3 1 3 1 3 1 3 1 3 1 3 1 3 1 3 1 3 1 3 1 3 1 3 1 3 1 3 1 3 1 3 1 3 1 1 1 1 1 3 1 1 1 1 1 1 3 1 1 1 1 1 1 1 1 1 1 1 1 1 1 1 1 1 1 1 1 1 1 1 1 1 1 1 1 1 1 1 1 1 1 1 1 1 1 1 1 1 1 1 1 1 1 1 1 1 1 1 1 1 1 1 1 1 1 1 1 1 1 1 1 1 1 1 1 1 1 1 1 1 1 1 1 1 1 1 1 1 1 1 1 1 1 1 1 1 1 1 1 1 1 1 1 1 1 1 1 1 1 1 1 1 1 1 1 1 1 1 1 1 1 1 1 1 1 1 1 1 1 1 1 1 1 1 1 1 1 1 1 1 1 1 1 1 1 1 1 1 1 1 1 1 1 1 1 1 1 1 1 1 1 1 1 1 1 1 1 1 1 1 1 1 1 1 1 1 1 1 1 1 1 1 1 1 1 1 1 1 1 1 1 1 1 1 1 1 1 1 1 1 1 1 1 1 1 1 100 1 100 1 1 1 1 1 1 1 1 1 1 1 1 1 1 1 1 1 1 1 1 1 1 1 1
ciInstanceKlass java/lang/reflect/RecordComponent 0 0 196 10 100 12 1 1 1 9 100 12 1 1 1 9 12 1 1 9 12 1 10 12 1 1 10 12 1 1 10 100 12 1 1 1 10 12 1 1 9 12 1 1 10 12 1 1 10 12 1 1 10 12 1 10 100 12 1 1 10 100 12 1 1 9 12 1 1 10 100 12 1 1 1 11 100 12 1 1 1 10 9 100 12 1 1 1 10 100 12 1 1 1 9 12 1 1 10 100 12 1 1 1 10 12 1 1 11 100 12 1 1 10 100 12 1 1 100 1 9 12 1 9 12 1 1 9 12 1 10 100 12 1 1 1 10 12 1 1 10 12 1 1 100 1 10 10 12 1 10 12 1 1 8 1 10 12 1 10 12 1 9 12 1 100 1 1 1 1 1 1 1 1 1 1 1 1 1 1 1 1 1 1 1 1 1 1 100 1 1 1 1 1 1 100 1 1
ciInstanceKlass java/util/Iterator 1 1 53 100 1 8 1 10 12 1 1 10 7 12 1 1 1 11 7 12 1 1 1 11 12 1 1 11 7 12 1 1 1 100 1 1 1 1 1 1 1 1 1 1 1 1 1 1 1 1 1 1 1 1 1
instanceKlass com/sun/javafx/scene/control/inputmap/KeyBinding$OptionalBoolean
instanceKlass javafx/scene/text/FontSmoothingType
instanceKlass com/sun/javafx/scene/traversal/TraversalMethod
instanceKlass javafx/scene/control/ContentDisplay
instanceKlass com/sun/scenario/effect/impl/Renderer$RendererState
instanceKlass com/sun/scenario/effect/Effect$AccelType
instanceKlass javafx/scene/input/TransferMode
instanceKlass com/sun/javafx/sg/prism/NGNode$RenderRootResult
instanceKlass com/sun/prism/CompositeMode
instanceKlass com/sun/prism/Texture$Usage
instanceKlass com/sun/prism/Texture$WrapMode
instanceKlass com/sun/javafx/cursor/CursorType
instanceKlass com/sun/javafx/geom/transform/BaseTransform$Degree
instanceKlass com/sun/javafx/geom/Path2D$CornerPrefix
instanceKlass javafx/scene/shape/FillRule
instanceKlass javafx/scene/layout/Priority
instanceKlass com/sun/javafx/geom/BaseBounds$BoundsType
instanceKlass com/sun/javafx/animation/KeyValueType
instanceKlass javafx/animation/Animation$Status
instanceKlass javafx/scene/AccessibleAction
instanceKlass com/sun/prism/paint/Paint$Type
instanceKlass com/sun/scenario/effect/Blend$Mode
instanceKlass com/sun/javafx/sg/prism/NGNode$DirtyFlag
instanceKlass com/sun/javafx/tk/quantum/SwipeGestureRecognizer$SwipeRecognitionState
instanceKlass com/sun/glass/ui/GestureSupport$GestureState$StateId
instanceKlass com/sun/javafx/tk/FocusCause
instanceKlass javafx/scene/input/KeyCombination$ModifierValue
instanceKlass java/lang/System$Logger$Level
instanceKlass com/sun/javafx/logging/PlatformLogger$Level
instanceKlass javafx/geometry/Side
instanceKlass javafx/scene/effect/BlendMode
instanceKlass javafx/scene/text/FontWeight
instanceKlass javafx/scene/text/FontPosture
instanceKlass jdk/internal/logger/BootstrapLogger$LoggingBackend
instanceKlass javafx/scene/input/MouseButton
instanceKlass javafx/scene/Scene$DirtyBits
instanceKlass javafx/scene/layout/BackgroundRepeat
instanceKlass javafx/scene/effect/BlurType
instanceKlass javafx/scene/paint/CycleMethod
instanceKlass javafx/css/SizeUnits
instanceKlass com/sun/javafx/css/Combinator
instanceKlass javafx/scene/control/OverrunStyle
instanceKlass com/sun/javafx/sg/prism/NGShape$Mode
instanceKlass javafx/scene/text/TextAlignment
instanceKlass javafx/scene/text/TextBoundsType
instanceKlass javafx/scene/shape/StrokeLineCap
instanceKlass javafx/scene/shape/StrokeLineJoin
instanceKlass javafx/scene/shape/StrokeType
instanceKlass javafx/scene/input/KeyCode
instanceKlass com/sun/javafx/application/PlatformImpl$HighContrastScheme
instanceKlass javafx/application/ConditionalFeature
instanceKlass javafx/geometry/HPos
instanceKlass javafx/geometry/VPos
instanceKlass javafx/geometry/Pos
instanceKlass javafx/geometry/Orientation
instanceKlass javafx/scene/AccessibleAttribute$ToggleState
instanceKlass javafx/scene/AccessibleAttribute
instanceKlass com/sun/javafx/scene/LayoutFlags
instanceKlass javafx/css/StyleOrigin
instanceKlass javafx/geometry/NodeOrientation
instanceKlass javafx/scene/AccessibleRole
instanceKlass com/sun/javafx/scene/CssFlags
instanceKlass com/sun/javafx/scene/DirtyBits
instanceKlass com/sun/prism/PixelFormat$DataType
instanceKlass com/sun/prism/PixelFormat
instanceKlass javafx/scene/image/PixelFormat$Type
instanceKlass com/sun/javafx/iio/ImageStorage$ImageType
instanceKlass javafx/scene/DepthTest
instanceKlass javafx/scene/CacheHint
instanceKlass javafx/stage/Modality
instanceKlass javafx/stage/StageStyle
instanceKlass com/sun/prism/impl/ps/BaseShaderContext$SpecialShaderType
instanceKlass com/sun/prism/impl/ps/BaseShaderContext$MaskType
instanceKlass com/sun/prism/GraphicsPipeline$ShaderType
instanceKlass com/sun/prism/GraphicsPipeline$ShaderModel
instanceKlass java/lang/Thread$State
instanceKlass com/sun/prism/impl/PrismSettings$RasterizerType
instanceKlass java/lang/StackStreamFactory$WalkerState
instanceKlass java/lang/StackWalker$ExtendedOption
instanceKlass java/lang/StackWalker$Option
instanceKlass java/util/regex/Pattern$Qtype
instanceKlass java/util/concurrent/TimeUnit
instanceKlass java/nio/file/AccessMode
instanceKlass java/nio/file/LinkOption
instanceKlass java/util/stream/Collector$Characteristics
instanceKlass java/util/stream/StreamShape
instanceKlass java/lang/invoke/MethodHandles$Lookup$ClassOption
instanceKlass java/lang/invoke/VarHandle$AccessType
instanceKlass java/lang/invoke/VarHandle$AccessMode
instanceKlass java/lang/invoke/MethodHandleImpl$Intrinsic
instanceKlass java/lang/invoke/LambdaForm$BasicType
instanceKlass java/lang/invoke/LambdaForm$Kind
instanceKlass sun/invoke/util/Wrapper
instanceKlass java/util/stream/StreamOpFlag$Type
instanceKlass java/util/stream/StreamOpFlag
instanceKlass java/io/File$PathStatus
instanceKlass java/lang/module/ModuleDescriptor$Requires$Modifier
instanceKlass java/lang/module/ModuleDescriptor$Modifier
instanceKlass sun/nio/fs/WindowsPathType
instanceKlass java/nio/file/StandardOpenOption
ciInstanceKlass java/lang/Enum 1 1 188 9 7 12 1 1 1 9 12 1 1 10 7 12 1 1 1 10 12 1 1 100 1 10 10 12 1 1 10 12 1 100 1 10 10 7 12 1 1 10 12 1 1 18 12 1 1 10 100 12 1 1 1 10 12 1 1 11 7 12 1 1 1 100 1 8 1 10 12 1 100 1 100 1 10 8 1 10 12 1 1 10 12 1 1 8 1 10 12 1 10 100 1 8 1 10 10 12 1 1 10 100 12 1 1 1 100 1 100 1 100 1 1 1 1 1 1 1 1 1 1 1 1 1 1 1 1 1 1 1 1 1 1 1 1 1 1 1 1 1 1 1 1 1 1 1 1 1 1 1 1 1 100 1 100 1 1 100 1 1 1 1 1 1 1 1 1 1 1 15 10 100 12 1 1 1 16 15 10 12 16 1 1 100 1 100 1 1
ciInstanceKlass java/lang/System 1 1 803 10 100 12 1 1 1 9 7 12 1 1 1 10 12 1 10 12 1 1 10 12 1 1 10 12 1 9 12 1 1 10 7 12 1 1 1 11 100 12 1 1 1 10 100 12 1 1 1 10 12 1 1 10 12 1 1 100 1 8 1 10 12 1 10 100 12 1 1 1 10 7 12 1 1 1 18 12 1 1 10 100 12 1 1 1 100 1 10 12 1 1 10 100 12 1 1 1 10 12 1 10 7 12 1 1 1 9 100 12 1 1 1 10 100 12 1 1 1 11 7 12 1 1 1 10 12 1 1 10 7 12 1 1 1 100 1 10 10 12 1 1 8 1 10 12 1 8 1 10 12 1 9 12 1 1 8 1 10 7 12 1 1 1 10 12 1 1 100 1 8 1 10 9 12 1 1 8 1 10 12 1 1 10 100 12 1 1 1 8 1 10 12 1 100 1 10 12 1 8 1 10 12 1 10 12 1 1 100 1 10 12 10 12 1 9 12 1 1 9 12 1 1 10 7 12 1 1 1 10 7 12 1 1 1 10 12 1 1 10 12 1 10 12 1 10 7 12 1 1 1 10 12 1 100 1 100 1 8 1 10 12 1 10 12 1 1 7 1 10 12 1 100 1 8 1 10 10 12 1 100 1 8 1 10 8 1 10 7 12 1 1 8 1 10 12 100 1 8 1 10 10 12 1 1 10 7 12 1 1 1 100 1 18 12 1 100 1 9 100 12 1 1 1 10 12 1 100 1 10 12 1 1 10 12 1 1 10 7 12 1 1 1 10 12 1 1 10 12 1 10 12 1 10 12 1 1 10 12 1 7 1 10 12 1 10 12 1 100 1 10 12 1 10 7 12 1 1 1 100 1 8 1 10 9 12 1 9 12 1 10 12 1 10 100 12 1 1 10 12 1 10 12 1 1 8 1 10 12 1 1 8 1 11 12 1 10 12 11 12 1 1 11 7 12 1 1 1 11 7 12 1 1 11 12 1 1 7 1 11 12 1 10 12 1 8 1 10 12 1 1 8 1 8 1 8 1 8 1 11 12 1 10 12 1 10 12 1 10 12 1 10 7 12 1 1 8 1 7 1 9 7 12 1 1 1 10 12 1 7 1 9 12 10 9 12 7 1 10 12 8 1 10 12 1 1 8 1 10 7 12 1 1 10 12 1 10 7 12 1 1 1 10 12 1 1 10 7 12 1 1 1 10 12 10 7 12 1 1 1 9 12 1 1 100 1 8 1 10 12 1 1 10 7 12 1 1 1 7 1 10 12 1 1 8 1 10 8 1 8 1 8 1 8 1 10 10 7 12 1 1 10 12 1 1 10 12 1 1 10 12 1 1 10 12 1 10 100 12 1 1 1 10 100 1 8 1 10 10 10 12 1 1 10 12 1 1 8 1 10 12 1 8 1 10 12 1 10 12 1 1 7 1 10 10 12 1 10 12 1 9 12 1 1 1 3 1 3 1 1 1 1 1 1 1 1 1 1 1 1 100 1 1 100 1 1 1 1 1 1 1 1 1 1 1 100 1 100 1 1 1 1 1 1 1 1 1 1 1 1 1 1 1 1 1 1 1 1 1 1 1 1 1 1 1 1 1 1 1 1 1 1 1 1 1 1 1 1 1 1 1 1 1 1 1 1 1 1 1 1 1 1 1 1 1 1 100 1 1 1 1 1 1 1 1 1 1 1 1 1 1 1 1 1 1 1 1 1 1 1 1 1 1 1 1 1 1 1 1 1 100 1 1 15 10 100 12 1 1 1 16 15 10 12 1 1 16 15 10 12 16 1 1 1 1 1 1 1 100 1 100 1 1
staticfield java/lang/System in Ljava/io/InputStream; java/io/BufferedInputStream
staticfield java/lang/System out Ljava/io/PrintStream; java/io/PrintStream
staticfield java/lang/System err Ljava/io/PrintStream; java/io/PrintStream
instanceKlass jdk/internal/reflect/DelegatingClassLoader
instanceKlass java/security/SecureClassLoader
ciInstanceKlass java/lang/ClassLoader 1 1 1098 9 7 12 1 1 1 10 7 12 1 1 1 9 12 1 1 10 7 12 1 1 1 7 1 10 12 1 1 10 12 1 1 9 12 1 1 10 12 1 1 100 1 10 12 1 10 12 1 1 10 7 12 1 1 1 100 1 8 1 10 12 1 10 7 12 1 1 1 10 100 12 1 10 7 1 10 7 1 7 1 7 1 10 12 1 10 12 1 9 12 1 1 10 10 7 12 1 1 1 9 12 1 1 9 12 1 9 12 1 1 9 12 1 9 12 1 1 9 12 1 1 7 1 10 12 1 9 12 1 1 10 12 1 1 10 7 12 1 1 1 9 12 1 9 12 1 1 9 12 1 10 12 1 1 9 12 10 12 1 1 7 1 10 8 1 10 12 1 1 10 12 1 10 7 1 7 1 10 12 1 1 10 100 12 1 1 1 8 1 10 12 1 10 12 1 10 12 1 1 10 12 1 1 10 12 1 1 10 12 1 1 10 12 1 1 10 12 1 100 1 10 12 1 10 100 12 1 1 1 10 12 1 1 10 12 1 10 12 1 10 12 1 10 12 1 10 12 1 1 10 10 12 1 10 12 1 10 100 12 1 1 10 12 1 1 10 12 1 1 10 12 1 100 1 10 12 1 100 1 10 12 1 10 100 12 1 1 1 10 10 12 1 1 10 12 1 1 100 1 8 1 10 8 1 10 12 1 10 12 1 100 1 8 1 10 12 1 1 10 12 1 1 10 10 12 1 1 10 12 1 1 10 12 1 1 10 7 1 10 12 1 1 10 12 1 1 10 12 1 1 10 12 1 1 10 12 1 1 10 12 1 1 10 12 1 10 7 12 1 1 1 10 12 1 10 12 1 10 12 1 1 10 12 1 10 12 1 10 12 1 10 12 1 1 10 12 1 10 12 1 1 8 1 9 12 1 10 12 1 1 8 1 8 1 10 7 12 1 1 100 1 10 10 12 10 12 1 10 12 1 10 12 1 10 12 1 1 10 7 12 1 1 10 12 1 10 7 1 7 1 10 12 1 1 10 12 1 10 7 1 10 12 1 100 1 18 12 1 10 100 12 1 1 1 10 100 12 1 1 1 10 7 12 1 1 10 12 1 1 10 12 1 10 12 1 1 100 1 10 12 1 10 12 1 1 10 7 12 1 1 10 12 1 8 1 100 1 10 10 12 1 9 12 1 10 7 12 1 1 10 12 1 100 1 8 1 10 12 1 10 8 1 8 1 10 12 1 1 10 12 1 1 10 12 1 1 10 100 12 1 1 1 100 1 100 1 10 12 1 1 100 1 100 1 10 100 12 1 1 10 12 1 10 12 1 1 10 12 1 10 12 1 1 10 12 1 1 9 100 12 1 1 1 10 12 1 1 10 12 1 10 12 1 10 12 1 1 10 12 1 8 1 10 12 1 7 1 18 12 1 1 10 12 1 1 10 12 1 10 12 1 10 12 1 8 1 10 12 1 10 12 1 18 12 1 11 100 12 1 1 1 100 1 10 12 1 1 10 12 1 10 11 12 1 1 10 18 10 12 1 1 11 100 12 1 18 12 1 11 12 1 1 10 12 10 12 1 1 10 12 1 1 100 1 8 1 10 10 12 1 8 1 8 1 10 100 12 1 1 10 12 1 100 1 10 10 12 1 8 1 8 1 8 1 10 12 1 10 12 1 1 10 12 1 10 100 12 1 1 1 11 100 12 1 1 100 1 10 11 10 12 1 10 12 1 10 12 1 1 9 100 12 1 1 9 12 1 1 9 12 9 12 1 9 12 1 9 12 1 8 10 12 1 1 10 7 12 1 1 1 10 12 1 1 10 12 1 1 10 12 1 10 10 12 1 11 12 1 1 10 100 12 1 1 1 100 1 10 12 1 10 12 1 10 12 1 1 1 1 1 1 1 1 1 1 1 1 1 1 1 1 1 1 1 1 1 1 1 1 1 1 1 1 100 1 1 1 1 1 1 1 1 1 1 1 1 1 1 1 1 1 1 1 1 1 100 1 1 1 1 1 1 1 1 1 1 100 1 1 1 1 1 1 1 1 1 1 1 1 1 1 1 1 1 1 1 1 1 1 1 1 1 1 1 1 1 1 1 1 1 1 1 1 1 1 1 1 1 100 1 1 1 1 1 1 1 1 1 1 1 1 1 1 1 1 1 1 100 1 1 1 1 1 1 1 1 1 1 1 1 1 1 1 1 1 1 1 1 1 1 1 1 1 1 1 1 1 1 1 1 1 1 1 1 1 1 1 1 1 1 1 1 1 1 1 1 1 1 1 100 1 1 1 1 1 1 1 1 1 1 1 1 1 1 1 1 1 1 1 1 1 1 1 1 1 1 1 1 1 1 1 1 1 1 1 1 1 1 1 1 1 1 1 1 1 1 15 10 7 12 1 1 1 16 1 15 10 12 16 1 16 15 10 12 16 1 16 1 15 10 12 16 15 10 12 16 15 10 12 16 1 1 100 1 100 1 1
staticfield java/lang/ClassLoader nocerts [Ljava/security/cert/Certificate; 0 [Ljava/security/cert/Certificate;
staticfield java/lang/ClassLoader $assertionsDisabled Z 1
ciInstanceKlass jdk/internal/reflect/DelegatingClassLoader 0 0 18 10 100 12 1 1 1 100 1 1 1 1 1 1 1 1 1 1
instanceKlass java/net/URLClassLoader
instanceKlass jdk/internal/loader/BuiltinClassLoader
ciInstanceKlass java/security/SecureClassLoader 1 1 102 10 7 12 1 1 1 7 1 10 12 1 9 7 12 1 1 1 10 12 1 10 12 1 10 12 1 1 10 12 1 1 10 12 1 7 1 10 7 1 10 12 1 7 1 10 12 1 11 7 12 1 1 1 7 1 11 12 1 10 12 1 1 1 1 1 1 1 1 1 1 1 1 1 1 1 1 1 1 1 1 1 1 1 1 1 1 1 1 1 1 1 1 1 1 1 1 100 1 1 1 1
instanceKlass jdk/internal/loader/ClassLoaders$BootClassLoader
instanceKlass jdk/internal/loader/ClassLoaders$PlatformClassLoader
instanceKlass jdk/internal/loader/ClassLoaders$AppClassLoader
ciInstanceKlass jdk/internal/loader/BuiltinClassLoader 1 1 737 9 7 12 1 1 1 10 7 12 1 1 1 10 7 12 1 1 1 9 12 1 1 9 12 1 1 7 1 10 12 1 9 12 1 10 12 1 9 12 1 10 7 12 1 1 1 10 7 12 1 1 1 10 7 12 1 1 1 11 7 12 1 1 1 100 1 100 1 10 10 12 1 1 8 1 10 12 1 10 12 7 1 10 12 1 10 12 1 1 11 7 12 1 1 1 11 7 12 1 1 1 11 12 1 1 7 1 8 1 8 1 10 9 12 1 1 10 7 12 1 1 11 12 1 1 10 12 1 1 10 12 1 1 10 12 1 1 10 7 12 1 1 1 10 12 1 10 100 12 1 1 1 10 12 1 1 11 7 12 1 1 1 10 7 12 1 1 7 1 10 7 12 1 1 1 10 12 1 100 1 8 1 10 12 1 1 10 8 1 10 12 1 1 10 12 1 1 10 12 1 1 11 7 12 1 1 11 12 1 7 1 10 11 12 1 1 11 10 12 1 1 7 1 10 12 1 10 7 12 1 10 12 1 7 1 10 12 1 10 7 12 1 1 1 100 1 10 12 1 1 11 12 1 7 1 100 1 10 12 1 10 12 1 1 100 1 100 1 10 12 1 10 12 1 18 12 1 1 10 12 1 10 12 1 1 18 100 1 10 7 12 1 1 1 7 1 10 10 12 1 1 10 12 1 1 10 12 1 1 10 12 1 9 12 1 1 100 1 10 10 12 1 1 10 12 1 1 10 12 1 10 12 10 12 1 1 10 12 1 1 10 12 1 1 10 12 1 10 12 1 1 18 12 1 7 1 10 12 1 1 10 12 1 10 12 1 1 10 12 1 100 1 10 12 1 7 1 10 12 1 10 7 12 1 1 1 10 12 1 11 12 1 7 1 10 12 1 7 1 100 1 10 12 1 10 12 1 11 12 1 1 10 12 1 1 10 12 1 1 10 12 1 1 10 12 1 1 10 12 1 10 12 1 10 12 1 10 12 1 8 1 10 12 1 1 10 7 12 1 1 10 12 1 100 1 8 1 8 1 10 10 12 1 8 1 8 1 10 100 12 1 1 1 11 100 12 1 1 1 9 100 12 1 1 1 10 100 12 1 1 1 9 12 1 9 12 1 9 12 1 9 12 1 9 12 1 9 12 1 10 100 12 1 1 1 8 1 10 12 1 7 1 10 12 1 1 10 12 1 7 1 10 11 12 1 1 10 12 10 12 1 10 12 1 100 1 10 12 1 10 12 1 10 10 12 1 10 7 12 1 1 8 1 10 7 12 1 1 10 12 1 1 1 1 1 1 1 1 1 1 1 1 1 1 1 1 1 1 1 1 1 1 1 1 1 1 1 1 1 1 1 1 1 1 1 1 1 1 1 1 1 1 1 1 1 1 1 1 1 1 1 1 1 1 1 1 100 1 1 1 1 1 1 1 1 1 1 1 1 1 1 1 1 1 1 100 1 100 1 1 1 1 1 1 1 1 1 1 1 1 1 1 1 1 1 1 1 1 1 1 1 1 1 1 1 1 1 1 1 1 1 1 1 1 1 1 1 1 1 1 1 1 1 1 1 1 1 1 1 100 1 1 15 10 100 12 1 1 1 16 15 10 12 16 15 10 12 16 15 10 12 16 1 1 1 100 1 1 1 1 1 100 1 100 1 1
staticfield jdk/internal/loader/BuiltinClassLoader packageToModule Ljava/util/Map; java/util/concurrent/ConcurrentHashMap
staticfield jdk/internal/loader/BuiltinClassLoader $assertionsDisabled Z 1
ciInstanceKlass java/security/AccessController 1 1 295 10 100 12 1 1 1 10 7 12 1 1 1 10 7 12 1 1 1 10 12 1 1 10 12 1 1 10 7 12 1 1 1 10 12 1 1 10 12 1 10 12 1 1 10 12 1 100 1 8 1 10 12 1 10 12 1 10 12 1 1 10 12 1 100 1 100 1 10 12 1 1 10 12 1 10 12 1 10 12 1 1 10 7 12 1 1 1 10 12 1 1 9 100 12 1 1 1 10 100 12 1 1 1 10 12 1 10 12 1 9 100 12 1 1 1 10 12 1 10 12 1 1 9 12 1 1 10 100 1 10 11 7 12 1 1 1 10 7 12 1 1 11 7 1 100 1 10 12 1 10 12 1 10 12 1 8 1 10 12 1 1 8 1 10 100 12 1 1 1 8 1 100 1 10 10 12 1 1 10 12 1 10 7 12 1 1 1 10 12 1 8 1 10 100 12 1 1 8 1 8 1 10 12 1 8 1 10 12 1 10 12 1 1 10 12 1 1 1 1 1 1 1 1 1 1 1 1 1 1 1 1 1 1 1 1 1 1 1 1 1 1 1 1 100 1 1 1 1 1 1 1 1 1 1 1 1 1 1 1 1 1 1 1 1 1 1 1 1 1 1 1 1 1 1 1 1 1 1 100 1 100 1 1 1 1 1 1 1 1 1 3 1 1 1
staticfield java/security/AccessController $assertionsDisabled Z 1
instanceKlass jdk/internal/reflect/DelegatingConstructorAccessorImpl
instanceKlass jdk/internal/reflect/NativeConstructorAccessorImpl
ciInstanceKlass jdk/internal/reflect/ConstructorAccessorImpl 1 1 27 10 7 12 1 1 1 100 1 100 1 1 1 1 1 1 1 1 1 100 1 100 1 100 1 1 1
instanceKlass jdk/internal/reflect/FieldAccessorImpl
instanceKlass jdk/internal/reflect/ConstructorAccessorImpl
instanceKlass jdk/internal/reflect/MethodAccessorImpl
ciInstanceKlass jdk/internal/reflect/MagicAccessorImpl 1 1 16 10 7 12 1 1 1 100 1 1 1 1 1 1 1 1
instanceKlass jdk/internal/reflect/DelegatingMethodAccessorImpl
instanceKlass jdk/internal/reflect/NativeMethodAccessorImpl
ciInstanceKlass jdk/internal/reflect/MethodAccessorImpl 1 1 25 10 7 12 1 1 1 100 1 100 1 1 1 1 1 1 1 1 1 100 1 100 1 1 1
ciInstanceKlass java/lang/Module 1 1 959 10 7 12 1 1 1 9 7 12 1 1 1 10 7 12 1 1 1 9 12 1 9 12 1 1 9 12 1 1 10 12 1 1 10 12 1 10 12 1 1 10 7 12 1 1 1 7 1 10 7 12 1 1 1 10 12 1 1 11 7 12 1 1 1 10 12 1 1 10 7 12 1 1 1 10 12 1 1 10 7 12 1 1 1 9 100 12 1 1 1 10 100 12 1 1 1 10 12 1 8 1 10 7 12 1 1 1 10 7 12 1 1 1 9 12 1 1 9 12 1 1 10 12 1 9 12 1 1 11 12 1 9 7 12 1 1 10 7 12 1 1 1 10 7 12 1 1 1 10 12 1 1 100 1 100 1 10 10 12 1 1 8 1 10 12 1 10 12 10 12 1 10 12 1 1 10 12 1 1 10 12 1 1 9 100 12 1 1 1 10 12 1 1 10 12 1 1 9 12 1 10 12 1 10 12 1 9 12 1 1 11 7 12 1 1 10 12 1 1 9 12 1 9 12 1 10 12 1 10 12 1 100 1 8 1 10 10 12 1 1 10 12 1 8 1 10 12 1 1 8 1 8 1 10 12 1 1 10 12 1 10 12 1 1 18 12 1 1 10 12 1 1 11 12 1 9 12 1 11 12 10 100 12 1 1 100 1 8 1 10 7 1 11 12 1 1 10 12 1 10 12 1 10 12 1 1 11 12 1 1 11 7 12 1 1 11 12 1 1 9 12 1 11 12 1 10 12 1 1 10 12 1 1 9 12 1 10 12 10 7 12 1 1 10 7 12 1 1 10 7 1 18 12 1 1 11 100 12 1 1 1 18 12 1 11 12 1 1 10 100 12 1 1 1 11 12 1 1 10 7 12 1 1 4 7 1 11 12 1 7 1 7 1 10 10 7 12 1 1 1 10 11 7 12 1 8 1 10 10 12 1 1 10 7 12 1 1 10 12 1 10 12 1 7 1 10 12 1 10 11 12 1 1 10 12 10 12 1 1 9 12 1 100 1 10 10 12 1 1 11 100 1 10 12 1 1 11 12 1 10 10 12 1 11 10 12 1 1 10 12 1 1 10 12 1 1 10 7 12 1 1 10 12 1 10 12 1 1 10 10 12 1 1 10 12 1 18 12 1 11 12 1 18 12 1 10 12 1 10 12 1 10 12 7 1 10 12 1 10 12 1 10 12 1 9 12 1 7 1 10 10 10 10 12 1 10 12 1 10 12 1 10 12 1 1 10 12 1 1 10 12 1 9 12 1 18 12 1 1 10 100 12 1 1 1 100 1 8 1 10 12 1 1 10 12 1 1 10 100 12 1 1 100 1 10 12 1 1 100 1 8 1 100 1 10 100 1 100 1 3 10 12 1 100 1 10 12 1 10 12 1 1 10 12 1 1 100 1 10 12 1 10 12 1 1 100 1 100 1 10 12 8 1 10 12 1 1 10 12 1 1 10 7 12 1 1 10 12 1 1 10 12 1 10 12 10 12 1 1 7 1 10 10 12 1 1 10 100 12 1 1 1 100 1 8 1 10 12 1 1 10 100 12 1 1 8 1 10 12 1 8 1 10 12 1 10 12 10 12 1 8 1 10 10 100 12 1 1 100 1 10 10 12 1 10 7 12 1 1 9 12 1 9 12 1 9 12 1 9 12 1 10 12 11 12 1 10 12 1 100 1 1 1 1 1 1 1 1 1 1 1 1 1 1 1 1 100 1 1 1 1 1 1 1 1 1 1 1 1 1 1 1 1 1 1 1 1 1 1 1 1 1 1 1 1 1 1 1 1 1 1 1 1 1 1 1 1 1 1 1 1 1 1 1 1 1 1 1 1 1 1 1 1 1 1 1 1 1 1 1 1 1 1 1 1 1 1 1 1 1 1 1 1 1 1 1 1 1 1 1 100 100 1 1 1 1 1 1 1 1 1 1 1 1 1 1 1 1 1 1 1 1 1 1 1 1 1 1 1 1 1 1 1 1 1 1 100 1 100 1 100 1 1 1 1 1 1 1 1 1 1 1 1 1 1 1 1 1 1 1 1 1 1 1 1 1 1 1 1 15 10 100 12 1 1 1 16 15 10 12 16 16 15 10 12 16 16 15 10 16 1 15 10 12 16 1 15 10 12 16 1 16 15 10 12 16 1 1 1 1 1 1 1 100 1 100 1 1
staticfield java/lang/Module ALL_UNNAMED_MODULE Ljava/lang/Module; java/lang/Module
staticfield java/lang/Module ALL_UNNAMED_MODULE_SET Ljava/util/Set; java/util/ImmutableCollections$Set12
staticfield java/lang/Module EVERYONE_MODULE Ljava/lang/Module; java/lang/Module
staticfield java/lang/Module EVERYONE_SET Ljava/util/Set; java/util/ImmutableCollections$Set12
staticfield java/lang/Module $assertionsDisabled Z 1
ciInstanceKlass java/util/ArrayList 1 1 492 10 7 12 1 1 1 7 1 9 7 12 1 1 1 9 12 1 100 1 100 1 10 8 1 10 12 1 1 10 12 1 10 12 1 1 10 12 1 9 12 1 11 7 12 1 1 1 9 12 1 1 10 12 1 1 7 10 7 12 1 1 1 9 12 1 10 12 1 10 12 1 1 10 7 12 1 1 1 10 7 12 1 1 1 10 12 1 1 10 12 1 1 10 12 1 1 10 12 1 10 12 1 1 100 1 100 1 10 12 1 10 7 12 1 1 1 10 7 12 1 1 10 12 1 10 12 10 12 1 1 10 12 1 1 10 12 1 1 100 1 10 12 1 1 10 12 1 1 10 12 1 100 1 10 11 12 1 1 11 100 12 1 1 1 11 12 1 10 12 1 10 12 1 10 12 1 1 100 1 10 12 1 1 10 10 12 1 1 10 12 1 8 1 8 1 8 1 8 1 10 12 1 1 10 12 1 1 11 12 1 100 1 10 100 12 1 1 10 12 1 10 12 1 1 10 100 12 1 1 10 12 1 10 100 12 1 1 1 11 100 12 1 1 1 10 12 1 100 1 8 1 10 100 1 10 12 1 7 1 10 12 1 10 12 1 1 7 1 10 12 1 10 12 1 1 11 100 12 1 1 7 1 10 12 1 10 12 1 1 11 100 12 1 1 10 12 1 1 10 12 1 1 10 12 1 1 10 12 1 1 11 100 12 1 1 10 12 1 1 100 1 100 1 100 1 1 1 1 5 0 1 3 1 1 1 1 1 1 1 1 1 1 1 1 1 1 1 1 1 1 1 1 1 1 1 1 1 1 1 1 1 1 1 1 1 1 1 1 1 1 1 1 1 1 1 1 1 1 1 1 1 1 1 1 1 1 1 1 1 1 1 1 1 1 1 1 1 1 1 1 1 1 1 1 1 1 1 1 1 1 1 1 1 1 1 1 1 1 1 1 1 1 1 1 1 1 1 1 100 1 1 1 1 100 1 1 1 1 1 1 1 1 1 1 1 1 1 1 1 1 1 1 1 1 1 1 1 1 1 1 1 1 1 100 1 1 1 1 1 1 1 1 1 1 1 1 1 1 1 1 1 1 100 1 100 1 1 1 1 1 1
staticfield java/util/ArrayList EMPTY_ELEMENTDATA [Ljava/lang/Object; 0 [Ljava/lang/Object;
staticfield java/util/ArrayList DEFAULTCAPACITY_EMPTY_ELEMENTDATA [Ljava/lang/Object; 0 [Ljava/lang/Object;
ciInstanceKlass java/util/concurrent/ConcurrentHashMap 1 1 1210 7 1 7 1 3 10 12 1 1 3 100 1 10 7 12 1 1 1 100 1 10 100 12 1 1 1 100 1 11 12 1 1 11 12 1 11 12 1 1 9 12 1 1 9 12 1 1 9 12 1 10 7 12 1 1 1 7 1 10 12 1 1 10 12 1 1 10 7 12 1 1 1 4 10 12 1 9 12 1 10 12 1 1 100 1 10 5 0 10 12 1 10 12 1 1 5 0 10 12 1 1 10 12 1 9 12 1 1 10 12 1 1 9 12 1 9 12 1 1 10 12 1 1 9 12 1 10 12 1 1 9 12 1 1 10 12 1 1 100 1 10 100 1 10 12 1 10 12 1 1 10 12 1 1 10 12 1 1 10 12 1 10 12 1 1 10 12 1 1 100 1 10 12 1 1 7 1 100 1 8 1 10 12 1 10 12 1 1 10 12 1 1 11 7 12 1 1 10 12 1 1 11 12 1 1 11 7 12 1 1 1 11 7 12 1 1 1 11 12 1 7 1 11 12 1 11 12 1 10 12 1 1 10 12 1 1 9 12 1 1 10 100 12 1 1 1 9 10 12 1 1 9 12 1 10 12 1 1 5 0 9 12 1 1 7 1 10 12 1 9 12 1 1 7 1 10 12 1 9 12 1 7 1 10 100 1 10 10 12 1 1 8 1 10 12 1 10 12 1 1 11 100 1 10 12 1 10 100 12 1 1 1 8 1 10 100 12 1 1 1 8 1 10 12 1 8 1 10 12 1 10 12 1 1 10 100 12 1 1 10 12 1 10 12 1 10 12 1 9 12 1 9 10 12 1 9 12 1 1 11 100 12 1 1 1 11 7 12 1 1 1 100 1 10 12 11 100 12 1 1 10 11 7 12 1 10 12 1 100 1 10 12 1 100 1 10 10 9 100 12 1 1 1 10 12 3 10 100 12 1 1 9 12 1 10 12 1 1 9 12 1 1 9 12 1 10 12 1 1 10 100 12 1 1 9 12 1 9 7 12 1 1 10 12 1 1 10 12 1 3 9 12 1 9 12 1 10 12 1 1 7 1 9 3 9 12 1 100 1 10 12 1 9 12 1 10 12 1 9 12 1 10 12 1 9 12 1 10 100 12 1 1 1 100 10 12 1 100 1 5 0 10 100 12 1 1 100 1 10 12 1 1 10 12 1 10 12 1 100 1 10 12 1 10 100 1 100 1 10 10 12 1 10 100 1 10 12 1 10 100 1 10 12 1 10 100 1 10 12 1 1 100 1 10 12 1 10 10 12 1 100 1 10 12 1 10 10 12 1 100 1 10 12 1 10 100 1 10 12 1 10 100 1 10 12 1 10 100 1 10 12 1 10 100 1 10 12 1 10 100 1 10 12 1 10 100 1 10 12 1 10 100 1 10 12 1 10 100 1 10 10 100 1 10 10 100 1 10 10 100 1 10 12 1 10 100 1 10 12 1 10 100 1 10 12 1 10 100 1 10 12 1 10 100 1 10 12 1 10 100 1 10 10 100 1 10 10 100 1 10 10 100 1 10 12 1 10 100 1 10 12 1 10 100 1 10 12 1 10 100 1 10 12 1 10 100 1 10 12 1 10 10 12 1 10 7 12 1 1 1 10 12 1 7 1 7 1 10 12 1 9 12 1 1 9 12 1 1 10 12 1 1 8 10 12 1 1 8 8 8 8 7 10 12 1 1 10 12 1 100 1 8 1 10 7 1 100 1 100 1 1 1 5 0 1 1 3 1 3 1 1 1 1 3 1 3 1 3 1 1 1 1 1 3 1 3 1 3 1 1 1 1 1 1 1 1 1 1 1 1 1 1 1 1 1 1 1 1 1 1 1 1 1 100 1 1 1 1 1 1 1 1 1 1 1 1 1 1 1 1 1 1 1 1 1 1 1 1 1 1 1 1 1 1 1 1 1 1 1 1 1 1 1 1 1 1 1 1 1 1 1 1 1 1 1 1 1 1 1 1 1 1 1 1 1 1 1 1 1 1 1 1 1 1 1 1 1 1 1 1 1 1 1 1 1 1 1 1 100 1 1 1 1 1 1 1 1 1 1 1 100 1 1 1 1 1 1 1 1 1 1 1 1 1 1 1 1 1 1 1 1 1 1 1 1 1 1 1 1 1 1 1 1 1 1 1 1 1 1 1 1 1 1 1 1 1 1 1 1 1 1 1 1 1 1 1 1 1 1 1 1 1 1 1 1 1 1 1 1 1 1 1 1 1 1 1 1 1 1 1 1 1 1 1 1 1 1 1 1 1 1 1 1 1 1 1 1 1 1 1 1 1 1 1 1 1 1 1 1 1 1 1 1 1 1 1 1 1 1 1 1 1 1 1 1 1 1 1 1 1 1 1 1 1 1 1 1 1 1 1 1 1 1 1 1 1 1 1 1 1 1 1 1 1 1 1 1 1 1 1 1 1 1 1 1 1 1 1 1 1 1 1 1 1 1 1 1 1 1 1 1 1 1 1 1 1 1 1 1 1 1 1 1 1 1 1 1 1 1 1 1 1 1 1 1 1 1 1 1 1 1 1 1 1 1 1 1 1 1 1 1 1 1 1 100 1 100 1 100 1 100 1 100 1 100 1 100 1 100 1 100 1 1 1 1 1 1 1 1 1 1 1 1 1 1 1 1 1 1 1 1 1 1 1 1 1 1 1 1 1 1 1 1 1 1 1 1 1 1 1 1 1 1 1 1 1 1 1 1 1 1 1 1 1 1 1 1 1 1
staticfield java/util/concurrent/ConcurrentHashMap NCPU I 4
staticfield java/util/concurrent/ConcurrentHashMap serialPersistentFields [Ljava/io/ObjectStreamField; 3 [Ljava/io/ObjectStreamField;
staticfield java/util/concurrent/ConcurrentHashMap U Ljdk/internal/misc/Unsafe; jdk/internal/misc/Unsafe
staticfield java/util/concurrent/ConcurrentHashMap SIZECTL J 20
staticfield java/util/concurrent/ConcurrentHashMap TRANSFERINDEX J 32
staticfield java/util/concurrent/ConcurrentHashMap BASECOUNT J 24
staticfield java/util/concurrent/ConcurrentHashMap CELLSBUSY J 36
staticfield java/util/concurrent/ConcurrentHashMap CELLVALUE J 144
staticfield java/util/concurrent/ConcurrentHashMap ABASE I 16
staticfield java/util/concurrent/ConcurrentHashMap ASHIFT I 2
ciInstanceKlass java/lang/String 1 1 1396 10 7 12 1 1 1 8 1 9 7 12 1 1 1 9 12 1 1 9 12 1 1 10 12 1 10 12 1 1 10 12 1 1 9 12 1 1 10 7 12 1 1 1 10 7 1 10 7 12 1 1 1 10 12 1 1 10 12 1 1 10 12 1 10 12 1 1 10 12 1 10 7 12 1 1 1 9 7 12 1 1 1 10 7 12 1 1 1 10 12 1 1 10 12 1 1 10 12 1 1 10 12 1 1 10 12 1 1 9 7 12 1 1 10 12 9 7 12 1 1 3 10 7 12 1 1 1 7 1 11 12 1 1 11 12 1 11 12 1 1 10 7 12 1 1 1 10 12 1 1 9 7 12 1 1 1 10 12 1 1 10 12 1 11 12 1 1 10 12 1 1 10 12 10 12 1 1 10 7 12 1 1 1 10 7 12 1 1 1 10 12 1 1 10 12 1 10 12 1 1 100 1 10 12 1 1 100 1 100 1 10 12 1 1 10 12 1 1 10 12 1 100 1 100 1 100 1 10 12 1 10 12 1 1 10 12 1 1 10 12 1 10 12 1 1 10 12 1 1 10 100 12 1 1 100 1 11 10 12 1 10 12 11 12 1 11 12 1 10 12 1 1 10 12 1 1 10 10 7 12 1 1 1 10 7 12 1 1 10 12 1 1 10 7 12 1 1 10 12 1 10 12 1 1 10 12 1 100 1 10 10 12 1 1 10 12 1 10 12 1 10 12 1 1 100 1 10 12 1 1 10 12 10 12 1 10 12 1 1 10 100 12 1 1 1 10 12 1 10 12 1 1 10 12 1 10 12 1 3 3 10 12 1 10 12 1 1 10 12 1 1 10 12 1 1 10 12 1 10 12 1 1 10 12 1 1 10 12 1 10 12 1 10 12 1 10 12 1 1 10 12 1 10 12 1 10 12 1 10 12 1 10 12 1 10 12 1 10 100 1 10 8 1 10 12 1 1 10 12 1 8 1 10 12 1 1 10 12 10 12 1 8 1 10 10 12 1 1 10 12 1 1 10 12 1 10 12 1 1 10 12 10 100 1 10 10 12 1 10 12 1 10 12 1 10 10 12 1 10 12 1 1 10 12 1 100 1 10 10 12 1 100 1 10 10 12 1 10 12 1 1 10 12 1 10 12 1 1 10 10 12 1 1 10 100 1 10 10 12 1 10 12 1 1 10 12 1 1 10 100 1 10 12 1 10 12 1 10 12 1 10 12 1 1 10 12 1 11 7 1 11 12 10 12 1 10 12 1 1 10 12 1 1 10 10 12 1 10 12 1 9 12 1 1 11 7 12 1 1 1 10 10 12 1 10 12 1 1 10 10 12 1 10 12 1 10 12 1 1 9 12 1 10 12 1 1 10 10 12 1 1 10 12 10 10 12 1 10 12 10 10 12 10 10 12 1 10 12 1 10 12 10 10 12 10 12 1 10 12 10 12 10 10 12 1 10 12 1 1 10 12 1 10 10 12 1 10 7 12 1 1 1 10 12 1 1 10 10 7 12 1 1 1 11 10 12 1 10 12 1 1 10 12 1 1 10 7 12 1 1 1 10 12 1 10 10 12 1 10 12 1 10 12 1 10 100 12 1 1 10 12 1 100 1 100 1 8 1 10 10 10 12 1 8 1 10 12 1 3 3 7 1 10 10 12 1 10 12 1 10 12 1 1 10 12 1 1 11 7 12 1 1 1 7 1 10 12 1 1 10 12 1 10 12 1 1 10 12 1 1 8 1 10 12 1 1 10 12 1 11 100 12 1 1 1 11 100 12 1 1 11 12 1 1 10 12 1 10 12 1 1 10 10 7 12 1 1 1 10 12 1 10 12 1 10 10 12 10 12 1 1 10 10 12 1 10 10 12 1 10 10 12 1 10 10 12 1 10 12 1 1 10 10 12 1 8 1 10 12 1 1 18 12 1 1 11 100 12 1 1 1 100 1 3 18 12 1 18 12 1 8 1 10 100 12 1 1 1 11 12 1 1 10 12 10 10 12 1 10 11 12 1 1 10 12 1 1 11 12 1 18 3 11 10 12 1 11 11 10 12 1 10 12 1 1 8 1 10 12 1 10 12 1 10 12 1 1 10 10 12 1 11 100 12 1 100 1 100 1 10 12 1 100 1 10 10 100 12 1 1 1 100 1 10 100 1 10 10 12 1 10 10 12 1 8 1 10 10 12 1 8 1 8 1 10 12 1 10 12 1 10 10 12 10 100 12 1 1 10 7 12 1 1 10 7 12 1 1 8 1 10 12 1 10 12 1 1 10 10 12 8 1 8 1 10 8 1 8 1 8 1 8 1 10 12 1 10 12 1 8 1 10 100 12 1 1 1 10 12 10 12 1 1 10 12 10 10 12 10 12 7 1 9 12 1 1 7 1 10 100 1 100 1 100 1 100 1 1 1 1 1 1 5 0 1 1 1 1 1 3 1 3 1 1 1 1 1 1 1 1 1 1 1 1 1 1 1 100 1 1 1 100 1 1 1 1 1 1 1 1 1 1 1 1 1 1 1 1 1 1 1 1 1 1 1 1 1 100 1 1 1 1 1 1 1 1 1 100 1 1 1 1 1 1 1 1 1 1 1 1 1 1 1 1 1 1 1 1 1 1 1 1 1 1 1 1 1 1 1 1 1 1 1 1 1 1 1 1 1 1 1 1 1 1 1 1 1 1 1 1 1 1 1 1 1 1 1 1 1 1 1 1 1 1 1 1 1 1 1 1 1 1 1 1 1 1 1 1 1 1 1 1 1 1 1 1 1 1 1 1 1 1 1 1 1 1 1 1 1 1 1 1 1 1 1 1 1 1 1 1 1 1 1 1 1 1 1 1 1 1 1 1 1 1 1 1 1 1 1 1 1 1 1 1 1 1 1 1 1 1 1 1 1 1 1 1 1 1 1 1 1 1 1 1 1 1 1 1 1 1 1 1 1 1 1 1 1 1 1 100 1 1 1 1 1 1 1 1 1 1 1 1 1 1 1 1 1 1 1 1 1 1 1 1 100 1 1 1 1 1 1 1 1 1 1 1 1 1 100 1 1 1 1 1 1 1 1 1 1 1 1 1 1 1 15 10 100 12 1 1 1 16 15 10 12 16 15 10 12 15 10 12 15 10 12 1 1 1 1 100 1 100 1 1 1
staticfield java/lang/String COMPACT_STRINGS Z 1
staticfield java/lang/String serialPersistentFields [Ljava/io/ObjectStreamField; 0 [Ljava/io/ObjectStreamField;
staticfield java/lang/String CASE_INSENSITIVE_ORDER Ljava/util/Comparator; java/lang/String$CaseInsensitiveComparator
ciInstanceKlass java/security/ProtectionDomain 1 1 324 10 7 12 1 1 1 9 7 12 1 1 1 7 1 10 9 12 1 1 9 12 1 1 9 12 1 1 10 7 12 1 1 7 1 9 12 1 9 12 1 1 7 1 9 12 1 1 9 12 1 10 100 12 1 1 10 100 12 1 1 1 10 12 1 1 10 12 1 9 12 1 9 100 12 1 1 10 12 1 1 10 100 1 10 12 1 1 8 1 100 1 8 1 10 12 1 10 10 100 12 1 1 1 10 12 1 1 8 1 11 8 1 10 12 1 8 1 8 1 10 12 1 1 10 12 1 10 12 1 1 10 12 1 8 1 10 12 1 8 1 8 1 10 100 12 1 1 1 9 100 12 1 1 1 10 12 1 1 9 100 12 1 1 1 10 100 12 1 1 1 100 1 100 1 10 12 1 10 100 12 1 1 1 10 100 1 10 12 1 10 12 1 1 11 100 12 1 1 11 12 1 100 1 11 100 12 1 1 1 10 12 1 10 11 12 1 1 11 12 1 1 10 12 1 10 7 12 1 1 10 100 12 1 1 11 12 1 10 12 8 1 8 1 10 7 12 1 1 1 7 1 10 10 7 12 1 1 1 1 1 1 1 1 1 1 100 1 1 100 1 1 1 1 1 1 1 1 1 1 1 1 1 1 1 1 1 1 1 1 1 1 1 1 1 1 1 1 1 1 1 1 1 1 1 1 1 1 1 1 1 1 100 1 1 1 1 1 100 1 1 1 1 1
staticfield java/security/ProtectionDomain filePermCompatInPD Z 0
ciInstanceKlass java/security/CodeSource 1 1 395 10 7 12 1 1 1 9 7 12 1 1 1 9 12 1 1 9 12 1 1 9 12 1 1 10 7 12 1 1 1 9 12 1 1 10 100 12 1 1 10 100 10 100 12 1 1 1 10 100 12 1 1 1 10 12 1 1 100 1 10 10 100 12 1 1 1 10 100 12 1 1 1 10 12 1 1 10 12 1 100 1 10 12 1 1 10 12 1 1 10 12 1 1 10 12 1 10 10 10 12 1 1 10 100 12 1 1 1 10 12 1 10 12 1 10 12 1 8 1 10 12 1 10 12 1 10 12 1 1 10 12 1 8 1 10 12 1 1 10 100 1 10 10 12 1 1 8 1 10 12 1 10 12 1 10 12 1 8 1 8 1 9 12 1 1 100 1 8 1 10 12 1 10 12 1 1 8 1 10 12 1 8 1 8 1 8 1 10 100 12 1 1 10 12 1 1 10 12 1 10 12 1 1 10 12 1 1 10 12 1 1 100 1 100 1 10 12 1 10 12 10 12 1 1 10 100 12 1 1 10 12 1 100 1 10 12 10 8 1 10 12 1 10 12 1 10 12 1 1 100 1 10 12 1 1 100 1 100 1 8 1 8 1 10 10 12 1 1 10 100 12 1 1 1 100 1 10 12 10 12 1 1 11 100 12 1 1 10 10 12 1 11 10 12 1 8 1 100 1 10 12 1 10 12 1 1 10 12 1 11 12 1 1 11 100 1 1 1 1 5 0 1 1 1 1 1 1 1 1 1 1 1 1 1 1 1 1 1 1 1 1 1 1 1 1 1 1 1 1 1 1 1 1 1 1 1 1 1 1 1 1 1 1 1 1 1 1 1 1 1 1 1 1 1 1 1 1 1 1 1 1 1 1 1 1 1 100 1 1 1 1 1 1 1
ciInstanceKlass java/lang/StringBuilder 1 1 409 10 7 12 1 1 1 10 12 1 10 12 1 10 12 1 1 10 7 12 1 1 1 10 7 12 1 1 1 10 12 1 10 12 1 10 12 1 10 12 1 10 12 1 10 12 1 10 12 1 10 12 1 10 12 1 10 12 1 10 12 1 10 12 1 10 12 1 10 12 1 1 10 12 1 10 12 1 1 10 12 1 1 10 12 1 10 12 1 10 12 1 10 12 1 10 12 1 10 12 1 10 12 1 10 12 10 12 1 10 12 1 10 12 1 10 12 1 1 10 12 1 10 12 1 10 12 10 12 1 1 10 12 1 1 9 12 1 1 9 12 1 1 10 7 12 1 1 1 10 100 1 10 100 12 1 1 1 10 12 1 10 12 1 1 10 12 1 1 10 10 12 1 1 10 100 12 1 1 10 12 1 10 12 1 1 100 1 100 1 8 1 10 10 12 1 1 10 12 1 1 10 12 1 10 12 1 10 12 1 10 12 1 10 12 1 10 12 1 10 12 1 10 12 1 10 12 1 10 12 1 10 12 1 10 12 1 10 12 1 10 12 1 10 12 1 1 10 12 1 1 10 12 1 10 12 1 10 12 1 10 12 10 12 10 12 1 10 12 1 10 12 1 10 12 10 12 1 10 12 1 10 12 1 10 12 1 10 12 1 10 12 1 10 12 1 10 12 1 10 12 1 1 10 12 1 10 12 1 1 10 12 1 10 12 1 1 10 12 1 10 12 1 1 10 12 1 10 12 1 10 12 1 10 10 12 1 10 12 1 100 1 100 1 100 1 1 1 1 5 0 1 1 1 1 1 1 1 1 1 1 1 1 1 1 1 1 1 1 1 1 1 1 1 1 1 1 1 1 1 1 1 1 1 1 1 1 1 1 1 1 1 1 1 100 1 1 1 100 1 1 1 1 1 1 1 1 1 1
ciInstanceKlass jdk/internal/misc/VM 1 1 314 10 7 12 1 1 1 9 7 12 1 1 1 9 12 1 1 100 1 100 1 10 8 1 10 12 1 1 10 12 1 10 12 1 1 10 12 1 10 12 1 10 12 1 10 12 1 10 12 1 9 12 1 1 9 12 1 1 9 12 1 3 10 7 12 1 1 1 9 12 1 1 100 1 8 1 10 11 7 12 1 1 1 7 1 10 100 12 1 1 1 8 1 8 1 10 12 1 1 8 1 10 12 1 1 10 7 12 1 1 1 10 12 1 1 10 100 12 1 1 1 5 0 8 1 8 1 8 1 10 12 1 1 10 12 1 1 10 7 12 1 1 1 10 12 1 10 12 1 9 12 1 100 1 10 12 1 10 7 12 1 1 9 12 1 9 12 1 9 7 12 1 1 1 9 12 1 9 12 1 9 12 1 9 12 1 9 12 1 10 12 1 10 12 1 10 12 1 10 12 1 10 12 1 9 100 12 1 1 1 5 0 10 1 1 3 1 3 1 3 1 3 1 3 1 1 1 1 1 1 1 3 1 3 1 3 1 1 1 1 1 1 1 100 1 1 1 100 1 1 1 1 1 1 1 1 1 1 1 1 1 1 1 1 1 1 1 1 1 1 1 1 1 1 1 1 1 1 1 1 1 1 1 1 1 1 1 1 1 1 1 1 1 1 1 1 1 1 1 1 1 1 1 1 1 1 100 1 1 100 1 1 1 1
staticfield jdk/internal/misc/VM lock Ljava/lang/Object; java/lang/Object
ciInstanceKlass jdk/internal/loader/ClassLoaders 1 1 183 10 100 12 1 1 1 10 7 12 1 1 1 10 12 1 1 10 100 12 1 1 1 9 7 12 1 1 1 9 12 1 1 9 12 1 1 7 1 11 100 12 1 1 1 100 1 11 12 1 1 11 12 1 1 10 100 12 1 1 1 10 100 12 1 1 1 100 1 100 1 10 7 12 1 1 1 9 12 1 1 10 12 1 1 7 1 10 12 1 1 10 12 1 7 1 8 1 10 7 12 1 1 1 10 12 1 1 7 1 10 12 1 10 12 1 10 12 1 8 1 10 7 12 1 1 8 1 8 1 10 12 1 7 1 10 12 1 10 12 1 10 12 1 1 1 1 1 1 1 1 1 1 1 1 1 1 1 1 1 1 1 1 100 1 1 1 1 1 1 1 1 1 1 1 1 1 1 1 1 1 1 1
staticfield jdk/internal/loader/ClassLoaders JLA Ljdk/internal/access/JavaLangAccess; java/lang/System$2
staticfield jdk/internal/loader/ClassLoaders BOOT_LOADER Ljdk/internal/loader/ClassLoaders$BootClassLoader; jdk/internal/loader/ClassLoaders$BootClassLoader
staticfield jdk/internal/loader/ClassLoaders PLATFORM_LOADER Ljdk/internal/loader/ClassLoaders$PlatformClassLoader; jdk/internal/loader/ClassLoaders$PlatformClassLoader
staticfield jdk/internal/loader/ClassLoaders APP_LOADER Ljdk/internal/loader/ClassLoaders$AppClassLoader; jdk/internal/loader/ClassLoaders$AppClassLoader
ciInstanceKlass jdk/internal/misc/Unsafe 1 1 1285 10 7 12 1 1 1 9 7 12 1 1 1 9 12 1 1 10 12 1 1 10 7 12 1 1 1 10 12 1 1 10 12 1 1 10 12 1 1 10 12 1 1 10 12 1 1 10 12 1 1 10 12 1 1 10 12 1 1 10 12 1 1 10 12 1 1 10 12 1 1 10 12 1 1 10 12 1 1 10 12 1 10 12 1 100 1 10 10 12 1 1 10 12 1 1 5 0 10 12 1 1 10 12 1 1 10 7 12 1 1 1 10 12 1 1 10 12 1 10 12 1 10 12 1 1 10 12 1 1 10 12 1 10 12 1 100 1 100 1 10 8 1 10 12 1 1 10 12 1 8 1 10 12 1 1 10 12 1 10 12 1 10 12 1 1 10 12 1 10 12 1 1 10 12 1 1 10 12 1 10 12 1 10 12 1 10 12 1 1 10 12 1 10 12 1 10 12 1 1 10 12 1 5 0 5 0 5 0 10 12 1 10 12 1 10 12 1 10 12 1 10 12 1 10 12 1 10 12 1 10 12 1 10 12 1 1 10 12 1 10 12 1 100 1 8 1 10 100 1 10 10 12 1 1 10 12 1 1 10 12 1 10 12 1 1 10 12 1 1 10 12 1 10 12 1 1 10 12 1 9 7 12 1 1 9 12 1 100 1 10 10 12 1 1 8 1 10 8 1 8 1 10 12 1 1 9 7 12 1 1 1 9 100 1 9 100 1 9 7 1 9 9 100 1 9 100 1 9 100 1 10 12 1 1 10 12 1 1 10 12 1 1 10 12 1 1 5 0 5 0 9 12 1 1 10 12 1 10 12 1 10 12 1 1 10 12 1 1 10 12 1 8 1 3 10 12 1 1 10 12 1 1 10 12 1 10 12 1 1 10 12 1 1 10 12 1 10 12 1 10 12 1 10 12 1 10 12 1 10 12 1 1 10 12 1 1 10 12 1 10 12 1 10 12 1 10 12 1 10 12 1 10 12 1 1 10 12 1 1 10 12 1 10 12 1 10 12 1 10 12 1 10 12 1 10 12 1 1 10 12 1 1 10 12 1 1 10 12 1 1 10 12 1 10 12 1 10 12 1 10 12 1 10 12 1 10 12 1 10 12 1 1 10 12 1 1 10 12 1 10 12 1 10 12 1 10 12 1 10 12 1 10 12 1 10 12 1 1 10 12 1 1 10 12 1 10 12 1 10 12 1 10 12 1 10 12 1 10 12 1 10 12 1 10 12 1 1 10 12 1 10 12 1 10 12 1 10 12 1 10 12 1 1 10 12 1 10 12 1 10 12 1 10 12 1 10 12 1 10 12 1 10 12 1 10 12 1 1 10 12 1 10 12 1 10 12 1 10 12 1 10 12 1 10 12 1 1 10 12 1 10 12 1 10 12 1 1 10 12 1 10 12 1 10 12 1 10 12 1 10 12 1 10 12 1 10 12 1 10 12 1 10 12 1 10 12 1 10 12 1 10 12 1 10 12 1 10 12 1 10 12 1 10 12 1 10 12 1 10 12 1 10 12 1 10 12 1 10 12 1 10 12 1 100 1 10 100 1 10 9 12 1 5 0 10 12 1 1 5 0 10 12 1 5 0 10 12 1 10 12 1 10 12 1 1 10 12 1 1 10 12 1 10 12 1 10 12 1 10 12 1 1 10 12 1 10 12 1 10 12 1 10 12 1 10 12 1 1 10 12 1 10 12 1 10 12 1 10 12 1 1 10 12 1 10 12 1 10 12 1 1 10 12 1 10 12 1 10 12 1 10 12 1 1 10 12 1 10 10 12 1 1 10 12 1 10 12 1 1 10 12 1 10 12 5 0 5 0 5 0 10 12 1 1 10 12 1 10 12 1 10 12 10 100 12 1 1 8 1 100 1 11 12 1 1 8 1 11 12 1 1 10 100 12 1 1 10 12 1 10 12 1 10 12 1 10 12 1 10 12 1 1 10 12 1 10 12 1 10 12 1 10 12 1 10 12 1 10 12 1 10 7 1 10 12 1 9 12 1 7 1 9 12 1 7 1 9 12 1 7 1 9 12 1 7 1 9 12 1 7 1 9 12 1 7 1 9 12 1 7 1 9 12 1 7 1 9 12 1 10 12 1 9 12 1 9 12 1 9 12 1 9 12 1 9 12 1 9 12 1 9 12 1 9 12 1 9 12 1 9 12 1 1 1 3 1 1 1 1 1 1 1 1 1 1 1 1 1 1 1 1 1 1 1 1 1 1 1 1 1 1 1 1 1 1 1 1 1 1 1 1 1 1 1 1 1 1 1 1 1 1 1 1 1 1 1 1 1 1 1 1 1 1 1 1 1 1 1 1 1 1 1 1 1 1 1 1 1 1 1 1 1 1 1 1 1 1 1 1 1 1 1 1 1 100 1 1 1 1 1 1 1 1 1 1 1 1 1 1 1 1 1 1 1 1 1 1 1 1 1 1 1 1 1 1 1 1 1 1 1 1 1 1 1 1 1 1 1 1 1 1 1 1 1 1 1 1 1 1 1 1 1 1 1 1 1 1 1 1 1 1 1 1 1 1 1 1 1 1 1 1 1 1 1 1 1 1 1 1 1 1 1 1 1 1 1 1 1 1 1 1 1 1 1 1 1 1 1 1 1 1 1 1 1 1 1 1 1 1 1 1 1 1 1 1 1 1 1 1 1 1 1 1 1 1 1 1 1 1 1 1 1 1 1 1 1 1 1 1 1 1 1 1 1 1 1 1 1 1 1 1 1 1 1 1 1 1 1 1 1 1 1 1 1 1 1 1 1 1 1 1 1 1 1 1 1 1 1 1 1 1 1 1 1 1 1 1 1 1 1 1 1 1 1 1 1 1 1 1 1 1 1 3 1 1 1 1 1 1 1 1 1 1 1 1 1 1 1 1 1 1 1 1 1
staticfield jdk/internal/misc/Unsafe theUnsafe Ljdk/internal/misc/Unsafe; jdk/internal/misc/Unsafe
staticfield jdk/internal/misc/Unsafe ARRAY_BOOLEAN_BASE_OFFSET I 16
staticfield jdk/internal/misc/Unsafe ARRAY_BYTE_BASE_OFFSET I 16
staticfield jdk/internal/misc/Unsafe ARRAY_SHORT_BASE_OFFSET I 16
staticfield jdk/internal/misc/Unsafe ARRAY_CHAR_BASE_OFFSET I 16
staticfield jdk/internal/misc/Unsafe ARRAY_INT_BASE_OFFSET I 16
staticfield jdk/internal/misc/Unsafe ARRAY_LONG_BASE_OFFSET I 16
staticfield jdk/internal/misc/Unsafe ARRAY_FLOAT_BASE_OFFSET I 16
staticfield jdk/internal/misc/Unsafe ARRAY_DOUBLE_BASE_OFFSET I 16
staticfield jdk/internal/misc/Unsafe ARRAY_OBJECT_BASE_OFFSET I 16
staticfield jdk/internal/misc/Unsafe ARRAY_BOOLEAN_INDEX_SCALE I 1
staticfield jdk/internal/misc/Unsafe ARRAY_BYTE_INDEX_SCALE I 1
staticfield jdk/internal/misc/Unsafe ARRAY_SHORT_INDEX_SCALE I 2
staticfield jdk/internal/misc/Unsafe ARRAY_CHAR_INDEX_SCALE I 2
staticfield jdk/internal/misc/Unsafe ARRAY_INT_INDEX_SCALE I 4
staticfield jdk/internal/misc/Unsafe ARRAY_LONG_INDEX_SCALE I 8
staticfield jdk/internal/misc/Unsafe ARRAY_FLOAT_INDEX_SCALE I 4
staticfield jdk/internal/misc/Unsafe ARRAY_DOUBLE_INDEX_SCALE I 8
staticfield jdk/internal/misc/Unsafe ARRAY_OBJECT_INDEX_SCALE I 4
staticfield jdk/internal/misc/Unsafe ADDRESS_SIZE I 8
ciInstanceKlass java/util/Map 1 1 259 11 7 12 1 1 1 11 12 1 1 10 7 12 1 1 11 12 1 1 11 7 12 1 1 1 11 100 12 1 1 1 11 12 1 1 7 1 11 12 1 11 12 1 100 1 100 1 10 12 1 1 11 100 12 1 1 1 11 100 12 1 1 1 11 12 1 11 12 1 10 12 1 1 11 12 1 11 7 12 1 9 7 12 1 1 1 100 1 10 12 7 1 7 1 10 12 1 7 1 10 7 1 11 12 1 1 7 1 11 12 1 1 1 1 1 1 1 1 1 1 1 1 1 1 1 1 1 1 1 1 1 1 1 1 1 1 1 1 1 1 1 1 1 1 1 1 1 1 1 1 1 1 1 1 1 1 1 1 1 1 1 1 1 1 1 1 1 1 1 1 1 1 1 1 1 1 1 1 1 1 1 1 1 1 1 1 1 1 1 1 1 1 1 1 1 1 1 1 1 1 1 1 1 1 1 1 1 1 1 1 1 1 1 1 1 1 1 1 1 1 1 1 1 1 1 1 1 1 1 1 1 1 1 1 1 1 1 1 1 100 1 1 1 1 1 1 1 1 1 1 1 1 1 1 1 1 1 1
ciInstanceKlass java/lang/ThreadGroup 1 1 293 10 7 12 1 1 1 9 7 12 1 1 1 8 1 9 12 1 1 7 1 9 12 1 9 12 1 1 10 12 1 1 10 12 1 1 10 12 1 10 12 1 1 10 12 1 9 12 1 1 10 12 1 1 10 12 1 9 12 1 10 100 12 1 1 1 9 12 1 9 12 1 1 10 7 12 1 1 1 100 10 12 1 1 10 7 12 1 1 1 10 100 12 1 9 12 1 10 12 1 1 10 12 1 1 9 12 1 1 10 12 1 1 10 12 1 10 12 1 10 12 1 1 10 12 1 1 10 12 1 10 12 1 10 10 12 1 10 12 1 10 100 1 10 10 12 1 10 12 1 10 12 1 7 10 12 1 9 12 1 1 10 12 1 1 8 1 10 100 12 1 1 1 10 12 1 1 10 12 1 1 10 12 1 1 11 100 1 100 1 9 12 1 100 1 10 8 1 10 12 1 1 10 12 1 1 8 1 10 12 1 10 100 12 1 1 1 10 12 1 1 10 100 1 8 1 10 8 1 10 12 1 8 1 1 1 1 1 1 1 1 1 1 1 1 1 1 1 1 1 3 1 1 1 1 1 1 1 1 1 1 1 1 1 1 1 1 1 1 1 1 1 1 1 1 1 1 1 1 1 1 1 1 1 1 1 1 1 1 1 1 1 1
ciInstanceKlass java/io/PrintStream 1 1 346 100 1 10 12 1 1 8 1 10 7 12 1 1 1 10 7 12 1 1 1 100 1 100 1 100 1 10 10 7 12 1 1 9 12 1 1 9 12 1 9 12 1 7 1 10 9 12 1 1 7 1 10 12 1 9 12 1 1 10 12 1 10 12 1 8 1 7 1 10 12 1 10 12 1 10 12 1 100 1 10 10 12 1 8 1 10 12 1 9 12 1 1 100 1 8 1 10 10 12 1 1 10 12 1 10 12 1 10 10 10 12 1 1 10 12 1 1 100 1 10 100 12 1 1 1 10 12 1 10 12 1 10 10 12 1 10 12 1 10 10 12 1 10 12 10 7 12 1 1 1 10 12 1 1 10 10 12 1 10 12 1 10 12 1 10 12 1 10 12 1 10 10 12 1 10 10 7 12 1 1 1 10 12 1 10 12 1 1 10 12 1 10 12 10 12 1 10 12 1 10 12 1 10 12 10 12 10 12 10 12 1 1 10 12 1 9 12 1 1 10 100 12 1 1 1 9 100 12 1 1 1 10 100 12 1 1 1 10 12 1 10 12 1 10 12 1 8 1 11 100 12 1 1 1 10 12 1 1 10 12 1 10 12 1 100 1 100 1 1 1 1 1 1 1 1 1 1 1 1 1 1 1 1 100 1 1 1 1 1 1 1 1 100 1 1 1 1 1 1 1 1 1 100 1 1 1 1 1 1 1 1 1 1 1 1 1 1 1 1 1 1 1 1 1 1 1 1 1 1 100 1 1 1 1 1 1 1 1 1 1 1 1 1 1 1
ciInstanceKlass java/util/Properties 1 1 651 10 7 12 1 1 1 100 1 10 7 12 1 1 7 1 10 12 1 9 12 1 1 9 12 1 1 9 12 1 1 10 7 12 1 1 1 10 12 1 1 8 1 10 7 12 1 1 1 7 1 10 12 1 10 12 1 1 8 1 10 12 1 7 1 10 12 10 12 1 1 9 12 1 1 10 12 1 1 7 1 10 12 1 10 12 1 10 12 1 1 100 1 8 1 10 12 1 10 12 1 10 12 1 1 10 12 1 100 1 3 10 10 100 12 1 1 1 10 12 1 10 12 1 1 8 1 10 12 1 10 12 1 1 8 1 10 100 12 1 1 10 12 1 1 10 12 1 10 12 1 1 100 1 10 12 1 10 12 1 1 100 1 9 100 12 1 1 1 10 12 1 10 12 1 1 100 1 10 10 10 12 1 1 11 7 12 1 1 1 11 7 12 1 1 1 11 12 1 1 7 1 11 12 1 11 12 1 10 12 1 1 8 1 10 12 1 10 12 1 100 1 10 10 12 1 1 10 100 12 1 1 9 100 12 1 1 10 12 1 1 10 100 12 1 1 1 100 1 100 1 100 1 10 8 1 8 1 10 12 1 10 12 1 10 12 1 1 10 10 12 1 1 10 12 1 1 100 1 10 10 12 1 11 7 12 1 1 10 7 12 1 1 1 8 1 10 100 12 1 1 11 8 1 10 100 1 11 10 12 1 10 12 1 10 12 1 10 12 1 1 10 12 1 1 10 12 1 1 10 12 1 10 12 1 10 10 12 1 10 12 1 10 12 1 10 10 12 1 1 10 12 1 1 7 1 10 10 12 1 10 12 1 10 12 1 10 12 1 10 12 1 1 10 12 1 1 10 12 1 10 12 1 10 12 1 1 10 12 10 12 1 1 10 12 1 1 10 12 1 10 12 1 1 10 12 1 1 10 12 100 1 10 11 100 12 1 1 4 11 10 12 1 1 10 100 12 1 1 11 12 1 10 12 1 1 10 100 12 1 1 10 12 1 100 1 8 1 10 12 1 10 10 100 12 1 1 1 100 1 6 0 10 12 1 1 11 100 12 1 1 1 10 12 1 10 12 1 1 1 1 1 5 0 1 1 1 1 1 1 1 1 1 1 1 1 1 1 1 1 1 1 1 1 1 1 1 1 1 1 1 1 1 1 1 1 1 1 1 1 1 1 1 1 100 1 1 1 1 1 1 1 1 1 1 1 1 1 1 1 1 1 1 1 1 100 1 1 1 1 1 1 1 100 1 100 1 1 1 1 100 1 1 1 1 1 1 1 1 1 1 1 1 1 1 1 1 1 1 1 1 1 1 1 1 1 1 1 1 1 1 1 1 1 1 1 1 1 1 1 1 1 1 1 1 1 1 1 1 1 1 1 1 1 1 1 1 1 1 1 1 1 1 1 1 1 1 1 1 1 1 1 1 1 1 1 1 100 1 1 1 1 1 1 1 1 1 100 1 1 1
staticfield java/util/Properties UNSAFE Ljdk/internal/misc/Unsafe; jdk/internal/misc/Unsafe
instanceKlass java/util/Hashtable
ciInstanceKlass java/util/Dictionary 1 1 36 10 7 12 1 1 1 100 1 1 1 1 1 1 1 1 1 1 1 1 1 1 1 1 1 1 1 1 1 1 1 1 1 1 1 1
instanceKlass java/util/Properties
ciInstanceKlass java/util/Hashtable 1 1 512 100 1 10 7 12 1 1 1 9 7 12 1 1 1 100 1 100 1 10 8 1 10 12 1 1 10 12 1 10 12 1 1 10 12 1 10 7 12 1 1 1 8 1 10 12 1 9 12 1 1 7 1 9 12 1 1 4 10 7 12 1 1 1 9 12 1 4 10 12 1 11 100 12 1 1 1 10 12 1 1 10 12 1 1 9 12 1 10 12 1 1 100 1 10 9 12 1 1 10 7 12 1 1 1 9 12 1 1 10 12 1 10 12 1 3 9 12 1 9 12 1 3 10 12 1 10 12 1 10 12 1 1 11 12 1 1 11 100 12 1 1 1 11 100 12 1 1 1 11 12 1 100 1 11 12 1 11 12 1 10 12 1 1 10 12 1 1 10 12 1 9 12 1 1 9 12 9 12 1 1 10 100 1 100 1 10 12 1 10 8 1 10 10 12 1 8 1 10 8 1 10 100 12 1 1 1 7 1 10 12 1 10 12 1 100 1 10 12 1 10 12 1 1 100 1 10 100 1 10 10 12 1 1 11 12 1 1 11 12 1 100 1 10 10 10 100 12 1 1 11 100 12 1 1 1 100 1 10 11 100 12 1 1 11 100 12 1 10 12 1 10 12 1 1 10 100 12 1 1 10 12 1 1 10 12 1 1 10 12 1 1 10 100 12 1 1 1 8 10 100 12 1 1 100 1 8 1 10 4 10 12 4 10 12 1 8 1 10 12 10 100 12 1 1 1 100 1 11 100 12 1 1 1 10 100 12 1 1 1 10 12 1 10 12 1 1 10 100 1 100 1 1 1 1 1 1 5 0 1 1 1 1 1 3 1 3 1 3 1 1 1 1 1 1 1 1 1 1 1 1 1 1 1 1 1 1 1 1 1 1 1 1 1 100 1 1 1 1 1 1 1 1 1 1 1 1 1 1 1 1 1 1 1 1 1 1 1 1 1 1 1 1 1 100 1 1 1 1 1 1 1 1 1 1 1 1 1 1 1 1 1 1 1 1 1 1 1 1 1 1 1 1 1 1 1 1 1 1 1 1 1 1 1 1 1 1 1 1 1 1 1 1 1 1 1 1 1 1 1 1 1 1 100 1 1 1 100 1 1 1 1 1 100 1 1 1 1 1 1 1 1 1 1 1 1 1 1 1 1 1 1
instanceKlass com/sun/javafx/iio/png/PNGIDATChunkInputStream
instanceKlass java/io/SequenceInputStream
instanceKlass java/util/zip/ZipFile$ZipFileInputStream
instanceKlass java/io/FilterInputStream
instanceKlass java/io/FileInputStream
instanceKlass java/io/ByteArrayInputStream
ciInstanceKlass java/io/InputStream 1 1 184 100 1 10 7 12 1 1 1 100 1 10 10 7 12 1 1 1 10 7 12 1 1 1 10 12 1 100 1 3 10 12 1 1 100 1 8 1 10 12 1 10 7 12 1 1 1 3 100 1 8 1 10 10 7 12 1 1 1 7 1 10 11 7 12 1 1 1 10 12 1 1 11 12 1 1 11 7 12 1 1 1 11 12 1 1 7 1 10 7 12 1 1 1 5 0 10 12 1 10 12 1 1 100 1 10 8 1 10 8 1 8 1 10 12 1 1 10 100 12 1 1 1 100 1 1 1 1 3 1 3 1 1 1 1 1 1 1 1 1 1 1 1 1 1 1 1 1 1 1 1 1 1 1 1 1 1 1 1 1 1 1 1 1 1 1 1 1 1 1 1 1 1 1 1 1 1 1 1 1 1 1 1 1
ciInstanceKlass java/io/ByteArrayInputStream 1 1 96 10 7 12 1 1 1 9 7 12 1 1 1 9 12 1 1 9 12 1 9 12 1 10 100 12 1 1 1 10 7 12 1 1 1 10 7 12 1 1 1 10 100 12 1 1 1 10 12 1 1 10 100 12 1 1 1 1 1 1 1 1 1 1 1 1 1 1 1 1 1 1 1 1 1 1 1 1 1 1 1 100 1 1 1 1 1 1 1 1 1 1 1 1 1 1
instanceKlass com/sun/scenario/effect/impl/ImagePool$1
instanceKlass com/sun/prism/impl/PrismTrace$1
instanceKlass java/util/logging/LogManager$Cleaner
instanceKlass com/sun/glass/ui/InvokeLaterDispatcher
instanceKlass java/util/concurrent/ForkJoinWorkerThread
instanceKlass com/sun/javafx/tk/quantum/PerformanceTrackerHelper$1$1
instanceKlass com/sun/javafx/tk/quantum/QuantumToolkit$1
instanceKlass jdk/internal/misc/InnocuousThread
instanceKlass java/lang/ref/Finalizer$FinalizerThread
instanceKlass java/lang/ref/Reference$ReferenceHandler
ciInstanceKlass java/lang/Thread 1 1 610 9 7 12 1 1 1 9 12 1 1 10 12 1 1 9 12 1 1 9 12 1 1 100 1 8 1 10 12 1 1 3 8 1 100 1 5 0 10 12 1 1 10 7 12 1 1 9 12 1 1 9 12 1 9 12 1 1 9 12 1 100 1 8 1 10 9 12 1 1 10 7 12 1 1 1 10 100 12 1 1 1 10 10 7 12 1 1 10 12 1 1 10 12 1 1 9 100 12 1 1 1 10 12 1 1 10 12 1 9 12 1 1 10 12 1 1 10 12 1 1 9 12 1 10 12 1 1 9 12 1 1 10 7 12 1 1 1 9 12 1 1 9 12 1 1 10 12 1 1 10 100 12 1 1 1 9 12 1 10 12 1 1 9 12 1 100 1 10 7 1 10 8 1 10 12 1 1 10 12 1 10 12 1 10 12 1 1 10 12 1 10 12 1 9 12 1 100 1 10 10 12 1 1 10 12 1 10 12 1 100 1 11 7 12 1 1 9 100 12 1 1 1 10 12 1 10 12 1 10 12 9 12 1 1 10 9 12 1 10 12 1 100 1 10 10 12 1 1 9 12 1 10 12 1 11 100 12 1 1 10 12 1 10 12 1 10 12 1 10 10 12 1 10 12 1 10 12 1 10 12 1 10 12 1 1 100 1 10 10 12 1 10 12 1 10 12 1 9 100 12 1 1 1 10 12 1 1 10 12 1 100 1 8 1 10 10 12 1 10 12 8 1 10 12 1 8 1 10 8 1 8 1 10 100 12 1 1 10 100 12 1 1 1 100 1 8 1 10 9 12 1 9 12 1 1 10 12 1 1 10 10 12 1 1 9 12 1 10 12 1 1 100 1 10 12 11 100 12 1 1 1 9 100 12 1 1 1 9 12 1 1 10 12 1 1 100 1 10 12 1 11 100 12 1 1 1 100 1 10 12 1 10 12 1 1 11 12 1 10 12 1 100 1 10 12 1 10 12 1 1 10 7 12 1 1 1 8 1 9 12 1 10 12 1 1 11 100 12 1 1 1 10 100 12 1 1 1 11 12 1 10 12 1 7 1 1 1 1 1 3 1 3 1 3 1 1 1 1 1 1 1 1 1 1 1 1 1 1 1 1 1 1 1 100 1 1 1 1 1 1 1 1 1 1 1 1 100 1 100 1 1 1 1 1 1 1 1 1 1 1 1 1 1 1 1 1 1 1 1 1 1 1 1 1 1 1 1 1 1 1 1 1 1 1 1 1 1 1 1 1 1 1 100 100 1 1 1 1 1 1 1 1 1 100 1 1 1 1 1 1 1 1 1 1 1 1 1 1 1 1 1 1 1 1 1 1 1 1 1 1 1 1 100 1 1 1 1 1 1 100 1 1 100 1 1 1 1 1 1
staticfield java/lang/Thread EMPTY_STACK_TRACE [Ljava/lang/StackTraceElement; 0 [Ljava/lang/StackTraceElement;
ciMethod java/lang/System arraycopy (Ljava/lang/Object;ILjava/lang/Object;II)V 512 0 256 0 -1
ciInstanceKlass java/lang/Math 1 1 395 10 100 12 1 1 1 10 7 12 1 1 1 10 12 1 10 12 1 10 12 1 10 12 1 10 12 1 7 1 6 0 6 0 10 12 1 10 12 1 10 12 1 10 12 1 10 12 1 10 12 1 1 10 12 1 10 12 1 10 12 1 10 12 1 10 12 1 10 7 12 1 1 1 100 1 3 3 3 10 7 12 1 1 1 100 1 5 0 5 0 5 0 5 0 5 0 9 100 12 1 1 1 10 100 12 1 1 1 100 1 8 1 10 12 1 8 1 10 12 1 1 10 12 1 1 100 1 5 0 5 0 100 1 3 5 0 3 5 0 10 12 1 10 12 1 8 1 10 12 1 8 1 9 12 1 1 9 12 1 10 12 1 1 6 0 10 12 1 9 12 1 1 100 1 10 10 12 1 100 1 10 12 1 10 12 1 1 10 12 1 10 12 1 10 12 1 10 12 1 1 10 12 1 1 10 12 1 1 10 12 6 0 10 12 1 1 10 12 1 1 10 12 10 12 1 4 10 12 1 1 10 12 1 10 12 1 10 12 10 12 1 10 12 1 10 12 1 10 12 1 10 12 1 10 12 1 10 12 1 5 0 6 0 4 6 0 4 6 0 4 10 12 1 1 9 12 1 1 10 12 1 9 12 1 10 7 12 1 1 1 4 6 0 1 1 6 0 1 6 0 1 1 1 1 1 1 1 1 1 1 1 1 1 1 1 1 1 1 1 1 1 1 1 1 1 1 1 1 1 1 1 1 1 1 1 1 1 1 1 1 1 1 1 1 1 1 1 1 1 1 1 1 1 1 1 1 1 1 1 1 1 1 1 1 1 1 1 1 1 1 1 1 1 1 1 1 1 1 1 1 1 1 1 1 1 1 1 1 1 1 1 1 1 1
staticfield java/lang/Math negativeZeroFloatBits J -2147483648
staticfield java/lang/Math negativeZeroDoubleBits J -9223372036854775808
staticfield java/lang/Math $assertionsDisabled Z 1
ciInstanceKlass java/util/Arrays 1 1 988 10 7 12 1 1 1 10 100 12 1 1 1 10 7 12 1 1 1 10 12 1 10 12 1 10 12 1 10 12 1 10 12 1 10 12 1 10 100 12 1 1 1 100 1 100 1 10 8 1 10 12 1 1 10 12 1 8 1 8 1 10 12 1 1 10 12 1 100 1 10 12 1 9 100 12 1 1 1 10 7 12 1 1 100 1 10 12 1 1 10 7 12 1 1 10 7 12 1 1 1 100 1 10 12 1 10 12 1 1 7 1 9 7 12 1 1 1 10 12 1 1 10 100 12 1 1 10 12 1 10 12 1 1 10 12 1 10 12 1 1 100 1 11 12 1 1 10 12 1 10 7 12 1 1 1 10 12 10 12 1 10 12 1 10 12 10 12 1 11 100 12 1 1 1 10 7 12 1 1 1 100 1 10 12 1 10 100 1 10 12 1 10 100 1 10 12 1 10 100 1 10 12 1 10 10 12 1 1 10 12 1 10 12 1 10 12 1 10 12 1 10 12 1 10 100 12 1 1 1 10 12 1 10 100 12 1 1 1 10 12 1 10 12 1 10 7 12 1 1 1 10 12 1 10 12 1 10 12 1 10 12 1 10 12 1 10 12 1 10 12 1 10 12 1 10 12 1 10 12 1 10 12 1 10 12 1 10 12 1 10 12 1 10 12 1 10 12 1 1 10 12 1 1 10 7 12 1 1 1 10 12 1 8 1 7 1 10 12 10 12 1 10 12 1 1 10 12 1 1 9 100 12 1 1 1 100 1 10 12 1 9 100 1 100 1 10 12 1 9 100 1 100 1 10 12 1 9 100 1 100 1 10 12 1 9 100 1 100 1 10 12 1 9 100 1 100 1 10 12 1 9 100 1 10 12 1 100 1 10 12 1 10 12 1 9 12 1 100 1 10 10 12 1 1 10 12 1 10 12 1 10 12 1 10 12 1 10 12 1 10 12 1 10 12 1 10 12 1 10 12 1 8 1 8 1 10 12 1 10 12 1 8 1 10 12 1 10 12 1 10 12 1 10 100 12 1 1 1 3 10 100 1 10 10 12 1 1 11 100 12 1 1 10 12 1 1 10 12 1 10 12 1 10 12 1 10 12 1 10 12 1 10 12 1 10 12 1 10 12 1 11 12 1 8 1 10 11 12 1 11 100 12 1 1 1 11 100 12 1 1 1 11 12 1 1 18 12 1 1 11 12 1 1 11 100 12 1 1 1 18 12 1 11 100 12 1 1 1 18 12 1 11 100 12 1 1 1 18 12 1 100 1 10 100 12 1 1 1 10 12 1 10 12 1 10 12 1 10 12 1 10 12 1 10 12 1 10 12 1 10 12 1 1 10 12 1 10 100 12 1 1 10 12 1 10 12 1 10 12 1 1 10 12 1 10 12 1 10 12 1 1 10 12 1 10 12 1 10 12 1 1 10 12 1 10 12 1 10 12 1 10 12 1 10 12 10 12 1 10 12 10 12 10 12 1 10 12 10 12 1 10 12 1 10 12 1 1 1 1 3 1 3 1 1 1 1 1 1 1 1 1 1 1 1 1 1 1 1 1 1 1 1 1 1 1 1 1 1 1 1 1 1 1 1 1 1 1 1 1 1 1 1 1 1 1 1 1 1 1 1 1 1 1 1 1 1 1 1 1 1 1 1 1 1 1 1 1 1 1 1 1 1 1 1 1 1 1 1 1 1 1 1 1 1 1 1 1 1 1 1 1 1 1 1 1 1 1 1 1 1 1 1 1 1 1 1 1 1 1 1 1 1 1 1 1 1 1 1 1 1 1 1 1 1 1 1 1 1 1 1 1 1 1 1 1 1 1 1 1 1 1 1 1 1 1 1 1 1 1 1 1 1 1 1 1 1 1 1 1 1 1 1 1 1 1 1 1 1 1 1 1 1 1 1 1 1 1 1 1 1 1 1 1 1 1 1 1 1 1 1 1 1 1 1 1 1 1 1 1 1 1 1 1 1 1 1 1 1 1 1 1 1 1 1 1 1 1 1 1 1 1 1 1 1 1 1 1 1 1 1 1 1 1 1 1 1 1 1 1 1 1 1 1 1 1 1 1 1 1 1 1 1 1 1 1 1 1 1 1 1 1 1 1 100 1 1 15 10 100 12 1 1 1 16 15 10 12 15 10 12 15 10 12 15 10 12 1 1 100 1 100 1 1 1 1 100 1 1 1 1 1 1 100 1 1 100 1 1 100 1 1 1 100 1 100 1 1
staticfield java/util/Arrays $assertionsDisabled Z 1
instanceKlass java/lang/Exception
instanceKlass java/lang/Error
ciInstanceKlass java/lang/Throwable 1 1 393 10 7 12 1 1 1 9 7 12 1 1 1 9 12 1 1 9 12 1 9 12 1 1 9 12 1 10 12 1 1 9 12 1 1 10 12 1 1 10 12 1 100 1 100 1 10 8 1 10 12 1 1 8 1 10 100 12 1 1 10 10 12 1 100 1 8 1 10 10 12 1 1 10 7 12 1 1 10 12 1 8 1 9 100 12 1 1 1 10 12 1 1 100 1 10 12 10 12 1 100 1 10 10 7 12 1 1 1 11 100 12 1 1 1 10 100 12 1 1 1 10 12 1 1 10 12 1 1 8 1 10 12 1 10 12 1 1 8 1 8 1 10 12 1 1 10 12 1 8 1 8 1 9 12 1 1 10 100 12 1 1 100 1 10 11 12 1 8 1 8 1 10 7 12 1 1 8 1 10 12 1 8 1 100 1 10 12 1 9 12 1 1 10 12 1 10 100 12 1 9 12 1 1 10 12 1 1 100 1 8 1 10 12 1 10 100 12 1 1 10 12 1 1 100 1 10 100 12 1 1 1 10 12 1 11 100 12 1 1 1 11 100 12 1 1 1 11 12 1 8 1 10 12 1 1 8 1 10 10 9 100 12 1 1 1 8 1 10 12 1 1 10 100 1 8 1 10 11 12 1 1 8 1 9 12 1 10 100 12 1 1 11 9 12 1 1 11 12 1 1 100 10 12 1 10 12 1 1 100 1 1 1 1 5 0 1 1 1 1 1 1 1 1 1 1 1 1 1 100 1 1 1 1 1 1 1 1 1 1 1 1 1 1 1 1 1 1 1 1 1 1 1 1 1 1 1 1 1 1 1 1 1 1 1 1 1 1 1 1 1 1 100 1 100 1 1 1 1 1 1 1 1 1 1 1 1 1 1 1 1 1 1
staticfield java/lang/Throwable UNASSIGNED_STACK [Ljava/lang/StackTraceElement; 0 [Ljava/lang/StackTraceElement;
staticfield java/lang/Throwable SUPPRESSED_SENTINEL Ljava/util/List; java/util/Collections$EmptyList
staticfield java/lang/Throwable EMPTY_THROWABLE_ARRAY [Ljava/lang/Throwable; 0 [Ljava/lang/Throwable;
staticfield java/lang/Throwable $assertionsDisabled Z 1
instanceKlass javafx/css/CssParser$ParseException
instanceKlass javafx/scene/transform/NonInvertibleTransformException
instanceKlass java/lang/CloneNotSupportedException
instanceKlass java/security/PrivilegedActionException
instanceKlass java/net/URISyntaxException
instanceKlass com/sun/javafx/geom/transform/NoninvertibleTransformException
instanceKlass java/util/concurrent/ExecutionException
instanceKlass java/security/GeneralSecurityException
instanceKlass java/lang/InterruptedException
instanceKlass java/io/IOException
instanceKlass sun/nio/fs/WindowsException
instanceKlass java/lang/ReflectiveOperationException
instanceKlass java/lang/RuntimeException
ciInstanceKlass java/lang/Exception 1 1 40 10 7 12 1 1 1 10 12 1 10 12 1 10 12 1 10 12 1 100 1 1 1 1 5 0 1 1 1 1 1 1 1 1 1 1 1 1 1 1
instanceKlass java/lang/reflect/InvocationTargetException
instanceKlass java/lang/IllegalAccessException
instanceKlass java/lang/NoSuchFieldException
instanceKlass java/lang/NoSuchMethodException
instanceKlass java/lang/ClassNotFoundException
ciInstanceKlass java/lang/ReflectiveOperationException 1 1 34 10 7 12 1 1 1 10 12 1 10 12 1 10 12 1 100 1 1 1 1 5 0 1 1 1 1 1 1 1 1 1 1 1
ciMethod java/lang/Throwable printStackTrace ()V 0 0 1 0 -1
ciMethod java/lang/Throwable printStackTrace (Ljava/io/PrintStream;)V 0 0 1 0 -1
instanceKlass com/sun/javafx/geom/IllegalPathStateException
instanceKlass java/util/ConcurrentModificationException
instanceKlass java/util/NoSuchElementException
instanceKlass java/lang/IndexOutOfBoundsException
instanceKlass com/sun/javafx/geom/transform/SingularMatrixException
instanceKlass java/lang/UnsupportedOperationException
instanceKlass java/lang/SecurityException
instanceKlass java/lang/IllegalStateException
instanceKlass java/lang/IllegalArgumentException
instanceKlass java/lang/ArithmeticException
instanceKlass java/lang/NullPointerException
instanceKlass java/lang/IllegalMonitorStateException
instanceKlass java/lang/ArrayStoreException
instanceKlass java/lang/ClassCastException
ciInstanceKlass java/lang/RuntimeException 1 1 40 10 7 12 1 1 1 10 12 1 10 12 1 10 12 1 10 12 1 100 1 1 1 1 5 0 1 1 1 1 1 1 1 1 1 1 1 1 1 1
instanceKlass java/nio/charset/UnsupportedCharsetException
instanceKlass java/nio/charset/IllegalCharsetNameException
instanceKlass java/lang/NumberFormatException
ciInstanceKlass java/lang/IllegalArgumentException 1 1 35 10 7 12 1 1 1 10 12 1 10 12 1 10 12 1 100 1 1 1 1 5 0 1 1 1 1 1 1 1 1 1 1 1 1
instanceKlass java/lang/AssertionError
instanceKlass java/lang/VirtualMachineError
instanceKlass java/lang/LinkageError
instanceKlass java/lang/ThreadDeath
ciInstanceKlass java/lang/Error 1 1 40 10 7 12 1 1 1 10 12 1 10 12 1 10 12 1 10 12 1 100 1 1 1 1 5 0 1 1 1 1 1 1 1 1 1 1 1 1 1 1
instanceKlass java/lang/StackOverflowError
instanceKlass java/lang/OutOfMemoryError
instanceKlass java/lang/InternalError
ciInstanceKlass java/lang/VirtualMachineError 1 1 34 10 100 12 1 1 1 10 12 1 10 12 1 10 12 1 100 1 1 1 1 5 0 1 1 1 1 1 1 1 1 1 1 1
ciInstanceKlass java/lang/StackOverflowError 1 1 26 10 100 12 1 1 1 10 12 1 100 1 1 1 1 5 0 1 1 1 1 1 1 1 1 1
instanceKlass java/lang/UnsatisfiedLinkError
instanceKlass java/lang/IncompatibleClassChangeError
instanceKlass java/lang/BootstrapMethodError
instanceKlass java/lang/NoClassDefFoundError
ciInstanceKlass java/lang/LinkageError 1 1 31 10 7 12 1 1 1 10 12 1 10 12 1 100 1 1 1 1 5 0 1 1 1 1 1 1 1 1 1 1 1
ciInstanceKlass java/lang/ArrayStoreException 1 1 26 10 100 12 1 1 1 10 12 1 100 1 1 1 1 5 0 1 1 1 1 1 1 1 1 1
ciInstanceKlass java/lang/ThreadDeath 0 0 21 10 100 12 1 1 1 100 1 1 1 1 5 0 1 1 1 1 1 1 1
ciInstanceKlass java/util/Collections 1 1 851 10 7 12 1 1 1 11 7 12 1 1 1 7 1 11 12 1 1 7 1 10 12 1 1 10 12 1 11 12 1 1 100 1 11 12 1 1 11 12 1 1 10 12 1 11 100 12 1 1 11 12 1 1 11 12 1 10 12 1 10 12 1 10 12 11 100 12 1 1 1 10 12 1 1 11 12 1 11 12 1 1 9 12 1 1 100 1 10 10 12 1 1 10 12 1 1 11 12 1 1 10 12 1 11 12 1 100 1 8 1 10 12 1 11 7 12 1 1 1 11 100 1 11 12 1 1 10 12 1 1 10 12 1 10 12 1 1 10 12 1 11 12 1 1 10 12 1 1 10 12 1 1 10 12 1 1 10 12 1 1 100 1 10 12 1 7 1 10 12 1 100 1 10 12 1 100 1 10 12 1 7 1 7 1 10 12 10 7 1 10 12 1 100 1 10 12 1 100 1 10 12 1 100 1 10 10 12 1 7 1 10 10 12 1 100 1 10 100 1 10 100 1 10 100 1 10 10 12 1 10 7 1 10 100 1 10 100 1 10 100 1 10 12 1 10 100 12 1 1 1 100 1 100 1 10 12 1 100 1 10 12 1 100 1 10 12 1 100 1 10 12 1 100 1 10 12 1 100 1 10 100 1 10 12 1 100 1 10 12 1 100 1 10 12 1 9 7 12 1 1 1 9 100 12 1 1 9 7 12 1 1 1 9 12 1 1 9 12 1 1 9 12 1 1 9 12 1 1 9 12 1 1 7 1 10 12 7 1 10 100 1 10 7 1 10 100 1 10 12 1 100 1 100 1 10 8 1 10 12 1 1 10 12 1 10 12 1 1 10 100 1 10 12 1 9 100 12 1 1 1 9 100 12 1 1 1 100 1 9 12 1 1 10 12 7 1 10 100 1 10 11 100 12 1 1 11 12 1 10 12 1 100 1 11 11 12 1 11 7 1 10 100 1 10 100 12 1 1 1 100 1 10 12 1 7 1 10 7 1 10 7 1 10 1 1 1 3 1 3 1 3 1 3 1 3 1 3 1 3 1 3 1 1 1 1 1 1 1 1 1 1 1 1 1 1 1 1 1 1 1 1 1 1 1 1 1 1 1 1 1 1 1 1 1 1 1 1 1 1 1 1 1 1 1 1 1 1 1 1 1 1 1 1 1 1 1 1 1 1 1 1 1 1 1 1 1 1 1 1 1 1 1 1 1 1 1 1 1 1 1 1 1 1 1 1 1 1 1 1 1 1 1 1 1 1 1 1 1 1 1 1 1 1 1 1 1 1 1 1 1 1 1 1 1 1 1 1 1 1 1 1 1 1 1 1 1 1 1 1 1 1 1 1 1 1 1 1 1 1 1 1 1 1 1 1 1 1 1 1 1 1 1 1 1 1 1 1 1 1 1 1 1 1 1 1 1 1 1 1 1 1 1 1 1 1 1 1 1 1 1 1 1 1 1 1 1 1 1 1 1 1 1 1 1 1 1 1 1 1 1 1 1 1 1 1 1 1 1 1 1 1 1 1 1 1 1 1 1 1 1 1 1 1 1 1 1 1 1 1 1 1 1 1 1 1 1 1 1 1 1 1 1 1 1 1 1 1 1 1 1 1 1 1 1 1 1 1 1 1 1 1 1 1 1 1 1 1 1 1 1 1 1 1 1 1 1 1 1 1 1 1 1 1 1 1 1 1 1 1 1 1 1 1 1 1 1 1 1 1 1 1 1 1 1 1 1 1 1 1 1 1 100 1 100 1 100 1 100 1 100 1 100 1 100 1 100 1 100 1 100 1 100 1 100 1 100 1 1 1 1 1 1 1 1 1 1 1 1 1 1 1 1 1 1 1 1 1 1 1 1 1 1 1 1 1 1 1 1 1 1 1 1 1 1 1 100 1 1 1 1 1 1 1 1 1 1 1 1 1 1
staticfield java/util/Collections EMPTY_SET Ljava/util/Set; java/util/Collections$EmptySet
staticfield java/util/Collections EMPTY_LIST Ljava/util/List; java/util/Collections$EmptyList
staticfield java/util/Collections EMPTY_MAP Ljava/util/Map; java/util/Collections$EmptyMap
ciInstanceKlass java/lang/StackTraceElement 0 0 224 10 100 12 1 1 1 10 100 12 1 1 9 12 1 1 9 12 1 1 9 12 1 9 12 1 8 1 10 100 12 1 1 1 100 1 9 12 1 8 1 9 12 1 9 12 1 9 12 1 1 8 1 10 12 1 1 10 12 1 100 1 10 10 12 1 1 8 1 10 12 1 1 10 12 1 8 1 8 1 8 1 10 12 1 8 1 8 1 10 12 1 8 1 8 1 10 12 1 1 10 12 1 10 12 1 1 10 12 1 9 12 1 1 10 100 12 1 1 1 10 12 1 1 100 1 10 12 1 1 10 100 12 1 1 10 100 12 1 1 1 10 100 12 1 1 10 100 12 1 1 10 10 12 1 1 10 12 1 10 12 1 1 100 1 1 1 1 1 3 1 3 1 1 5 0 1 1 1 1 1 1 1 1 1 1 1 1 1 1 1 1 1 1 1 1 1 1 1 1 1 1 100 1 100 1 1 1 1 1 1 1 1 1 1 100 1 1 1 1 1 1 1 1
instanceKlass java/util/EnumMap$Values
instanceKlass java/util/IdentityHashMap$Values
instanceKlass java/util/WeakHashMap$Values
instanceKlass java/util/AbstractQueue
instanceKlass java/util/HashMap$Values
instanceKlass java/util/ArrayDeque
instanceKlass java/util/AbstractSet
instanceKlass java/util/ImmutableCollections$AbstractImmutableCollection
instanceKlass java/util/AbstractList
ciInstanceKlass java/util/AbstractCollection 1 1 160 10 7 12 1 1 1 10 7 12 1 1 1 10 12 1 1 11 7 12 1 1 1 11 12 1 1 10 12 1 1 10 100 12 1 1 1 10 12 1 1 10 12 1 1 10 7 12 1 1 10 7 12 1 1 1 7 1 10 100 12 1 1 1 10 100 12 1 1 1 100 1 10 11 12 1 11 7 1 10 12 1 10 12 1 10 100 12 1 1 1 11 8 1 100 1 10 10 12 1 1 8 1 10 12 1 10 12 1 1 1 1 1 1 1 1 1 1 1 1 1 1 1 1 1 1 1 1 1 1 1 1 1 1 1 1 1 1 1 1 1 1 1 1 1 1 1 1 1 1 1 1 1 1 1 1 1 1 1 1
ciMethod java/lang/Throwable printStackTrace (Ljava/lang/Throwable$PrintStreamOrWriter;)V 0 0 1 0 -1
ciInstanceKlass java/lang/Boolean 1 1 151 10 7 12 1 1 1 9 7 12 1 1 1 10 12 1 1 10 12 1 8 1 10 7 12 1 1 9 12 1 1 9 12 1 8 1 10 12 1 1 10 12 1 1 10 7 12 1 1 1 100 1 100 1 10 12 1 1 9 100 12 1 1 9 12 10 100 12 1 1 1 10 12 1 1 8 1 10 7 12 1 1 1 9 12 1 1 100 1 100 1 100 1 1 1 1 1 1 5 0 1 1 1 1 1 1 1 1 1 1 3 1 1 1 1 1 1 1 1 1 1 1 1 1 1 1 1 1 1 1 1 100 1 1 1 1 1 1 1 1 1 1 100 1 1 1 1 1 1 1 1
staticfield java/lang/Boolean TRUE Ljava/lang/Boolean; java/lang/Boolean
staticfield java/lang/Boolean FALSE Ljava/lang/Boolean; java/lang/Boolean
staticfield java/lang/Boolean TYPE Ljava/lang/Class; java/lang/Class
instanceKlass java/util/concurrent/locks/AbstractQueuedSynchronizer
ciInstanceKlass java/util/concurrent/locks/AbstractOwnableSynchronizer 1 1 32 10 7 12 1 1 1 9 7 12 1 1 1 100 1 1 1 1 5 0 1 1 1 1 1 1 1 1 1 1 1 1
instanceKlass java/lang/LiveStackFrameInfo
ciInstanceKlass java/lang/StackFrameInfo 0 0 132 10 100 12 1 1 1 9 100 12 1 1 1 9 100 1 9 12 1 1 11 100 12 1 1 1 9 12 1 1 11 12 1 1 10 12 1 1 10 100 12 1 1 1 10 12 1 11 12 1 11 12 1 1 11 12 1 10 12 1 1 9 12 1 1 10 12 1 1 10 100 12 1 1 10 12 1 1 11 12 1 1 10 12 1 9 12 1 1 10 12 1 1 100 1 8 1 10 12 1 10 100 12 1 1 1 100 1 1 1 1 1 1 1 1 1 1 1 1 1 1 1 1 1 1 100 1 1 1 1 1 1
ciInstanceKlass java/lang/LiveStackFrameInfo 0 0 97 10 100 12 1 1 1 9 100 12 1 1 1 9 12 1 9 12 1 9 12 1 9 12 1 1 100 1 10 12 1 1 10 12 1 8 1 10 12 1 1 8 1 8 1 8 1 10 100 1 10 12 1 100 1 10 12 1 100 1 100 1 1 1 3 1 3 1 1 1 1 1 1 1 1 1 1 1 1 1 1 1 1 1 1 1 1 1 1 1 1 1 1 1 100 1 1
ciMethod java/lang/Boolean booleanValue ()Z 232 0 116 0 -1
ciInstanceKlass java/lang/Character 1 1 576 7 1 100 1 100 1 9 12 1 1 8 1 9 12 1 1 100 1 9 12 1 1 10 100 12 1 1 1 10 100 12 1 1 1 10 100 12 1 1 1 10 100 12 1 1 1 9 100 12 1 1 1 10 12 1 10 12 1 1 10 12 1 1 10 7 12 1 1 10 12 1 1 3 3 3 3 3 10 12 1 1 10 12 1 3 11 7 12 1 1 1 11 12 1 1 10 12 1 1 10 12 1 1 100 1 10 10 12 1 3 10 12 1 1 10 12 1 10 12 1 1 100 1 8 1 10 12 1 1 10 12 1 10 12 1 10 12 1 10 12 1 10 12 1 1 10 12 1 10 7 12 1 1 10 10 12 1 10 10 12 1 10 12 1 1 10 12 1 10 10 12 1 10 12 1 10 12 1 10 12 1 10 12 1 10 12 1 10 12 1 10 12 10 10 12 10 10 12 1 10 10 12 1 10 10 12 1 10 10 12 1 10 10 12 1 10 10 12 1 10 10 12 1 1 10 10 12 1 10 5 0 10 12 1 10 12 1 10 10 12 1 10 10 12 1 1 10 10 12 1 10 10 12 1 9 12 1 1 100 1 10 10 12 1 10 12 1 1 3 10 100 12 1 1 1 10 12 1 10 100 12 1 1 100 1 10 10 12 1 1 10 12 1 1 10 12 1 1 8 1 10 12 1 9 100 12 1 1 1 10 12 1 10 10 12 1 10 12 1 1 10 12 1 10 10 12 1 1 10 10 12 1 1 100 1 8 1 10 12 1 1 10 7 12 1 1 1 8 1 10 12 1 1 9 12 1 1 100 1 100 1 100 1 1 1 1 3 1 3 1 3 1 3 1 1 1 1 1 3 1 1 3 1 3 1 3 1 3 1 3 1 3 1 3 1 3 1 3 1 3 1 3 1 3 1 3 1 3 1 3 1 3 1 3 1 3 1 3 1 3 1 3 1 3 1 3 1 3 1 3 1 3 1 3 1 3 1 1 1 1 1 1 1 1 1 1 1 1 1 1 1 1 1 1 1 3 1 1 1 1 1 1 1 3 1 1 3 1 1 1 1 1 3 1 1 5 0 1 1 1 1 1 1 1 1 1 1 1 1 1 1 1 1 1 1 1 1 1 1 1 1 1 1 1 1 1 1 1 1 1 1 1 1 1 1 1 1 1 1 1 1 1 1 1 1 1 1 1 1 1 1 1 1 1 1 1 1 1 1 1 1 1 1 1 1 1 1 1 1 1 1 1 1 1 1 1 1 1 1 1 1 1 1 1 1 1 100 1 100 1 1 1 1 1 1
staticfield java/lang/Character TYPE Ljava/lang/Class; java/lang/Class
staticfield java/lang/Character $assertionsDisabled Z 1
ciInstanceKlass java/lang/Float 1 1 223 7 1 100 1 10 7 12 1 1 1 10 100 12 1 1 1 4 100 1 10 12 1 1 10 12 1 1 8 1 8 1 10 100 12 1 1 1 10 12 1 1 10 12 1 1 10 4 4 4 10 7 12 1 1 9 12 1 1 10 12 1 1 10 12 1 10 12 1 10 12 1 1 10 12 1 10 12 1 3 10 12 1 1 10 12 1 1 10 12 1 10 100 12 1 1 1 10 12 1 1 10 12 1 1 8 1 10 7 12 1 1 1 9 12 1 1 100 1 100 1 100 1 1 1 1 1 4 1 1 1 4 1 1 3 1 3 1 3 1 3 1 1 1 1 5 0 1 1 1 1 1 1 1 1 1 1 100 1 1 1 1 1 1 1 1 1 1 1 1 1 3 1 1 1 1 1 1 1 1 1 1 1 1 1 1 1 1 1 1 1 1 1 1 1 1 1 1 1 1 1 1 1 1 1 1 1 1 1 1 100 1 1 1 1 1 1 1 100 1 100 1 1
staticfield java/lang/Float TYPE Ljava/lang/Class; java/lang/Class
instanceKlass java/util/concurrent/atomic/AtomicLong
instanceKlass java/util/concurrent/atomic/AtomicInteger
instanceKlass java/lang/Long
instanceKlass java/lang/Integer
instanceKlass java/lang/Short
instanceKlass java/lang/Byte
instanceKlass java/lang/Double
instanceKlass java/lang/Float
ciInstanceKlass java/lang/Number 1 1 37 10 7 12 1 1 1 10 100 12 1 1 1 100 1 1 1 1 5 0 1 1 1 1 1 1 1 1 1 1 1 1 1 1 1 1 1
ciMethod java/lang/Float floatToIntBits (F)I 520 0 25709 0 -1
ciInstanceKlass java/lang/Double 1 1 285 7 1 100 1 10 7 12 1 1 1 10 12 1 1 10 12 1 100 1 10 12 1 1 10 100 12 1 1 1 6 0 8 1 10 12 1 1 8 1 10 12 1 1 8 1 6 0 10 12 1 1 100 1 5 0 5 0 8 1 8 1 10 100 12 1 1 1 10 100 12 1 1 1 8 1 10 12 1 1 8 1 8 1 8 1 10 12 1 1 10 12 1 10 12 1 1 10 12 1 10 12 1 10 12 1 1 10 12 1 10 6 0 6 0 6 0 10 7 12 1 1 9 12 1 1 10 12 1 10 12 1 10 12 1 10 12 1 5 0 10 12 1 1 10 12 1 10 12 1 10 100 12 1 1 1 10 12 1 1 10 12 1 1 8 1 10 7 12 1 1 1 9 12 1 1 100 1 100 1 100 1 1 1 1 1 6 0 1 1 1 6 0 1 1 3 1 3 1 3 1 3 1 1 1 1 5 0 1 1 1 1 1 1 1 1 1 1 1 1 1 1 1 1 100 1 1 1 1 1 1 1 1 1 1 1 1 3 1 1 1 1 1 1 1 1 1 1 1 1 1 1 1 1 1 1 1 1 1 1 1 1 1 1 1 1 1 1 1 1 1 1 100 1 1 1 1 1 1 1 100 1 100 1 1
staticfield java/lang/Double TYPE Ljava/lang/Class; java/lang/Class
ciInstanceKlass java/lang/Byte 1 1 215 7 1 100 1 10 100 12 1 1 1 9 12 1 1 8 1 9 12 1 1 100 1 10 12 1 1 10 12 1 1 10 100 12 1 1 1 10 100 12 1 1 1 9 100 12 1 1 1 10 12 1 1 100 1 100 1 10 12 1 1 8 1 10 12 1 1 8 1 10 12 1 10 12 1 10 12 1 10 12 1 1 10 12 1 10 12 1 10 12 1 1 10 8 1 8 1 10 7 1 9 12 1 1 10 12 1 10 12 1 1 10 12 1 1 10 12 1 1 10 12 1 5 0 10 12 1 1 8 1 10 7 12 1 1 1 9 12 1 1 100 1 100 1 1 1 3 1 3 1 1 1 1 3 1 3 1 1 5 0 1 1 1 1 1 1 1 1 1 1 1 1 1 1 1 1 1 1 1 1 1 1 1 1 1 1 1 1 1 1 1 1 1 1 1 1 1 1 1 1 1 1 1 1 1 1 1 1 1 1 1 1 1 1 1
staticfield java/lang/Byte TYPE Ljava/lang/Class; java/lang/Class
ciInstanceKlass java/lang/Short 1 1 224 7 1 100 1 100 1 10 100 12 1 1 1 10 12 1 1 100 1 100 1 10 12 1 1 8 1 10 12 1 1 8 1 10 12 1 10 12 1 10 12 1 10 12 1 1 10 12 1 1 10 12 1 9 12 1 1 8 1 9 12 1 1 100 1 10 12 1 1 10 12 1 10 100 12 1 1 1 10 100 12 1 1 1 9 100 12 1 1 1 10 12 1 10 12 1 1 10 8 1 8 1 10 100 1 9 12 1 1 10 12 1 10 12 1 1 10 12 1 1 10 12 1 1 10 12 1 3 3 5 0 10 12 1 1 8 1 10 7 12 1 1 1 9 12 1 1 100 1 100 1 1 1 3 1 3 1 1 1 1 3 1 3 1 1 5 0 1 1 1 1 1 1 1 1 1 1 1 1 1 1 1 1 1 1 1 1 1 1 1 1 1 1 1 3 1 1 1 1 1 1 1 1 1 1 1 1 1 1 1 1 1 1 1 1 1 1 1 1 1 1 1 1 1
staticfield java/lang/Short TYPE Ljava/lang/Class; java/lang/Class
ciInstanceKlass java/lang/Integer 1 1 445 7 1 100 1 7 1 7 1 10 12 1 1 9 12 1 1 9 12 1 1 10 100 12 1 1 1 10 12 1 1 10 100 12 1 1 1 10 10 12 1 1 10 100 12 1 1 1 10 12 1 10 12 1 1 10 100 12 1 1 1 10 12 1 1 10 12 1 1 10 12 1 10 12 1 10 12 1 1 10 10 12 1 9 12 1 1 9 12 1 7 1 8 1 10 12 1 100 1 10 12 1 8 1 10 12 1 1 10 12 1 8 1 10 12 1 8 1 10 12 1 1 3 10 12 1 1 3 10 12 1 1 10 12 1 1 10 7 12 1 1 1 11 7 1 100 1 10 11 10 12 1 1 8 1 10 12 1 1 8 1 100 1 10 12 1 1 10 12 1 1 5 0 8 1 10 12 1 10 12 1 10 12 1 10 12 1 1 7 1 9 12 1 1 9 12 1 1 10 12 1 10 7 1 9 12 1 10 12 1 10 12 1 10 12 1 1 10 7 12 1 1 1 100 1 100 1 10 12 1 1 10 12 1 1 8 1 8 1 10 12 1 1 8 1 8 1 8 1 8 1 8 1 8 1 10 12 1 10 12 1 10 12 1 5 0 3 3 3 3 10 12 1 3 10 12 1 10 100 12 1 1 1 10 12 1 1 10 12 1 1 8 1 10 7 12 1 1 1 9 12 1 1 3 3 3 3 3 3 9 12 1 1 100 1 100 1 100 1 1 1 1 1 1 1 3 1 3 1 1 5 0 1 1 1 1 1 1 1 1 1 100 1 1 1 1 1 1 1 1 1 1 1 1 1 1 1 1 1 1 1 1 1 1 1 1 1 1 1 1 1 1 1 1 1 1 1 1 1 1 1 3 1 1 1 1 1 1 1 1 1 1 1 1 1 1 1 1 100 1 1 1 1 1 1 1 1 1 1 1 1 1 1 1 1 1 1 1 1 1 1 1 1 1 1 1 1 1 1 1 100 1 1 1 1 1 1 1 1 1 100 1 100 1 1
staticfield java/lang/Integer TYPE Ljava/lang/Class; java/lang/Class
staticfield java/lang/Integer digits [C 36
staticfield java/lang/Integer DigitTens [B 100
staticfield java/lang/Integer DigitOnes [B 100
staticfield java/lang/Integer sizeTable [I 10
ciInstanceKlass java/lang/Long 1 1 506 7 1 100 1 100 1 100 1 10 12 1 1 9 12 1 1 9 7 12 1 1 1 10 100 12 1 1 1 10 12 1 1 10 100 12 1 1 1 10 10 12 10 12 1 10 12 1 10 12 1 5 0 5 0 100 1 10 12 1 1 10 12 1 1 10 12 1 10 12 1 10 12 1 10 12 1 1 10 100 12 1 1 10 12 1 10 12 1 1 10 12 1 1 10 12 1 1 10 12 1 1 10 100 12 1 1 1 10 12 1 1 10 12 1 10 12 1 10 12 1 10 12 1 1 10 10 12 1 5 0 5 0 9 12 1 1 9 12 1 5 0 100 1 8 1 10 12 1 8 1 10 12 1 8 1 8 1 10 12 1 1 5 0 10 12 1 1 5 0 10 12 1 1 10 12 1 1 10 100 12 1 1 1 11 100 1 100 1 10 11 10 12 1 1 8 1 10 12 1 1 8 1 100 1 10 12 1 1 10 12 1 8 1 8 1 11 12 1 1 10 12 1 10 12 1 10 12 1 5 0 5 0 9 7 12 1 1 1 10 12 1 10 12 1 1 8 1 8 1 10 12 1 1 8 1 8 1 8 1 8 1 8 1 8 1 10 12 1 10 12 1 10 12 1 1 10 7 1 9 12 1 1 10 12 1 10 12 1 1 10 100 12 1 1 1 100 1 100 1 10 12 1 1 10 12 1 1 5 0 10 12 1 10 12 1 5 0 5 0 5 0 10 12 1 1 5 0 5 0 10 12 1 10 12 1 10 100 12 1 1 1 10 12 1 1 10 12 1 1 8 1 10 7 12 1 1 1 9 12 1 1 100 1 100 1 100 1 1 1 1 5 0 1 1 1 1 3 1 3 1 5 0 1 1 1 1 1 1 1 1 1 100 1 1 1 1 1 1 1 1 1 1 1 1 1 1 1 1 1 1 1 1 1 1 1 1 1 1 1 1 1 1 1 1 1 1 1 1 1 1 1 1 1 1 1 1 1 1 1 1 1 1 1 1 1 1 3 1 1 1 1 1 1 1 1 1 1 1 1 1 1 1 100 1 1 1 1 1 1 1 1 1 1 1 1 1 1 1 1 1 1 1 1 1 1 1 1 1 1 1 100 1 1 1 1 1 1 1 1 1 100 1 100 1 1
staticfield java/lang/Long TYPE Ljava/lang/Class; java/lang/Class
ciInstanceKlass java/util/WeakHashMap$Entry 1 1 112 10 7 12 1 1 1 9 7 12 1 1 1 9 12 1 1 9 12 1 1 10 12 1 1 10 7 12 1 1 1 100 1 10 12 1 11 10 100 12 1 1 1 10 12 1 11 10 100 12 1 1 1 100 1 10 12 1 10 12 1 1 8 1 10 12 1 10 12 1 1 1 1 1 1 1 1 1 1 1 1 1 1 1 1 1 1 1 1 1 1 1 1 1 1 1 1 1 1 1 1 1 1 1 1 1 1 1 1 1 100 1
instanceKlass java/lang/ref/PhantomReference
instanceKlass java/lang/ref/FinalReference
instanceKlass java/lang/ref/WeakReference
instanceKlass java/lang/ref/SoftReference
ciInstanceKlass java/lang/ref/Reference 1 1 195 9 7 12 1 1 1 9 7 12 1 1 10 12 1 1 10 12 1 1 9 12 1 1 10 12 1 1 9 12 1 1 9 12 1 1 7 1 10 12 1 10 7 12 1 1 10 12 1 10 12 1 1 10 12 1 9 12 1 10 12 1 1 10 12 1 10 12 1 9 12 1 100 1 100 1 10 12 1 9 12 1 9 12 1 100 1 10 10 12 1 10 10 7 12 1 1 10 7 12 1 1 1 10 12 1 1 10 7 12 1 1 7 1 8 1 10 12 1 10 12 1 1 10 12 1 1 10 12 1 7 1 10 10 7 12 1 1 1 1 1 1 1 1 1 1 1 1 1 1 1 1 1 1 1 100 1 1 1 100 1 1 1 1 1 1 1 1 1 1 1 1 1 1 1 1 1 1 1 1 1 1 1 1 1 1 1 1 1 1 1 1 1 1 1
staticfield java/lang/ref/Reference processPendingLock Ljava/lang/Object; java/lang/Object
staticfield java/lang/ref/Reference $assertionsDisabled Z 1
instanceKlass java/util/ResourceBundle$BundleReference
instanceKlass sun/util/locale/LocaleObjectCache$CacheEntry
instanceKlass java/lang/invoke/LambdaFormEditor$Transform
ciInstanceKlass java/lang/ref/SoftReference 1 1 47 10 7 12 1 1 1 9 7 12 1 1 1 9 12 1 10 12 1 10 12 1 1 1 1 1 1 1 1 1 1 1 1 1 1 1 1 1 1 1 1 100 1 1 1 1 1
ciMethod java/lang/ref/SoftReference get ()Ljava/lang/Object; 460 0 5389 0 192
ciMethod java/lang/ref/Reference refersToImpl (Ljava/lang/Object;)Z 512 0 9475 0 96
ciInstanceKlass java/security/PrivilegedAction 1 0 14 100 1 100 1 1 1 1 1 1 1 1 1 1
instanceKlass com/sun/util/reentrant/ReentrantContextProvider$HardReference
instanceKlass com/sun/javafx/util/WeakReferenceQueue$ListEntry
instanceKlass java/util/logging/LogManager$LoggerWeakRef
instanceKlass java/util/logging/Level$KnownLevel
instanceKlass java/util/ResourceBundle$KeyElementReference
instanceKlass java/lang/ClassValue$Entry
instanceKlass java/lang/ThreadLocal$ThreadLocalMap$Entry
instanceKlass java/lang/invoke/MethodType$ConcurrentWeakInternSet$WeakEntry
instanceKlass java/util/WeakHashMap$Entry
ciInstanceKlass java/lang/ref/WeakReference 1 1 31 10 7 12 1 1 1 10 12 1 100 1 1 1 1 1 1 1 1 1 1 1 1 1 1 1 1 1 1 1 1
ciInstanceKlass java/lang/ThreadLocal$ThreadLocalMap$Entry 1 1 37 10 7 12 1 1 1 9 7 12 1 1 1 1 1 1 1 1 1 1 1 1 1 1 1 1 1 1 1 1 100 1 1 100 1 1 1
ciMethod java/lang/ref/Reference get ()Ljava/lang/Object; 0 0 1 0 -1
instanceKlass java/lang/ref/Finalizer
ciInstanceKlass java/lang/ref/FinalReference 1 1 47 10 100 12 1 1 1 10 100 12 1 1 1 10 12 1 1 100 1 8 1 10 12 1 1 1 1 1 1 1 1 1 1 1 1 1 1 1 1 1 1 1 1 1 1 1 1
ciInstanceKlass java/lang/ref/Finalizer 1 1 152 9 7 12 1 1 1 10 100 12 1 1 1 9 12 1 1 9 12 1 1 9 12 1 9 12 1 10 12 1 10 12 1 1 9 12 1 1 100 1 10 12 1 100 1 11 100 12 1 1 100 1 10 12 1 100 1 10 12 1 10 100 12 1 1 1 10 100 12 1 1 1 100 1 10 10 12 1 10 7 12 1 1 1 7 1 10 7 1 10 10 7 12 1 1 1 10 12 1 1 10 7 12 1 1 7 1 10 12 1 10 12 1 1 10 12 1 1 10 12 1 1 1 1 1 1 1 1 1 1 1 1 1 1 1 1 1 1 1 1 1 1 1 1 1 1 1 1 1 1 1 1
staticfield java/lang/ref/Finalizer lock Ljava/lang/Object; java/lang/Object
staticfield java/lang/ref/Finalizer $assertionsDisabled Z 1
instanceKlass jdk/internal/ref/PhantomCleanable
instanceKlass jdk/internal/ref/Cleaner
ciInstanceKlass java/lang/ref/PhantomReference 1 1 39 10 100 12 1 1 1 10 7 12 1 1 1 1 1 1 1 1 1 1 1 1 1 1 1 1 1 1 1 1 1 1 1 1 1 1 1 1 1
instanceKlass java/lang/ref/ReferenceQueue$Null
ciInstanceKlass java/lang/ref/ReferenceQueue 1 1 140 10 7 12 1 1 1 7 1 10 9 7 12 1 1 1 9 12 1 1 9 7 12 1 1 1 9 12 1 9 12 1 9 12 1 1 100 1 10 9 12 1 1 9 12 1 7 1 10 100 12 1 1 1 10 12 1 10 12 1 1 100 1 8 1 10 12 1 10 7 12 1 1 1 10 12 1 1 5 0 10 12 1 1 11 100 12 1 1 1 10 7 12 1 1 1 7 1 10 1 1 1 1 1 1 1 1 1 1 1 1 1 1 100 1 1 1 1 1 1 1 1 1 100 1 1 1 1 1 1 1 1 1 1 1 1 1 1 1 1
staticfield java/lang/ref/ReferenceQueue NULL Ljava/lang/ref/ReferenceQueue; java/lang/ref/ReferenceQueue$Null
staticfield java/lang/ref/ReferenceQueue ENQUEUED Ljava/lang/ref/ReferenceQueue; java/lang/ref/ReferenceQueue$Null
staticfield java/lang/ref/ReferenceQueue $assertionsDisabled Z 1
instanceKlass java/lang/reflect/Executable
instanceKlass java/lang/reflect/Field
ciInstanceKlass java/lang/reflect/AccessibleObject 1 1 398 10 7 12 1 1 1 9 100 12 1 1 1 10 100 12 1 1 1 10 7 12 1 1 10 7 12 1 1 1 10 100 12 1 1 1 10 12 1 1 10 12 1 1 9 12 1 1 100 1 10 7 12 1 1 1 11 12 1 100 1 10 12 1 7 1 100 1 10 12 1 10 12 1 1 7 1 10 7 12 1 1 1 10 12 1 1 7 1 10 12 1 1 7 1 10 10 10 7 12 1 1 1 10 12 1 1 10 12 1 10 12 1 10 12 1 1 10 12 1 8 1 100 1 10 10 12 1 1 8 1 10 12 1 10 12 1 8 1 8 1 8 1 8 1 8 1 8 1 100 1 10 12 1 10 12 1 9 12 1 1 10 12 1 1 10 12 1 10 11 100 1 100 1 8 1 10 10 12 1 10 12 1 1 8 1 10 12 1 8 1 10 12 1 1 10 100 1 8 1 10 11 7 12 1 1 10 12 1 1 10 12 1 1 10 12 1 1 9 12 1 1 100 1 10 12 1 7 1 10 12 1 10 12 1 1 10 100 1 10 12 1 10 12 10 12 1 10 12 1 1 10 12 1 10 12 1 1 10 12 1 9 12 1 10 100 12 1 1 8 1 10 100 12 1 1 1 8 1 10 100 12 1 1 1 9 12 1 100 1 10 7 1 10 10 7 12 1 1 1 7 1 10 10 7 12 1 1 1 7 1 9 12 1 1 1 1 1 1 1 1 1 1 1 1 1 1 1 1 1 1 1 1 1 1 1 1 1 1 1 1 1 1 1 1 1 1 1 1 1 1 1 1 1 1 1 1 1 1 1 1 1 1 1 1 1 1 1 1 1 1 1 1 1 1 1 1 1 1 1 1 1 1 1 1 1 1 1 1 1 1 1 1 1 1 1 1 1
staticfield java/lang/reflect/AccessibleObject reflectionFactory Ljdk/internal/reflect/ReflectionFactory; jdk/internal/reflect/ReflectionFactory
instanceKlass java/lang/reflect/Constructor
instanceKlass java/lang/reflect/Method
ciInstanceKlass java/lang/reflect/Executable 1 1 548 10 7 12 1 1 1 10 7 12 1 1 1 10 7 12 1 1 1 11 7 12 1 1 1 10 7 12 1 1 1 10 12 1 1 10 100 12 1 1 1 10 100 12 1 1 1 10 12 1 8 1 10 10 12 1 1 10 12 1 1 10 100 12 1 1 1 18 12 1 1 11 100 12 1 1 1 8 1 8 1 8 1 10 100 12 1 1 1 11 12 1 1 100 1 8 1 8 1 10 12 1 100 1 8 1 10 12 1 8 1 11 100 12 1 1 1 100 1 10 12 1 1 11 12 1 8 1 18 8 1 10 12 1 10 12 1 1 18 8 1 10 12 1 100 1 10 12 1 10 12 1 11 100 12 1 1 10 12 1 1 8 1 8 1 10 12 1 1 10 12 1 1 10 10 12 1 100 1 10 10 12 1 10 12 1 1 10 100 12 1 1 10 12 1 10 12 1 10 12 1 1 10 100 12 1 1 10 12 1 10 12 1 10 100 12 1 1 1 10 12 1 8 1 10 12 1 10 12 1 3 100 1 8 1 10 12 1 10 12 1 10 10 12 1 10 12 1 1 8 1 8 1 8 1 9 12 1 10 12 1 100 1 8 1 9 12 1 10 12 1 10 12 1 1 10 12 1 1 10 12 1 10 12 10 12 1 100 1 10 12 1 10 12 1 1 100 1 10 100 12 1 1 1 100 1 10 7 12 1 1 1 10 12 1 1 11 7 12 1 1 10 7 12 1 1 10 100 12 1 1 1 10 12 1 1 9 12 1 10 12 1 1 10 12 1 10 12 1 1 9 100 12 1 1 1 10 100 12 1 1 1 10 12 1 10 12 1 1 9 12 1 10 10 10 10 100 12 1 1 1 10 12 1 9 12 1 10 12 1 1 9 12 1 100 1 100 1 1 1 1 1 1 1 1 1 1 1 1 1 1 1 1 1 1 1 1 1 1 1 1 1 1 1 1 1 1 1 1 1 1 100 1 1 1 1 1 1 1 1 100 1 1 1 1 1 1 1 1 1 1 1 1 100 1 1 1 1 1 1 1 1 1 1 1 1 1 1 1 1 1 1 1 1 1 1 1 1 1 1 1 1 1 1 1 1 1 1 1 1 1 1 1 1 1 100 1 1 1 1 1 1 1 1 1 1 1 1 1 1 1 1 1 1 1 1 1 100 1 100 1 1 15 10 100 12 1 1 1 16 15 16 1 16 1 15 10 12 16 1 100 1 1 100 1 100 1 1
ciInstanceKlass java/lang/reflect/Constructor 1 1 429 10 100 12 1 1 1 10 100 12 1 1 9 7 12 1 1 1 10 12 1 1 10 12 1 1 10 100 12 1 1 9 12 1 1 10 7 12 1 1 1 9 12 1 1 9 12 1 1 9 12 1 9 12 1 1 9 12 1 9 12 1 1 9 12 1 1 9 12 1 100 1 8 1 10 12 1 10 12 1 9 12 1 1 10 7 12 1 1 10 7 12 1 1 1 10 12 1 1 10 12 1 1 10 12 1 7 1 100 1 8 1 10 10 12 1 10 12 1 10 12 1 1 10 12 1 1 100 1 10 100 12 1 1 10 12 1 1 10 12 1 10 12 1 1 10 100 12 1 1 1 10 100 12 1 1 10 12 1 1 10 12 1 10 100 12 1 1 1 8 1 10 10 12 1 100 1 8 1 10 12 1 10 12 1 1 10 12 1 1 10 12 1 10 12 1 10 12 1 1 10 12 1 1 9 12 1 1 10 12 1 1 10 12 1 1 10 12 1 8 1 10 12 1 1 11 7 12 1 1 1 10 12 1 1 10 12 1 10 12 1 9 12 1 1 10 7 12 1 1 1 10 12 1 1 10 12 1 1 10 12 1 1 10 12 1 1 10 12 1 9 100 12 1 1 10 12 1 10 12 1 10 12 1 100 1 8 1 10 10 12 1 1 10 12 1 10 10 12 1 1 10 12 1 1 10 100 12 1 1 1 11 100 12 1 1 1 10 12 1 1 9 100 12 1 1 1 10 100 12 1 1 1 10 12 1 1 1 1 1 1 1 1 1 1 1 1 1 1 1 1 1 1 1 1 1 1 1 1 1 1 1 1 1 1 1 1 1 1 1 1 1 1 1 1 1 1 1 1 1 1 1 1 1 1 1 100 1 100 1 100 1 100 1 1 1 1 1 1 1 1 1 1 1 1 1 1 1 1 1 1 1 1 1 1 1 1 1 1 1 1 1 1 1 1 1 100 1 1
ciInstanceKlass java/lang/reflect/Method 1 1 446 9 7 12 1 1 1 10 100 12 1 1 1 10 100 12 1 1 9 12 1 1 10 12 1 1 10 12 1 1 10 100 12 1 1 10 7 12 1 1 1 9 12 1 1 9 12 1 9 12 1 1 9 12 1 9 12 1 9 12 1 1 9 12 1 9 12 1 1 9 12 1 9 12 1 9 12 1 1 100 1 8 1 10 12 1 10 12 1 9 12 1 1 8 1 10 7 12 1 1 10 7 12 1 1 1 10 12 1 1 10 12 1 1 10 12 1 10 12 1 1 10 12 1 1 100 1 10 12 1 1 10 12 10 100 12 1 1 10 12 1 1 10 12 1 10 12 1 10 12 1 10 7 12 1 1 1 10 12 1 1 10 100 1 10 100 12 1 1 1 10 7 12 1 1 10 12 1 1 10 12 1 1 10 12 1 10 100 12 1 1 1 10 12 1 10 8 1 10 12 1 10 12 1 100 1 8 1 8 1 8 1 10 12 1 10 12 1 1 10 12 1 1 10 10 12 1 1 10 12 1 11 100 1 9 12 1 1 10 12 1 1 10 12 1 10 12 1 1 10 12 1 1 11 7 12 1 1 1 10 12 1 10 12 1 10 12 1 10 12 1 10 12 1 9 12 1 1 10 7 12 1 1 1 10 12 1 1 10 100 12 1 1 1 10 100 12 1 1 1 10 100 12 1 1 1 11 100 12 1 1 1 10 100 12 1 1 1 100 1 100 1 100 1 10 12 1 10 12 1 1 10 12 1 100 1 8 1 10 12 1 10 10 12 1 1 10 12 1 1 10 12 1 1 10 12 1 1 8 1 10 12 1 1 1 1 1 1 1 1 1 1 1 1 1 1 1 1 1 1 1 1 1 1 1 1 1 1 1 1 1 1 1 1 1 1 1 1 1 1 1 1 1 1 1 1 1 1 1 1 1 1 1 1 1 100 1 100 1 100 1 1 1 1 1 1 1 1 1 1 1 1 1 1 1 1 1 1 1 1 1 1 1 1 1 1
ciInstanceKlass java/lang/reflect/Field 1 1 437 9 7 12 1 1 1 10 12 1 1 10 100 12 1 1 1 10 100 12 1 1 9 12 1 1 10 12 1 1 10 12 1 1 10 100 12 1 1 10 7 12 1 1 1 9 12 1 1 9 12 1 9 12 1 9 12 1 1 9 12 1 1 9 12 1 9 12 1 1 9 12 1 1 100 1 8 1 10 12 1 10 12 1 9 12 1 1 9 12 1 10 12 1 10 7 12 1 1 10 12 1 1 10 12 1 1 10 12 1 10 12 1 1 100 1 10 12 1 1 10 12 1 1 10 12 1 1 10 12 1 10 12 1 10 100 1 10 100 12 1 1 100 1 10 8 1 10 12 1 1 10 12 1 1 8 1 10 12 10 12 1 8 1 8 1 10 11 100 1 9 12 1 10 12 1 1 10 12 1 1 11 7 12 1 1 1 11 12 1 1 11 12 1 1 11 12 1 1 11 12 1 1 11 12 1 1 11 12 1 1 11 12 1 1 11 12 1 1 11 12 1 1 11 12 1 1 11 12 1 1 11 12 1 1 11 12 1 1 11 12 1 1 11 12 1 1 11 12 1 1 11 12 1 1 10 12 1 10 100 12 1 1 10 12 1 10 12 1 1 10 12 9 12 1 1 10 7 12 1 1 1 10 12 1 1 10 100 12 1 1 10 12 1 1 11 100 1 10 12 1 100 1 10 100 12 1 1 1 10 100 12 1 1 1 9 12 1 10 100 12 1 1 1 11 100 12 1 1 1 10 12 1 1 10 12 1 1 9 100 12 1 1 1 10 100 12 1 1 1 10 12 1 1 100 1 1 1 1 1 1 1 1 1 1 1 1 1 1 1 1 1 1 1 1 1 1 1 1 1 1 1 1 1 1 1 1 1 1 1 100 1 1 1 1 1 1 1 1 1 1 1 1 1 1 1 1 1 1 1 1 1 1 1 1 1 1 1 1 1 1 1 1 1 1 100 1 1 1 1 1 1 1 1 100 1 1
ciInstanceKlass java/lang/reflect/Parameter 0 0 226 10 100 12 1 1 1 9 100 12 1 1 1 9 12 1 1 9 12 1 1 9 12 1 10 12 1 1 10 12 1 1 10 100 12 1 1 1 100 1 10 10 12 1 1 11 100 12 1 1 1 10 12 1 10 100 12 1 1 1 10 12 1 1 10 12 1 10 12 1 8 1 8 1 10 100 12 1 1 1 10 12 1 10 12 10 12 1 8 1 10 12 1 9 12 1 1 10 12 1 1 9 12 1 1 10 12 1 1 10 12 1 1 10 12 1 1 10 12 1 10 10 12 1 10 100 12 1 1 1 10 12 1 1 11 100 12 1 1 10 100 12 1 1 100 1 10 100 12 1 1 1 10 12 1 1 10 12 1 1 10 12 1 1 10 12 1 1 9 12 1 100 1 10 11 12 1 1 11 12 1 1 100 1 1 1 1 1 1 1 1 1 1 1 1 1 1 1 1 1 1 1 1 1 1 1 1 1 1 1 1 1 1 1 1 1 1 1 1 1 1 100 1 1 1 1
ciInstanceKlass java/lang/StringBuffer 0 0 470 10 100 12 1 1 1 10 12 1 10 12 1 10 12 1 1 9 100 12 1 1 1 10 12 1 1 10 12 1 10 12 1 1 9 12 1 1 10 12 1 10 12 1 1 10 12 1 1 10 12 1 10 12 1 1 10 12 1 10 12 1 1 10 12 1 1 10 100 12 1 1 1 10 12 1 1 10 12 1 10 12 1 10 12 1 10 12 1 10 12 1 10 12 1 10 12 1 10 12 1 10 12 1 10 12 1 10 12 1 10 12 1 10 12 1 10 12 1 1 10 12 1 10 12 1 1 10 12 1 1 10 10 12 1 1 10 12 1 10 12 1 10 12 1 10 12 1 10 12 1 10 12 1 10 12 10 12 1 10 12 1 10 12 1 10 12 1 1 10 12 1 10 12 1 10 10 12 1 1 10 12 1 1 9 12 1 1 10 100 12 1 1 1 10 100 1 10 10 100 12 1 1 1 10 10 12 1 10 8 10 100 12 1 1 1 8 10 12 1 8 1 10 12 1 10 12 1 10 100 12 1 1 1 10 100 12 1 1 1 100 1 10 12 100 1 8 1 10 10 12 1 1 10 12 1 1 10 12 1 1 10 12 1 10 12 1 10 12 1 10 12 1 10 12 1 10 12 1 10 12 1 10 12 1 10 12 1 10 12 1 10 12 1 10 12 1 10 12 1 10 12 1 10 12 1 10 12 1 10 12 10 12 10 12 1 10 12 1 10 12 1 10 12 10 12 1 10 12 1 10 12 1 10 12 1 10 12 1 10 12 1 10 12 1 10 12 1 10 12 1 10 12 1 10 12 1 100 1 10 12 1 9 100 12 1 1 1 9 100 1 9 12 1 1 100 1 100 1 100 1 1 1 1 5 0 1 1 1 1 1 1 1 1 1 1 1 1 1 1 1 1 1 1 1 1 1 1 1 1 1 1 1 1 1 1 1 1 1 1 1 1 1 1 1 1 1 1 1 1 1 1 1 1 1 1 1 1 1 1 1 1 1 1 1 1 100 1 1 1 1 1 100 1 1 1 1 1 1 1 1 1 1 1 1 1 1 1 1 1
instanceKlass java/lang/StringBuilder
instanceKlass java/lang/StringBuffer
ciInstanceKlass java/lang/AbstractStringBuilder 1 1 547 7 1 7 1 10 7 12 1 1 1 9 7 12 1 1 1 9 12 1 9 12 1 1 9 12 1 1 10 100 12 1 1 1 10 12 1 1 3 3 10 12 1 10 12 1 1 11 7 1 100 1 100 1 10 8 1 10 12 1 10 12 1 10 12 1 1 10 12 1 10 12 1 10 12 1 9 12 1 1 10 12 1 1 10 7 12 1 1 1 10 10 12 1 10 12 1 10 12 1 1 10 12 1 1 10 7 12 1 1 1 10 7 12 1 1 1 100 1 8 1 10 10 12 1 1 100 1 10 12 10 12 1 1 10 10 12 1 1 10 12 1 1 10 12 1 1 10 12 1 1 100 1 10 10 12 1 10 100 12 1 1 1 10 12 1 1 10 12 1 10 12 1 1 10 10 12 1 1 10 12 10 12 1 10 12 1 1 10 12 1 1 10 12 1 1 10 12 1 10 10 12 1 1 10 12 1 10 12 1 1 8 1 10 12 1 1 10 12 1 10 12 1 10 12 1 10 12 1 10 12 1 10 12 1 10 100 12 1 1 10 12 1 10 12 1 10 100 12 1 1 1 10 12 1 10 12 1 10 12 1 10 12 1 10 12 1 1 10 12 1 10 12 1 1 10 12 1 1 10 10 7 12 1 1 1 10 12 1 10 12 1 10 12 1 1 10 12 1 10 12 1 10 12 1 10 12 1 10 12 1 10 12 1 10 12 1 10 12 1 10 12 1 1 10 12 1 10 12 1 10 12 10 12 1 1 18 12 1 1 100 1 10 100 12 1 1 1 18 10 12 1 1 10 12 1 10 12 1 1 11 12 1 10 12 1 10 12 1 10 10 12 1 10 8 1 8 1 8 1 10 10 100 1 10 12 1 100 1 10 100 1 10 100 1 1 1 3 1 1 1 1 1 1 1 1 1 1 100 1 1 1 1 1 1 1 1 1 1 1 1 1 1 1 1 1 1 1 1 1 1 1 1 1 1 1 1 1 1 1 1 1 1 1 1 1 1 1 1 1 1 1 1 1 1 1 1 1 1 1 1 1 1 1 1 1 1 1 1 1 1 1 1 1 1 1 1 1 1 1 1 1 1 1 1 1 1 1 1 1 1 1 1 1 1 1 1 1 1 1 1 1 1 1 1 1 100 1 1 100 1 1 1 1 1 100 1 1 1 1 1 1 15 10 100 12 1 1 1 16 1 15 10 12 16 15 10 12 1 1 1 1 100 1 100 1 1
staticfield java/lang/AbstractStringBuilder EMPTYVALUE [B 0
ciInstanceKlass java/lang/SecurityManager 0 0 576 10 100 12 1 1 1 9 100 12 1 1 1 10 100 12 1 1 1 100 1 8 1 10 12 1 10 12 1 1 10 100 12 1 1 1 10 100 1 10 100 1 10 9 100 12 1 1 1 10 100 12 1 1 1 10 12 1 1 10 100 12 1 1 100 1 8 1 10 9 12 1 1 9 12 1 8 1 9 12 1 100 1 10 8 1 10 12 1 1 10 12 1 10 12 1 1 100 1 10 10 12 1 1 100 1 8 1 10 12 1 8 1 8 1 8 1 8 1 8 1 8 1 10 12 1 8 1 8 1 8 1 8 1 8 1 10 100 12 1 1 1 10 12 1 1 8 1 100 1 8 1 10 8 1 8 1 8 1 8 1 8 1 10 100 12 1 1 8 1 100 1 8 1 8 1 10 8 1 10 12 1 100 1 8 1 10 10 12 1 1 10 12 1 10 12 1 10 12 1 10 100 12 1 1 1 10 12 1 10 100 12 1 1 11 100 12 1 1 1 18 12 1 1 11 100 12 1 1 1 18 12 1 1 11 12 1 1 18 18 11 12 1 18 12 1 11 12 1 1 9 12 1 1 9 12 1 9 12 1 9 12 1 100 1 10 100 12 1 1 10 12 1 10 12 1 18 12 1 18 10 100 12 1 1 1 18 12 1 10 12 1 18 18 8 1 10 12 1 9 12 1 1 11 100 12 1 1 1 8 1 100 1 10 12 1 10 12 1 1 10 12 1 1 9 12 1 1 10 12 1 10 12 1 1 8 1 100 1 10 9 12 1 8 1 10 12 1 8 1 100 1 10 10 100 12 1 1 10 100 1 9 100 12 1 1 1 11 12 1 1 10 12 1 11 12 1 10 12 1 100 1 10 10 12 1 1 10 12 1 1 1 1 1 1 1 1 1 1 1 100 1 1 1 1 1 1 1 1 1 1 1 1 1 1 1 1 1 1 1 1 1 1 1 1 1 1 1 1 1 1 1 1 1 1 1 1 1 1 1 1 1 1 1 1 1 1 1 1 1 1 1 1 1 1 1 1 3 1 1 1 1 1 1 1 1 1 1 100 1 1 1 1 1 1 1 1 1 1 1 1 1 1 1 1 1 1 1 1 1 1 1 1 1 1 1 1 1 1 1 1 1 1 1 1 1 1 15 10 100 12 1 1 1 16 15 10 100 12 1 1 1 16 1 16 15 10 12 16 1 15 10 12 16 15 11 100 1 16 1 16 1 15 10 12 16 15 10 12 16 15 10 12 1 16 1 15 11 12 1 15 10 12 16 15 10 16 1 1 1 1 100 1 100 1 1
ciInstanceKlass java/security/AccessControlContext 1 1 373 9 7 12 1 1 1 9 12 1 1 10 100 12 1 1 1 8 1 10 100 12 1 1 1 10 7 12 1 1 1 9 12 1 9 12 1 1 9 12 1 1 10 7 12 1 1 100 1 10 12 1 11 100 12 1 1 1 11 12 1 11 12 1 11 12 1 1 7 1 11 12 1 1 10 12 1 10 7 12 1 1 1 9 100 12 1 1 1 10 100 12 1 1 1 11 100 12 1 1 1 10 7 1 100 1 8 1 10 12 1 10 12 1 1 7 1 10 7 12 1 1 1 9 12 1 9 12 1 9 12 1 9 12 1 1 9 12 1 1 9 12 1 9 12 1 10 7 12 1 1 1 9 12 1 10 12 1 1 10 12 1 1 8 1 10 12 1 1 10 12 1 1 10 100 12 1 1 1 100 1 10 10 12 1 1 10 100 12 1 1 1 10 8 1 10 100 12 1 1 8 1 10 100 12 1 1 8 1 8 1 10 12 1 8 1 10 12 1 8 1 10 12 1 10 12 1 10 12 1 1 8 1 8 1 100 1 10 12 1 10 12 1 1 100 1 10 12 1 8 1 10 12 1 10 12 1 10 8 1 10 12 1 1 10 12 1 1 10 12 1 1 10 12 1 1 10 12 1 10 12 1 10 12 1 10 12 1 1 10 10 10 12 1 1 1 1 1 1 1 1 1 1 1 1 1 1 1 1 1 1 1 1 1 1 1 1 100 1 1 1 1 1 1 1 1 1 1 1 1 1 1 1 1 1 1 1 1 1 1 1 1 1 1 1 1 1 1 1 1 1 1 1 1 1 1 1 1 1 1 1 1 1 1 1 1 1 1 1 1 3 1 1
ciInstanceKlass java/net/URL 1 1 743 10 7 12 1 1 1 10 12 1 10 7 12 1 1 9 12 1 1 9 12 1 10 100 12 1 1 1 10 12 1 1 10 12 1 1 9 12 1 1 10 7 12 1 1 1 8 1 10 12 1 1 100 1 10 10 12 1 1 8 1 10 12 1 1 9 12 1 100 1 8 1 10 12 1 10 12 1 8 1 9 12 1 10 12 1 1 9 12 1 10 12 1 10 12 1 9 12 1 9 12 1 8 1 9 12 1 10 12 1 1 8 1 9 12 1 1 10 12 1 1 10 7 12 1 1 1 8 1 10 12 1 7 1 10 12 1 10 12 1 10 12 1 10 12 1 1 10 12 1 1 8 1 10 12 1 1 10 12 1 8 1 9 12 1 8 1 10 12 1 10 7 12 1 1 1 100 1 10 12 1 10 12 1 1 10 7 12 1 1 1 100 1 8 1 10 10 12 1 8 1 10 12 1 1 10 12 1 10 12 1 10 12 1 10 12 1 10 12 1 8 1 10 12 1 10 10 7 12 1 1 1 10 12 1 9 100 12 1 1 1 10 100 12 1 1 1 9 12 1 1 10 12 1 10 100 12 1 1 1 100 1 100 1 10 12 1 10 12 1 10 12 1 10 12 1 10 12 1 10 12 10 10 10 12 1 100 1 10 12 1 10 12 1 1 8 1 9 100 12 1 1 1 10 100 12 1 1 1 10 12 1 1 9 100 12 1 1 1 10 12 1 1 100 1 10 12 1 10 12 1 10 10 12 1 1 10 12 1 1 10 12 1 10 12 1 10 12 1 10 7 12 1 1 1 10 12 1 1 10 12 1 9 12 1 1 9 12 1 1 100 1 8 1 10 10 12 1 9 12 1 1 10 7 12 1 1 8 1 10 7 12 1 1 8 1 10 12 1 1 10 12 1 8 1 8 1 10 7 12 1 1 1 100 1 10 100 12 1 1 1 10 12 1 10 12 1 100 1 10 9 12 1 1 10 7 12 1 1 8 1 10 12 1 1 100 1 10 10 100 12 1 1 1 8 9 100 12 1 1 1 10 12 1 10 12 1 10 12 1 10 12 1 10 7 12 1 1 11 7 12 1 1 10 12 1 10 12 1 9 12 1 10 12 1 1 10 100 12 1 1 10 100 12 1 1 1 8 10 100 12 1 1 100 1 10 8 8 10 12 1 8 8 8 100 1 10 12 1 9 12 1 1 10 12 1 10 12 1 1 10 12 1 10 12 10 12 1 1 10 12 1 1 10 10 10 12 1 10 12 1 10 12 1 10 12 1 10 12 1 10 10 12 1 100 1 8 1 10 10 10 12 1 1 10 12 1 10 12 1 1 8 1 7 1 10 10 10 7 1 10 12 1 9 7 12 1 1 1 9 12 1 1 7 1 10 10 7 12 1 1 1 100 1 1 1 1 1 5 0 1 1 1 1 1 1 1 1 1 1 1 1 1 1 1 1 1 1 1 1 1 1 1 1 1 1 1 1 1 1 1 1 1 1 1 1 1 1 1 100 1 1 1 1 1 1 1 1 1 1 1 1 1 1 1 1 1 1 1 1 1 1 1 1 1 1 1 1 1 1 1 1 1 1 1 1 1 100 1 1 1 1 1 1 1 1 1 1 1 1 1 1 1 1 100 1 1 1 1 1 1 1 1 1 1 1 1 1 1 1 1 1 1
staticfield java/net/URL defaultFactory Ljava/net/URLStreamHandlerFactory; java/net/URL$DefaultFactory
staticfield java/net/URL streamHandlerLock Ljava/lang/Object; java/lang/Object
staticfield java/net/URL serialPersistentFields [Ljava/io/ObjectStreamField; 7 [Ljava/io/ObjectStreamField;
ciInstanceKlass java/util/jar/Manifest 1 1 336 10 7 12 1 1 1 7 1 10 9 7 12 1 1 1 7 1 10 9 12 1 1 9 12 1 1 10 12 1 10 12 1 1 10 12 1 1 10 12 1 1 10 12 1 1 11 100 1 11 12 1 1 10 12 1 1 10 100 12 1 1 1 100 1 100 1 10 8 1 10 12 1 1 10 12 1 1 10 12 1 10 12 1 11 100 1 10 12 1 10 12 1 1 11 12 1 1 10 12 1 11 12 1 1 11 100 12 1 1 1 11 100 12 1 1 11 12 1 1 100 1 10 12 1 8 1 11 12 1 100 1 10 12 1 1 11 12 1 10 12 1 10 12 1 10 100 12 1 1 1 8 1 10 12 1 1 10 9 100 12 1 1 1 10 12 1 1 10 100 12 1 10 12 1 10 12 1 9 100 12 1 1 1 8 1 10 12 1 8 1 8 1 7 1 10 12 1 10 12 1 10 12 1 1 100 1 8 1 10 12 1 1 8 1 10 10 12 1 1 8 1 10 12 1 1 10 100 12 1 1 1 10 12 1 10 11 12 1 1 10 12 1 10 100 12 1 1 1 10 12 1 1 10 12 1 1 11 10 12 1 11 10 12 1 100 1 1 1 1 1 1 1 1 1 1 1 1 1 1 1 1 1 1 1 1 1 1 1 1 1 1 1 1 1 1 1 1 1 1 1 1 1 1 1 1 1 1 1 100 1 1 1 1 1 1 1 1 1 1 1 1 1 1 100 1 1 1 1 1 1 1 1 1 1 1
instanceKlass javafx/collections/FXCollections$EmptyObservableMap
instanceKlass java/util/TreeMap
instanceKlass java/util/stream/Collectors$Partition
instanceKlass java/util/IdentityHashMap
instanceKlass java/util/EnumMap
instanceKlass java/util/WeakHashMap
instanceKlass java/util/Collections$EmptyMap
instanceKlass sun/util/PreHashedMap
instanceKlass java/util/HashMap
instanceKlass java/util/ImmutableCollections$AbstractImmutableMap
instanceKlass java/util/concurrent/ConcurrentHashMap
ciInstanceKlass java/util/AbstractMap 1 1 192 10 7 12 1 1 1 10 7 12 1 1 1 11 7 12 1 1 1 10 11 12 1 1 11 7 12 1 1 1 11 12 1 1 7 1 11 12 1 10 12 1 1 11 12 1 100 1 10 11 12 1 11 7 1 10 12 1 1 11 12 1 9 12 1 1 100 1 10 12 1 9 12 1 1 100 1 10 11 11 12 1 1 11 12 1 100 1 100 1 11 12 1 8 1 100 1 10 10 12 1 1 8 1 10 12 1 10 12 1 1 10 12 1 1 1 1 1 1 1 1 1 1 1 1 1 1 1 1 1 1 1 1 1 1 1 1 1 1 1 1 1 1 1 1 1 1 1 1 1 1 1 1 100 1 1 1 1 1 1 1 1 1 1 1 1 1 1 1 1 100 1 1 1 1 1 1 1 1 1 100 1 100 1 100 1 100 1 1 1 1 1
ciInstanceKlass java/util/Collection 1 1 115 11 100 12 1 1 1 100 1 11 7 12 1 1 1 10 100 12 1 1 1 11 12 1 1 11 100 12 1 1 1 11 12 1 1 11 100 12 1 1 1 11 12 1 1 10 100 12 1 1 1 11 12 1 10 7 12 1 1 1 100 1 100 1 1 1 1 1 1 1 1 1 1 1 1 1 1 1 1 1 1 1 1 1 1 1 1 1 1 1 1 1 1 1 1 1 1 1 1 1 1 1 1 1 1 1 1 1 1 1 1 1 1 1 1
ciMethod java/util/AbstractCollection isEmpty ()Z 906 0 5827 0 96
ciMethod java/util/AbstractCollection size ()I 0 0 1 0 -1
ciInstanceKlass java/util/List 1 1 217 10 100 12 1 1 1 11 100 12 1 1 1 11 100 12 1 1 1 11 12 1 1 11 100 12 1 1 11 12 1 1 11 12 1 1 10 100 12 1 1 1 7 1 7 1 10 12 1 1 100 1 10 100 12 1 1 1 9 7 12 1 1 1 7 1 10 12 10 12 1 7 1 10 12 1 1 10 12 1 10 12 1 1 100 1 1 1 1 1 1 1 1 1 1 1 1 1 1 1 1 1 1 1 1 1 1 1 1 1 1 1 1 1 1 1 1 1 1 1 1 1 1 1 1 1 1 1 1 1 1 1 1 1 1 100 1 100 1 1 1 1 1 1 1 1 1 1 1 1 1 1 1 1 1 1 1 1 1 1 1 1 1 1 1 1 1 1 1 1 1 1 1 1 1 1 1 1 1 1 1 1 1 1 1 1 1 1 1 1 1 1 1 1 1 1 1 1 1 1 1 1 1 1 1 1 1 1 1 1 100 1 1 100 1 1 1
instanceKlass java/util/Collections$SingletonList
instanceKlass com/sun/javafx/UnmodifiableArrayList
instanceKlass java/util/AbstractList$SubList
instanceKlass java/util/Vector
instanceKlass javafx/collections/ObservableListBase
instanceKlass javafx/collections/FXCollections$EmptyObservableList
instanceKlass java/util/AbstractSequentialList
instanceKlass java/util/ArrayList$SubList
instanceKlass java/util/Arrays$ArrayList
instanceKlass java/util/Collections$EmptyList
instanceKlass java/util/ArrayList
ciInstanceKlass java/util/AbstractList 1 1 218 10 7 12 1 1 1 9 7 12 1 1 1 10 12 1 1 10 12 1 1 100 1 10 10 12 1 1 11 100 12 1 1 1 11 12 1 1 11 12 1 10 7 12 1 1 1 10 12 1 11 12 1 11 12 1 11 12 1 10 12 1 1 10 12 1 1 11 100 12 1 1 1 11 7 1 11 7 1 10 12 1 7 1 10 12 1 10 12 1 1 7 1 7 1 10 12 1 100 1 10 100 1 100 1 10 8 1 10 12 1 1 10 12 1 10 12 1 1 10 12 1 8 1 100 1 8 1 8 1 8 1 10 100 1 11 10 10 12 1 11 12 1 10 12 1 1 8 1 8 1 1 1 1 1 1 1 1 1 1 1 1 1 1 1 1 1 1 1 1 1 1 1 1 1 1 1 1 1 1 1 1 1 1 1 1 1 1 1 1 1 1 1 1 1 1 1 1 1 1 1 1 1 1 1 1 1 1 100 1 100 1 1 1 1 1 1 1
ciInstanceKlass java/lang/AssertionStatusDirectives 0 0 24 10 100 12 1 1 1 100 1 1 1 1 1 1 1 1 1 1 1 1 1 1 1 1
ciInstanceKlass java/lang/invoke/MethodHandleNatives$CallSiteContext 1 1 49 10 7 12 1 1 1 7 1 10 10 7 12 1 1 1 10 7 12 1 1 1 10 7 12 1 1 1 100 1 1 1 1 1 1 1 1 1 1 1 1 1 1 1 1 1 100 1 1
ciInstanceKlass jdk/internal/invoke/NativeEntryPoint 0 0 92 10 100 12 1 1 1 9 100 12 1 1 1 10 100 12 1 1 1 100 1 9 12 1 9 12 1 9 12 1 1 9 12 1 1 9 12 1 1 100 1 8 1 10 12 1 11 100 12 1 1 1 10 12 1 1 10 12 1 11 100 12 1 1 11 12 1 10 12 1 1 10 12 1 1 1 1 1 1 1 1 1 1 1 1 1 1 1 1 1 1 1
instanceKlass java/lang/invoke/VolatileCallSite
instanceKlass java/lang/invoke/MutableCallSite
instanceKlass java/lang/invoke/ConstantCallSite
ciInstanceKlass java/lang/invoke/CallSite 1 1 302 10 7 12 1 1 1 10 7 12 1 1 1 9 7 12 1 1 1 10 12 1 1 9 12 1 1 10 7 12 1 1 1 10 12 1 100 1 10 12 1 1 10 12 1 1 9 100 12 1 1 1 10 100 12 1 1 10 12 1 1 100 1 100 1 10 10 100 12 1 1 1 10 12 1 1 8 1 10 12 1 10 12 1 1 10 12 1 10 12 1 1 10 12 1 1 10 10 100 12 1 1 10 12 1 1 9 12 1 9 100 12 1 1 1 8 1 10 7 12 1 1 1 10 12 1 1 100 1 10 12 1 1 9 12 1 8 1 100 1 10 12 1 10 12 1 100 1 8 1 10 10 12 1 10 12 1 1 100 1 10 12 1 1 10 12 1 10 12 1 10 12 1 1 10 12 1 1 9 12 1 1 8 10 12 1 1 9 12 1 1 100 1 10 10 12 1 10 100 12 1 1 1 10 12 1 1 10 12 1 1 10 12 1 10 7 12 1 1 1 100 1 8 1 10 10 12 10 12 1 1 100 1 100 1 100 1 8 1 10 12 1 10 7 12 1 1 1 1 1 1 1 1 1 1 1 1 1 1 1 1 1 1 1 1 1 1 1 1 1 1 1 1 1 1 1 1 1 1 1 1 1 1 1 1 1 1 1 1 1 1 1 1 1 1 1 1 1 1 1 1 1
staticfield java/lang/invoke/CallSite $assertionsDisabled Z 1
ciInstanceKlass java/lang/invoke/VolatileCallSite 0 0 37 10 100 12 1 1 1 10 12 1 10 100 12 1 1 1 10 12 1 10 12 1 1 1 1 1 1 1 1 1 1 1 1 1 1 1 1
ciInstanceKlass java/lang/invoke/MethodType 1 1 771 7 1 10 7 12 1 1 1 9 12 1 1 9 12 1 1 9 12 1 1 10 7 12 1 1 1 9 7 12 1 1 8 1 10 100 12 1 1 1 9 7 1 9 7 1 10 12 1 1 100 1 10 8 1 10 12 1 1 10 12 1 10 12 1 1 100 1 8 1 10 12 1 100 1 10 10 12 1 10 12 1 1 10 12 1 1 11 7 12 1 1 1 9 12 1 11 12 1 1 7 7 1 10 7 12 1 1 1 10 12 1 9 12 1 1 10 7 12 1 1 10 12 1 1 10 7 12 1 1 1 10 7 12 1 1 1 10 12 1 9 12 1 1 10 12 1 1 100 1 10 12 1 1 10 12 1 1 10 12 1 1 10 12 1 1 10 12 1 1 10 12 1 10 12 1 10 12 1 1 10 12 1 8 1 8 1 10 12 1 1 9 12 1 1 100 1 10 10 12 1 1 10 12 1 10 12 1 1 10 12 1 1 10 12 1 10 12 1 1 10 12 1 8 1 10 12 1 1 10 100 12 1 1 1 10 12 1 10 12 1 1 10 12 1 10 12 1 10 12 1 1 10 12 1 10 12 1 9 12 1 10 12 1 10 10 12 1 1 10 12 1 9 12 1 1 10 12 1 1 10 12 1 1 10 12 1 1 10 12 1 1 7 1 10 12 10 12 1 10 12 1 100 1 8 1 8 1 8 1 10 12 1 10 12 1 10 12 1 10 11 12 1 1 11 12 1 10 100 12 1 1 1 9 12 1 10 12 1 10 12 1 1 10 12 1 1 10 12 1 10 12 1 10 100 12 1 1 1 10 12 1 1 10 12 1 10 12 1 10 12 1 10 9 12 1 1 7 1 10 12 1 10 12 1 1 9 100 12 1 1 1 10 100 12 1 1 1 10 100 12 1 1 1 10 12 1 1 10 100 12 1 1 1 10 12 1 1 8 1 10 7 12 1 1 1 11 12 1 1 9 12 1 1 10 12 1 1 10 12 1 10 12 1 1 10 12 1 1 10 100 12 1 1 100 1 10 12 1 1 11 100 12 1 1 1 18 12 1 1 11 12 1 1 18 12 1 11 12 1 100 1 11 100 12 1 1 10 12 1 100 1 10 12 1 10 100 12 1 1 10 12 1 1 9 12 1 1 9 100 12 1 1 1 10 100 12 1 1 1 9 12 1 10 100 12 1 1 10 12 1 100 10 12 1 1 10 12 1 10 7 1 7 1 9 12 1 1 100 1 100 1 100 1 1 1 5 0 1 1 1 1 1 1 1 3 1 3 1 3 1 1 1 1 1 1 1 1 1 1 1 1 1 1 1 1 1 1 1 1 1 1 1 1 1 1 1 1 1 1 1 1 1 1 1 1 1 1 1 1 1 1 1 1 1 1 1 1 1 1 1 1 1 1 1 1 1 1 1 1 1 1 1 1 1 1 1 1 1 1 1 1 1 1 1 1 1 1 1 1 1 1 1 1 1 1 1 1 1 1 1 1 1 1 1 1 1 1 1 1 1 1 1 1 1 1 1 1 1 1 1 1 1 1 1 1 1 1 1 1 1 1 1 1 1 1 1 100 1 100 1 1 1 1 1 1 1 1 1 1 1 1 1 100 1 1 1 100 1 1 1 1 1 1 1 1 1 1 1 1 1 1 1 1 1 1 1 1 1 15 10 100 12 1 1 1 16 15 10 12 16 16 15 10 12 16 1 1 1 1 100 1 1 100 1 1 100 1 100 1 1
staticfield java/lang/invoke/MethodType internTable Ljava/lang/invoke/MethodType$ConcurrentWeakInternSet; java/lang/invoke/MethodType$ConcurrentWeakInternSet
staticfield java/lang/invoke/MethodType NO_PTYPES [Ljava/lang/Class; 0 [Ljava/lang/Class;
staticfield java/lang/invoke/MethodType objectOnlyTypes [Ljava/lang/invoke/MethodType; 20 [Ljava/lang/invoke/MethodType;
staticfield java/lang/invoke/MethodType METHOD_HANDLE_ARRAY [Ljava/lang/Class; 1 [Ljava/lang/Class;
staticfield java/lang/invoke/MethodType serialPersistentFields [Ljava/io/ObjectStreamField; 0 [Ljava/io/ObjectStreamField;
staticfield java/lang/invoke/MethodType $assertionsDisabled Z 1
ciInstanceKlass java/lang/BootstrapMethodError 0 0 45 10 100 12 1 1 1 10 12 1 10 12 1 10 100 12 1 1 1 10 100 12 1 1 1 1 1 1 5 0 1 1 1 1 1 1 1 1 1 1 1 100 1 1 1
ciInstanceKlass java/lang/Record 0 0 22 10 100 12 1 1 1 100 1 1 1 1 1 1 1 1 1 1 1 1 1 1
ciInstanceKlass java/lang/ClassNotFoundException 1 1 96 7 1 10 7 12 1 1 1 10 12 1 10 12 1 1 10 100 12 1 1 1 8 1 10 100 12 1 1 1 10 7 12 1 1 10 100 12 1 1 1 10 100 12 1 1 1 10 12 1 1 7 1 10 12 1 9 12 1 1 1 1 1 5 0 1 1 1 1 1 1 1 1 1 1 1 1 1 1 1 1 1 1 100 1 1 1 1 1 1 1 1 1 1 1 1
staticfield java/lang/ClassNotFoundException serialPersistentFields [Ljava/io/ObjectStreamField; 1 [Ljava/io/ObjectStreamField;
ciInstanceKlass jdk/internal/loader/ClassLoaders$AppClassLoader 1 1 119 8 1 10 7 12 1 1 1 10 7 12 1 1 1 10 100 12 1 1 1 10 12 1 1 10 100 12 1 1 1 10 12 1 1 10 12 1 1 7 1 8 1 10 12 10 7 12 1 1 1 10 100 12 1 1 10 12 1 1 10 12 1 1 10 7 12 1 1 1 100 1 10 12 1 1 1 1 1 1 1 1 1 1 1 1 1 1 1 1 1 1 1 1 1 100 1 1 1 1 1 1 1 1 1 1 1 1 1 1 1 1 1 1 1 100 1 1 1
ciInstanceKlass jdk/internal/loader/ClassLoaders$PlatformClassLoader 1 1 42 8 1 10 7 12 1 1 1 10 7 12 1 1 1 100 1 10 12 1 100 1 1 1 1 1 1 1 1 1 1 1 1 1 1 100 1 1 1 100 1 1
ciInstanceKlass java/lang/ArithmeticException 1 1 26 10 100 12 1 1 1 10 12 1 100 1 1 1 1 5 0 1 1 1 1 1 1 1 1 1
ciInstanceKlass java/lang/NullPointerException 1 1 52 10 7 12 1 1 1 10 12 1 9 7 12 1 1 1 10 12 1 1 9 12 1 1 10 12 1 1 10 12 1 1 1 1 5 0 1 1 1 1 1 1 1 1 100 1 100 1 100 1 1 1
ciInstanceKlass java/lang/IllegalMonitorStateException 1 1 26 10 100 12 1 1 1 10 12 1 100 1 1 1 1 5 0 1 1 1 1 1 1 1 1 1
ciInstanceKlass java/lang/OutOfMemoryError 1 1 26 10 100 12 1 1 1 10 12 1 100 1 1 1 1 5 0 1 1 1 1 1 1 1 1 1
ciInstanceKlass java/lang/InternalError 0 0 34 10 100 12 1 1 1 10 12 1 10 12 1 10 12 1 100 1 1 1 1 5 0 1 1 1 1 1 1 1 1 1 1 1
ciInstanceKlass java/lang/ClassCastException 1 1 26 10 100 12 1 1 1 10 12 1 100 1 1 1 1 5 0 1 1 1 1 1 1 1 1 1
ciInstanceKlass java/lang/NoClassDefFoundError 0 0 26 10 100 12 1 1 1 10 12 1 100 1 1 1 1 5 0 1 1 1 1 1 1 1 1 1
instanceKlass java/nio/DoubleBuffer
instanceKlass java/nio/ShortBuffer
instanceKlass java/nio/FloatBuffer
instanceKlass java/nio/IntBuffer
instanceKlass java/nio/CharBuffer
instanceKlass java/nio/LongBuffer
instanceKlass java/nio/ByteBuffer
ciInstanceKlass java/nio/Buffer 1 1 224 100 1 10 7 12 1 1 1 9 7 12 1 1 1 9 12 1 9 12 1 1 9 12 1 9 12 1 1 10 12 1 1 10 12 1 1 10 12 100 1 100 1 10 8 1 10 12 1 1 10 12 1 8 1 8 1 10 12 1 1 10 12 1 8 1 9 12 1 1 100 1 8 1 10 12 1 8 1 8 1 9 12 10 12 1 8 1 8 1 8 1 10 12 1 8 1 8 1 8 1 100 1 10 100 1 10 100 1 10 100 1 10 10 100 12 1 1 1 10 11 100 12 1 1 10 7 12 1 1 1 10 7 12 1 1 1 9 12 1 1 10 7 12 1 1 1 9 12 1 1 7 1 10 10 7 12 1 1 1 1 1 3 1 1 1 1 1 1 1 1 1 1 1 1 1 1 1 1 1 1 100 1 1 1 1 1 1 1 1 1 1 1 1 1 1 1 1 1 1 1 1 1 1 1 1 1 1 1 1 1 1 1 1 1 1 1 1 1 1 1 1 1 1
staticfield java/nio/Buffer UNSAFE Ljdk/internal/misc/Unsafe; jdk/internal/misc/Unsafe
staticfield java/nio/Buffer SCOPED_MEMORY_ACCESS Ljdk/internal/misc/ScopedMemoryAccess; jdk/internal/misc/ScopedMemoryAccess
staticfield java/nio/Buffer $assertionsDisabled Z 1
instanceKlass java/nio/MappedByteBuffer
instanceKlass java/nio/HeapByteBuffer
ciInstanceKlass java/nio/ByteBuffer 1 1 446 10 7 12 1 1 1 9 7 12 1 1 1 10 7 12 1 1 1 9 12 1 1 9 12 1 9 12 1 1 9 12 1 1 10 12 1 10 12 1 7 1 10 12 1 10 12 1 1 7 1 10 12 1 10 12 1 100 1 100 1 10 12 1 10 12 1 1 10 7 12 1 1 1 10 12 1 1 10 12 1 100 1 10 10 12 1 1 10 12 1 10 12 1 10 12 100 1 5 0 9 12 1 1 9 12 1 9 12 1 1 10 12 1 1 10 12 1 1 10 7 12 1 1 1 10 7 12 1 1 1 10 12 1 10 12 1 1 10 12 1 1 100 1 10 100 1 10 10 12 1 1 9 12 1 10 12 1 100 1 10 10 12 1 10 12 1 10 12 10 12 1 9 12 100 1 10 10 12 1 10 12 10 12 1 1 10 12 1 10 12 1 10 12 1 10 12 1 100 1 10 10 100 12 1 1 1 10 7 12 1 1 1 10 12 1 1 8 1 10 12 1 8 1 8 1 10 12 1 8 1 10 12 1 10 100 12 1 1 1 10 100 12 1 1 1 10 12 1 1 10 100 1 9 12 1 8 1 10 12 1 8 1 8 1 10 10 12 1 10 12 1 1 10 12 1 1 10 12 10 12 1 1 10 12 10 12 10 12 10 12 10 12 10 12 10 12 1 1 10 12 1 9 12 1 1 7 10 7 12 1 1 1 100 1 1 1 1 1 1 1 1 1 1 1 1 100 1 1 1 1 1 1 1 1 1 1 1 1 1 1 1 1 1 1 1 1 1 100 1 1 1 1 1 1 1 1 1 1 1 1 1 1 1 1 1 1 1 1 1 1 1 1 1 1 1 1 1 1 1 1 1 1 1 1 1 1 1 1 1 1 1 1 1 1 1 1 1 1 1 1 1 1 1 1 1 1 1 1 1 1 1 1 1 1 1 1 1 1 1 1 1 1 1 1 1 1 1 1 1 1 1 1 1 1 1 1 1 1 1 1 1 1 100 1 1
staticfield java/nio/ByteBuffer ARRAY_BASE_OFFSET J 16
staticfield java/nio/ByteBuffer $assertionsDisabled Z 1
ciInstanceKlass jdk/internal/util/ArraysSupport 1 1 271 7 1 100 1 8 1 10 12 1 1 10 12 1 1 10 100 12 1 1 9 7 12 1 1 1 9 12 1 1 10 7 12 1 1 1 9 12 1 1 10 100 12 1 1 1 9 12 1 10 12 9 12 1 10 12 1 1 10 12 9 12 1 9 12 1 10 12 1 1 9 12 1 9 12 1 9 12 1 9 12 1 9 12 1 9 12 1 9 12 1 10 12 1 1 10 100 12 1 1 1 9 12 1 9 12 1 10 12 1 1 10 12 1 9 12 1 10 12 1 10 100 12 1 1 1 9 12 1 9 12 1 10 12 1 10 12 1 10 7 12 1 1 1 3 10 12 1 100 1 100 1 10 8 1 10 12 1 1 10 12 1 8 1 8 1 10 12 1 1 10 10 12 1 1 10 12 1 1 9 12 1 10 12 1 9 12 1 9 12 1 9 12 1 9 12 1 9 12 1 9 12 1 9 12 1 100 1 1 1 1 1 1 1 1 1 1 1 1 1 1 1 1 1 1 1 1 1 1 1 1 1 1 1 1 1 1 1 1 1 1 1 1 1 1 1 1 1 1 1 1 1 1 1 1 1 1 1 1 1 1 1 1 1 1 1 1 1 1 1 1
staticfield jdk/internal/util/ArraysSupport U Ljdk/internal/misc/Unsafe; jdk/internal/misc/Unsafe
staticfield jdk/internal/util/ArraysSupport BIG_ENDIAN Z 0
staticfield jdk/internal/util/ArraysSupport LOG2_ARRAY_BOOLEAN_INDEX_SCALE I 0
staticfield jdk/internal/util/ArraysSupport LOG2_ARRAY_BYTE_INDEX_SCALE I 0
staticfield jdk/internal/util/ArraysSupport LOG2_ARRAY_CHAR_INDEX_SCALE I 1
staticfield jdk/internal/util/ArraysSupport LOG2_ARRAY_SHORT_INDEX_SCALE I 1
staticfield jdk/internal/util/ArraysSupport LOG2_ARRAY_INT_INDEX_SCALE I 2
staticfield jdk/internal/util/ArraysSupport LOG2_ARRAY_LONG_INDEX_SCALE I 3
staticfield jdk/internal/util/ArraysSupport LOG2_ARRAY_FLOAT_INDEX_SCALE I 2
staticfield jdk/internal/util/ArraysSupport LOG2_ARRAY_DOUBLE_INDEX_SCALE I 3
staticfield jdk/internal/util/ArraysSupport LOG2_BYTE_BIT_SIZE I 3
ciMethod jdk/internal/util/ArraysSupport newLength (III)I 514 0 1387 0 -1
ciInstanceKlass jdk/internal/misc/UnsafeConstants 1 1 34 10 100 12 1 1 1 9 7 12 1 1 1 9 12 1 9 12 1 1 9 12 1 9 12 1 1 1 1 1 1 1 1 1
staticfield jdk/internal/misc/UnsafeConstants ADDRESS_SIZE0 I 8
staticfield jdk/internal/misc/UnsafeConstants PAGE_SIZE I 4096
staticfield jdk/internal/misc/UnsafeConstants BIG_ENDIAN Z 0
staticfield jdk/internal/misc/UnsafeConstants UNALIGNED_ACCESS Z 1
staticfield jdk/internal/misc/UnsafeConstants DATA_CACHE_LINE_FLUSH_SIZE I 0
instanceKlass java/lang/invoke/DelegatingMethodHandle
instanceKlass java/lang/invoke/BoundMethodHandle
instanceKlass java/lang/invoke/DirectMethodHandle
ciInstanceKlass java/lang/invoke/MethodHandle 1 1 644 100 1 9 7 12 1 1 1 10 7 12 1 1 1 10 7 12 1 1 1 7 1 7 1 10 12 1 1 9 12 1 1 10 12 1 10 12 1 1 10 12 1 1 10 100 12 1 1 1 10 12 1 1 10 12 1 1 11 100 12 1 1 1 10 12 1 1 10 12 1 10 12 1 9 12 1 1 10 12 1 1 100 1 100 1 10 8 1 10 12 1 1 10 12 1 8 1 10 12 1 1 10 12 1 10 7 12 1 1 1 10 12 1 10 12 1 1 10 12 1 1 10 12 1 1 10 12 1 1 10 7 12 1 1 1 10 100 12 1 1 1 7 1 10 12 1 1 10 12 1 1 10 12 1 1 8 1 10 7 12 1 1 1 8 1 10 12 1 1 10 12 1 1 10 12 1 1 10 12 1 8 1 10 12 1 1 8 1 10 12 1 8 1 10 100 12 1 1 1 9 12 1 1 100 1 10 9 100 12 1 1 1 9 100 1 8 1 10 12 1 1 10 12 1 10 12 1 1 10 12 1 10 12 1 1 10 12 1 10 12 1 1 10 12 1 10 12 1 1 10 12 1 1 8 1 10 12 1 1 8 1 10 12 1 10 12 1 1 10 12 1 10 12 1 10 12 1 1 9 100 12 1 1 1 10 12 1 1 11 12 1 10 12 1 10 12 1 1 10 100 12 1 1 1 100 1 11 12 1 10 100 1 11 12 1 100 1 10 12 1 11 12 1 9 100 12 1 1 1 11 12 1 1 11 100 12 1 1 1 10 12 1 1 9 12 1 11 12 1 9 12 1 9 12 1 9 12 1 11 12 1 1 9 12 1 9 12 1 9 12 1 9 12 1 9 12 1 9 12 1 9 12 1 8 1 10 12 1 10 12 1 8 1 10 12 1 10 12 1 10 10 7 12 1 1 10 12 1 1 100 1 8 1 10 12 1 1 10 12 1 1 10 12 1 10 12 1 100 1 10 100 12 1 1 1 10 12 1 9 7 12 1 1 1 10 12 1 1 10 12 1 1 8 1 9 12 1 9 12 1 1 9 12 1 1 10 12 1 7 1 10 12 1 10 12 1 1 9 12 1 1 9 12 1 1 10 7 12 1 1 1 11 7 12 1 1 9 12 1 10 12 1 1 10 12 1 9 12 1 10 12 1 8 10 12 1 1 8 1 1 1 1 1 1 100 1 1 1 1 1 1 1 1 1 1 1 1 1 1 1 1 1 1 1 1 1 1 1 1 1 1 1 1 1 1 1 1 1 1 1 1 1 1 1 1 1 1 1 1 1 1 1 1 1 1 1 1 1 1 1 1 1 1 1 1 1 1 1 1 1 1 1 1 1 100 1 1 1 1 1 1 1 1 1 100 1 1 1 1 1 1 1 1 1 1 1 1 1 1 1 1 1 1 1 1 1 1 1 1 1 1 1 100 1 1 100 1 1 100 1 1 1 1
staticfield java/lang/invoke/MethodHandle FORM_OFFSET J 20
staticfield java/lang/invoke/MethodHandle UPDATE_OFFSET J 13
staticfield java/lang/invoke/MethodHandle $assertionsDisabled Z 1
ciInstanceKlass jdk/internal/reflect/CallerSensitive 0 0 17 100 1 100 1 100 1 1 1 1 1 1 1 1 1 1 1
ciInstanceKlass jdk/internal/reflect/NativeConstructorAccessorImpl 1 1 126 10 7 12 1 1 1 9 7 12 1 1 1 9 12 1 1 10 7 12 1 1 1 10 100 12 1 1 1 10 100 12 1 1 1 9 12 1 9 12 1 1 9 12 1 1 10 7 12 1 1 1 100 1 10 10 12 1 1 10 12 1 10 12 1 10 12 1 1 9 12 1 1 10 100 12 1 1 1 100 1 10 12 1 1 10 12 1 1 8 10 12 1 1 1 1 1 1 1 1 1 1 1 1 1 1 1 1 1 1 1 1 1 1 100 1 100 1 100 1 1 1 1 1 1 1
staticfield jdk/internal/reflect/NativeConstructorAccessorImpl U Ljdk/internal/misc/Unsafe; jdk/internal/misc/Unsafe
staticfield jdk/internal/reflect/NativeConstructorAccessorImpl GENERATED_OFFSET J 16
instanceKlass java/lang/ProcessEnvironment
instanceKlass java/util/LinkedHashMap
ciInstanceKlass java/util/HashMap 1 1 610 10 7 12 1 1 1 100 1 10 12 1 1 100 1 10 100 12 1 1 1 100 1 11 12 1 1 11 12 1 11 12 1 1 10 7 12 1 1 1 7 1 3 10 7 12 1 1 1 100 1 100 1 10 8 1 10 12 1 1 10 12 1 10 12 1 1 10 12 1 10 7 12 1 1 1 8 1 10 12 1 9 12 1 1 10 12 1 9 12 1 1 4 10 12 1 10 12 1 1 11 7 12 1 1 9 12 1 1 4 10 12 1 1 11 12 1 1 11 7 12 1 1 1 11 7 12 1 1 1 11 12 1 1 7 1 11 12 1 11 12 1 10 12 1 10 12 1 1 9 12 10 12 1 1 9 7 12 1 1 1 9 12 9 12 1 10 12 1 1 9 12 1 7 1 10 12 1 1 10 12 1 1 10 12 1 1 10 12 1 1 10 12 1 1 9 12 1 10 12 1 1 3 10 12 1 1 10 12 1 1 9 12 1 1 9 10 12 1 1 10 12 1 1 10 12 1 1 10 12 1 9 12 1 1 7 1 10 12 1 10 12 1 10 100 12 1 1 1 100 1 9 12 1 1 7 1 10 9 12 7 1 10 100 1 10 11 7 12 1 1 1 100 1 10 11 100 12 1 1 11 100 12 1 1 1 10 12 1 100 1 100 1 10 12 1 10 12 1 10 12 1 10 100 12 1 1 10 12 1 1 10 12 1 1 10 100 12 1 1 1 8 10 100 12 1 1 1 100 1 10 4 10 100 12 1 1 1 4 10 12 1 10 100 12 1 1 1 10 12 1 8 1 4 10 100 12 1 1 1 100 1 11 100 12 1 1 1 10 12 1 10 12 1 10 10 12 1 1 100 1 100 1 1 1 1 5 0 1 3 1 1 1 3 1 3 1 3 1 1 1 1 1 1 1 1 1 1 1 1 1 1 1 1 1 1 1 1 1 1 100 1 1 1 1 1 1 1 1 1 1 1 1 1 1 1 1 1 1 1 1 1 1 1 1 1 1 1 1 1 1 1 1 100 1 1 1 1 1 1 1 1 1 1 1 1 1 1 1 1 1 1 1 1 1 1 1 1 1 1 1 1 1 1 1 1 1 1 1 1 1 1 1 1 1 1 1 1 1 1 1 1 1 1 100 1 1 1 1 1 1 1 1 1 1 1 1 1 1 1 1 1 1 1 1 1 1 1 1 1 1 1 1 1 1 1 1 1 1 1 1 1 1 1 1 1 1 1 1 1 1 1 1 100 1 1 1 1 1 1 1 1 100 1 1 1 1 1 1 1 1 1 1 1 1 1 1 100 1 100 1 100 1 100 1 100 1 100 1 100 1 100 1 1 1 1 1 1 1 1 1 1 1 1 1 1 1 1 1 1
ciMethod java/util/HashMap get (Ljava/lang/Object;)Ljava/lang/Object; 806 0 20370 0 1120
instanceKlass java/lang/invoke/DirectMethodHandle$Special
instanceKlass java/lang/invoke/DirectMethodHandle$Interface
instanceKlass java/lang/invoke/DirectMethodHandle$Constructor
instanceKlass java/lang/invoke/DirectMethodHandle$Accessor
ciInstanceKlass java/lang/invoke/DirectMethodHandle 1 1 940 7 1 7 1 100 1 7 1 7 1 10 7 12 1 1 1 10 7 12 1 1 1 100 1 10 12 1 10 12 1 1 10 7 12 1 1 10 12 1 1 10 12 1 10 12 1 7 1 10 12 1 1 10 12 1 1 10 12 1 10 12 1 1 10 7 12 1 1 1 10 12 1 9 12 1 1 100 1 10 9 12 1 1 9 12 1 10 12 1 10 12 1 10 12 1 1 10 12 1 10 12 1 10 12 1 10 7 12 1 1 1 10 12 1 10 12 1 1 8 1 10 12 1 1 7 1 10 12 1 7 1 10 10 12 1 10 12 1 10 12 1 10 7 12 1 1 1 10 12 1 1 100 1 10 12 1 10 12 1 7 1 10 12 1 10 12 1 1 10 12 1 1 10 12 1 8 10 100 12 1 1 1 10 12 1 10 12 1 10 12 1 1 10 12 1 9 7 12 1 1 1 7 1 10 12 1 10 7 12 1 1 1 10 12 1 10 12 1 1 9 12 1 1 100 1 10 8 1 10 12 1 1 10 12 1 10 12 1 10 10 12 1 10 12 1 10 12 1 10 12 1 10 12 1 1 10 12 1 10 12 1 1 10 12 1 10 12 1 1 10 10 7 12 1 1 1 10 12 1 10 12 1 1 10 12 1 10 12 1 1 8 1 9 7 12 1 1 1 8 1 9 12 1 9 12 1 8 1 9 12 1 9 12 1 8 1 9 12 1 9 12 1 8 1 10 12 1 10 12 1 1 9 12 1 1 7 1 10 12 1 1 100 1 10 7 12 1 1 1 10 12 1 1 10 12 1 10 12 1 1 7 1 10 12 1 1 10 12 1 10 12 1 1 7 1 10 12 1 1 10 7 12 1 1 1 10 12 1 10 12 1 10 12 1 9 12 1 1 10 7 1 9 12 9 12 1 10 7 12 1 1 1 10 12 1 7 1 7 1 7 1 9 12 1 1 10 7 12 1 10 12 1 1 10 12 1 100 1 10 12 1 10 12 1 1 9 100 12 1 1 1 10 12 1 1 100 1 10 100 12 1 1 1 10 12 1 10 12 1 8 1 9 12 1 9 12 1 10 12 1 9 12 1 1 10 100 12 1 1 1 9 12 1 1 9 12 1 1 10 12 1 10 12 1 10 12 1 10 12 1 10 12 1 1 10 12 1 10 7 12 1 1 9 12 1 10 12 1 10 12 1 10 12 1 10 12 1 1 10 12 1 1 9 12 1 1 10 12 1 1 9 7 12 1 1 1 9 12 1 9 12 1 9 12 1 9 12 1 9 12 1 9 12 1 9 12 1 9 12 1 9 12 1 9 12 1 9 12 1 9 12 1 9 12 1 9 12 1 9 12 1 9 12 1 9 12 1 9 12 1 9 12 1 9 12 1 9 12 1 9 12 1 9 12 1 9 12 1 9 12 1 9 12 1 9 12 1 9 12 1 9 12 1 9 12 1 9 12 1 9 12 1 9 12 1 9 12 1 9 12 1 9 12 1 8 1 9 12 1 1 9 12 1 1 10 12 1 10 12 1 1 9 7 1 10 12 1 9 12 1 1 10 12 10 12 1 10 12 1 10 12 1 10 8 1 8 1 8 1 8 1 10 12 1 1 9 12 1 1 10 12 1 10 100 12 1 1 1 8 9 12 1 1 10 12 1 1 8 1 8 8 9 12 1 8 1 8 8 8 8 8 1 8 10 12 1 10 12 1 8 1 8 1 10 12 1 10 12 1 10 12 1 10 12 1 1 7 1 1 1 1 3 1 3 1 3 1 3 1 3 1 3 1 3 1 3 1 3 1 3 1 1 1 1 1 1 1 1 1 1 3 1 3 1 1 1 1 3 1 1 1 1 1 1 1 1 1 1 1 1 1 1 1 1 1 1 1 1 1 1 1 1 1 1 1 1 1 1 1 1 1 1 1 1 1 1 1 1 1 1 1 1 1 1 1 1 1 1 1 1 1 1 1 1 100 1 1 1 1 1 1 1 1 1 1 1 1 100 1 1 1 1 1 1 1 1 1 1 1 1 1 1 1 1 1 1 1 1 1 1 1 1 1 1 1 1 1 1 1 1 1 1 1 1 1 1 1 1 1 1 1 1 1 1 1 1 1 1 1
staticfield java/lang/invoke/DirectMethodHandle IMPL_NAMES Ljava/lang/invoke/MemberName$Factory; java/lang/invoke/MemberName$Factory
staticfield java/lang/invoke/DirectMethodHandle FT_UNCHECKED_REF I 8
staticfield java/lang/invoke/DirectMethodHandle ACCESSOR_FORMS [Ljava/lang/invoke/LambdaForm; 132 [Ljava/lang/invoke/LambdaForm;
staticfield java/lang/invoke/DirectMethodHandle ALL_WRAPPERS [Lsun/invoke/util/Wrapper; 10 [Lsun/invoke/util/Wrapper;
staticfield java/lang/invoke/DirectMethodHandle NFS [Ljava/lang/invoke/LambdaForm$NamedFunction; 12 [Ljava/lang/invoke/LambdaForm$NamedFunction;
staticfield java/lang/invoke/DirectMethodHandle OBJ_OBJ_TYPE Ljava/lang/invoke/MethodType; java/lang/invoke/MethodType
staticfield java/lang/invoke/DirectMethodHandle LONG_OBJ_TYPE Ljava/lang/invoke/MethodType; java/lang/invoke/MethodType
staticfield java/lang/invoke/DirectMethodHandle $assertionsDisabled Z 1
ciInstanceKlass java/lang/invoke/LambdaForm 1 1 1052 100 1 9 7 12 1 1 1 10 7 12 1 1 1 10 7 12 1 1 9 12 1 1 9 12 1 1 10 12 1 1 100 1 10 9 12 1 10 12 1 1 9 12 1 10 7 12 1 1 1 9 12 1 9 12 1 9 12 1 1 9 12 1 10 12 1 1 7 1 10 12 1 10 100 12 1 1 1 10 100 12 1 1 1 10 12 1 10 12 1 1 9 100 12 1 1 1 10 12 1 1 9 12 1 10 12 1 1 10 12 1 10 12 1 1 10 12 1 1 10 100 12 1 1 1 7 1 10 10 12 1 1 8 1 10 12 1 10 12 1 10 12 1 1 7 1 10 7 12 1 1 1 10 12 1 1 10 12 1 10 12 1 1 9 12 1 1 9 12 1 9 12 1 1 10 12 1 9 12 1 10 100 12 1 1 1 10 12 1 1 10 12 1 9 12 1 1 10 100 12 1 1 1 10 12 1 10 12 1 10 12 1 10 12 1 10 12 1 10 12 1 1 10 12 1 10 12 1 1 8 1 10 12 1 10 12 1 8 1 8 1 9 12 1 9 12 1 9 12 1 1 10 12 1 1 10 12 1 9 12 1 10 12 1 1 10 7 12 1 1 1 10 12 1 1 10 12 1 10 12 1 10 12 1 1 9 12 1 10 12 1 8 1 8 1 8 1 8 1 8 1 8 1 8 1 8 1 10 12 1 9 12 1 7 1 10 12 1 1 9 12 1 10 12 1 10 12 1 1 10 12 10 12 1 10 12 1 1 10 12 1 1 10 10 12 1 1 10 12 1 1 7 1 8 1 10 12 1 1 10 12 1 10 12 1 1 10 8 1 10 12 1 1 8 1 8 1 8 1 10 12 1 9 12 1 1 10 12 1 1 10 12 1 1 100 1 10 12 1 1 10 12 1 10 7 12 1 1 1 10 12 1 1 9 12 1 1 8 1 10 100 12 1 1 1 10 7 12 1 1 10 12 10 10 12 1 1 9 12 1 8 10 12 1 1 100 1 10 12 1 1 10 12 1 9 7 12 1 1 9 12 1 1 8 1 10 100 12 1 1 10 12 1 1 100 1 100 1 10 10 12 1 1 10 12 1 1 8 1 8 1 100 1 8 1 10 12 10 12 1 10 12 1 10 12 1 1 8 1 8 1 9 100 12 1 1 1 10 12 1 10 12 1 1 8 1 8 1 8 1 100 1 8 1 100 1 8 1 100 1 8 1 10 12 1 8 1 9 10 7 12 1 1 1 10 12 1 9 12 1 1 10 12 1 10 10 12 1 10 12 1 10 12 1 10 12 1 1 10 12 1 10 12 1 1 10 12 1 1 10 12 1 1 8 1 100 10 12 1 10 12 1 9 12 1 1 10 7 12 1 1 8 1 8 1 100 1 8 1 8 1 8 1 8 1 8 1 8 1 8 1 8 1 10 12 1 1 10 12 1 1 10 12 1 10 12 1 8 1 8 1 8 1 10 12 1 8 1 10 12 1 8 1 8 1 8 1 8 1 8 1 10 12 1 10 12 1 10 12 1 1 10 7 12 1 1 1 10 12 1 10 12 1 10 12 1 10 12 1 10 12 1 10 12 1 10 12 1 9 12 1 1 8 1 10 12 1 1 9 12 1 1 10 12 1 1 9 12 1 9 12 1 1 9 12 1 9 12 1 1 7 1 10 7 12 1 1 1 9 12 1 10 12 1 10 12 1 8 1 10 12 1 9 12 1 1 7 1 10 7 12 1 1 1 8 1 100 1 10 12 1 9 12 1 9 12 1 10 12 1 10 12 1 10 7 12 1 1 1 10 12 1 9 7 12 1 1 10 12 1 1 10 12 1 10 12 1 9 12 10 12 1 10 10 12 1 9 9 12 1 7 9 12 1 1 10 12 1 1 9 12 1 10 12 1 10 7 1 9 1 1 1 1 3 1 3 1 3 1 1 1 1 1 1 1 1 1 1 1 1 1 1 1 1 1 1 1 1 1 1 1 1 1 1 1 1 1 1 1 1 1 1 1 1 1 1 1 1 1 1 1 1 1 1 1 1 1 1 1 1 1 1 1 1 100 1 1 1 1 1 1 1 1 1 1 1 1 1 1 1 1 1 1 1 1 1 1 1 1 1 1 1 1 1 1 1 1 1 1 1 1 1 1 1 1 1 1 1 1 1 1 1 1 1 1 1 1 1 1 1 1 1 1 1 100 1 1 1 1 1 1 1 1 1 1 1 1 1 1 1 1 1 1 1 1 1 1 1 1 1 1 1 1 1 1 1 1 1 1 100 1 1 1 1 1 1 1 1 1 1 1 1 1 1 1 1 1 1 1 1 1 1 100 1 1 1 100 1 1 100 1 1 1 1 1 1 1 1 1 1 1
staticfield java/lang/invoke/LambdaForm COMPILE_THRESHOLD I 0
staticfield java/lang/invoke/LambdaForm INTERNED_ARGUMENTS [[Ljava/lang/invoke/LambdaForm$Name; 5 [[Ljava/lang/invoke/LambdaForm$Name;
staticfield java/lang/invoke/LambdaForm IMPL_NAMES Ljava/lang/invoke/MemberName$Factory; java/lang/invoke/MemberName$Factory
staticfield java/lang/invoke/LambdaForm LF_identity [Ljava/lang/invoke/LambdaForm; 6 [Ljava/lang/invoke/LambdaForm;
staticfield java/lang/invoke/LambdaForm LF_zero [Ljava/lang/invoke/LambdaForm; 6 [Ljava/lang/invoke/LambdaForm;
staticfield java/lang/invoke/LambdaForm NF_identity [Ljava/lang/invoke/LambdaForm$NamedFunction; 6 [Ljava/lang/invoke/LambdaForm$NamedFunction;
staticfield java/lang/invoke/LambdaForm NF_zero [Ljava/lang/invoke/LambdaForm$NamedFunction; 6 [Ljava/lang/invoke/LambdaForm$NamedFunction;
staticfield java/lang/invoke/LambdaForm createFormsLock Ljava/lang/Object; java/lang/Object
staticfield java/lang/invoke/LambdaForm DEBUG_NAME_COUNTERS Ljava/util/HashMap; null
staticfield java/lang/invoke/LambdaForm DEBUG_NAMES Ljava/util/HashMap; null
staticfield java/lang/invoke/LambdaForm TRACE_INTERPRETER Z 0
staticfield java/lang/invoke/LambdaForm $assertionsDisabled Z 1
ciInstanceKlass java/lang/invoke/MethodHandleNatives 1 1 684 100 1 10 7 12 1 1 1 9 7 12 1 1 1 10 12 1 1 100 1 10 10 12 1 1 10 12 1 10 12 1 8 1 8 1 8 1 8 1 8 1 8 1 8 1 8 1 8 1 8 1 10 12 1 1 7 1 10 7 12 1 1 1 10 100 12 1 1 1 7 1 10 10 12 1 1 8 1 10 12 1 8 1 10 12 1 1 8 1 10 12 1 1 9 100 12 1 1 1 8 1 10 100 12 1 1 1 100 1 10 12 100 1 100 1 8 1 7 1 10 10 12 1 7 1 9 7 12 1 1 10 12 1 1 10 12 1 10 7 12 1 1 1 7 1 10 12 1 1 10 7 12 1 1 1 10 12 1 10 12 1 1 10 12 1 1 9 12 1 8 1 10 12 1 8 1 10 12 1 8 1 8 1 8 1 100 1 10 12 1 8 1 10 12 1 1 10 12 1 10 100 12 1 1 1 100 1 8 1 10 100 12 1 1 1 7 1 8 1 10 12 1 8 1 8 1 8 1 8 1 8 1 10 12 1 1 10 12 1 1 10 12 1 10 12 1 1 10 12 1 1 7 1 10 12 1 100 1 100 1 10 12 1 10 12 1 8 1 8 1 10 10 12 1 1 10 12 1 1 8 1 10 100 12 1 1 1 8 1 8 1 10 12 1 1 10 7 12 1 1 1 100 1 10 12 1 1 7 1 9 12 1 1 10 7 12 1 1 1 10 10 12 1 9 12 1 10 12 1 1 9 12 1 9 12 1 10 12 1 1 10 12 1 10 12 1 1 7 1 7 1 10 12 1 1 10 12 1 10 12 1 1 10 7 12 1 1 1 10 12 1 8 1 10 12 1 10 12 1 10 12 1 1 10 12 1 10 7 12 1 1 1 10 12 1 1 100 1 8 1 10 9 7 12 1 1 1 10 12 1 1 10 12 1 1 100 1 10 12 1 1 10 12 1 1 100 1 100 1 10 10 100 1 100 1 10 100 1 10 10 12 1 1 10 100 1 10 12 1 10 12 1 10 12 1 1 10 12 1 1 10 12 1 1 10 12 1 10 12 1 1 10 8 1 100 1 10 12 1 10 12 1 10 12 1 10 12 1 10 12 1 1 10 12 1 9 12 1 1 10 7 12 1 1 1 9 12 1 1 11 7 12 1 1 1 10 12 1 10 12 1 10 10 12 1 10 7 12 1 1 1 1 1 1 1 1 1 1 1 1 1 1 1 100 1 1 1 1 1 1 1 1 1 1 1 1 1 1 1 1 1 1 1 1 1 1 1 1 1 1 1 1 1 1 1 1 1 1 1 1 1 1 1 1 1 1 1 1 1 1 1 1 1 1 1 1 1 1 1 1 1 1 1 1 1 1 1 1 1 1 1 1 1 1 1 1 1 1 1 1 1 1 1 1 1 1 1 1 1 1 1 1 1 1 1 1 1 1 1 1 1 1 100 1 1 1 1 1 1 1 1 1 1 1 1 1 1 1 1 1 1 1 1 1 1 1 1 1 1 1 1 100 1 1 1 1 1 1 1 100 1 1 1
staticfield java/lang/invoke/MethodHandleNatives JLA Ljdk/internal/access/JavaLangAccess; java/lang/System$2
staticfield java/lang/invoke/MethodHandleNatives $assertionsDisabled Z 1
ciInstanceKlass java/lang/invoke/LambdaForm$Name 1 1 352 7 1 10 7 12 1 1 1 9 7 12 1 1 1 9 12 1 1 9 12 1 1 9 12 1 1 9 12 1 1 9 12 1 1 100 1 10 10 12 1 1 100 1 7 1 7 1 10 12 1 10 12 1 10 12 1 9 100 12 1 1 10 12 1 10 12 1 1 7 10 7 12 1 1 1 10 12 1 10 12 1 1 10 12 1 9 12 1 1 10 12 1 1 10 12 1 1 10 12 1 1 10 12 1 1 10 12 1 10 12 1 1 10 12 1 10 12 1 1 10 100 12 1 1 1 100 1 8 1 10 12 1 10 12 1 10 12 1 1 10 12 1 1 8 1 10 100 12 1 1 1 100 1 10 8 1 8 1 10 12 1 1 10 100 12 1 1 1 10 12 1 8 1 10 12 1 1 10 12 1 10 12 1 10 12 1 8 1 10 12 1 10 10 12 1 8 1 10 12 1 10 10 12 1 8 1 8 1 8 1 100 1 8 1 10 12 1 1 8 1 8 1 8 1 10 12 1 10 12 1 10 12 1 1 10 12 1 8 1 8 1 8 1 8 1 9 100 12 1 1 1 10 12 1 100 1 100 1 100 1 10 12 1 1 10 12 1 10 12 1 10 12 1 10 12 1 10 12 1 1 1 1 1 1 1 1 1 1 1 1 1 1 1 1 100 1 1 1 1 1 1 1 1 1 1 1 1 1 1 1 1 1 1 1 1 1 1 1 1 1 1 1 1 1 1 1 1 1 1 1 1 1 1 1 1 1 1 1 1 1 1 1 1 1 1 1 1 1 100 1 1
staticfield java/lang/invoke/LambdaForm$Name $assertionsDisabled Z 1
ciInstanceKlass jdk/internal/reflect/ConstantPool 1 1 142 10 100 12 1 1 1 9 7 12 1 1 1 10 12 1 1 10 12 1 1 10 12 1 10 12 1 1 10 12 1 1 10 12 1 10 12 1 1 10 12 1 10 12 1 1 10 12 1 10 12 1 10 12 1 10 12 1 1 10 12 1 1 10 12 1 1 10 12 1 1 10 12 1 10 12 1 1 10 100 12 1 1 1 8 11 7 12 1 1 1 10 7 12 1 1 1 1 1 1 1 1 1 1 1 1 1 1 1 1 1 1 1 1 1 1 1 1 1 1 1 1 1 1 1 1 1 1 1 1 1 1 1 1 1 1 1 1 1 1 1 1
instanceKlass jdk/internal/reflect/UnsafeQualifiedStaticFieldAccessorImpl
ciInstanceKlass jdk/internal/reflect/UnsafeStaticFieldAccessorImpl 1 1 47 10 7 12 1 1 1 9 7 12 1 1 1 10 7 12 1 1 1 9 12 1 1 8 11 7 12 1 1 1 10 7 12 1 1 1 1 1 1 1 1 1 1 1 1 1 1
instanceKlass jdk/internal/reflect/UnsafeFieldAccessorImpl
ciInstanceKlass jdk/internal/reflect/FieldAccessorImpl 1 1 59 10 7 12 1 1 1 100 1 100 1 1 1 1 1 1 1 1 1 100 1 1 1 1 1 1 1 1 1 1 1 1 1 1 1 1 1 1 1 100 1 1 1 1 1 1 1 1 1 1 1 1 1 1 1 1 1 1 1
instanceKlass jdk/internal/reflect/UnsafeStaticFieldAccessorImpl
ciInstanceKlass jdk/internal/reflect/UnsafeFieldAccessorImpl 1 1 254 10 7 12 1 1 1 9 7 12 1 1 1 10 7 12 1 1 1 10 7 12 1 1 1 9 12 1 1 10 7 12 1 1 1 9 12 1 1 10 12 1 10 12 1 9 12 1 10 12 1 1 10 100 12 1 1 10 100 12 1 1 1 10 12 1 1 100 1 10 10 12 1 1 10 12 1 1 8 1 10 10 12 1 100 1 8 1 10 12 1 8 1 10 12 1 8 1 10 12 1 100 1 10 12 1 1 10 8 1 10 12 1 1 8 1 10 100 12 1 1 8 1 10 100 12 1 1 8 1 10 100 12 1 1 8 1 10 100 12 1 1 8 1 10 100 12 1 1 8 1 10 100 12 1 1 8 1 10 100 12 1 1 8 1 10 100 12 1 1 10 12 1 1 8 1 8 1 8 1 8 1 8 1 8 1 10 100 12 1 1 1 8 1 8 1 8 1 10 12 10 12 1 1 1 1 1 1 1 1 1 1 1 1 1 1 1 1 1 1 1 1 1 1 1 1 1 1 1 1 1 1 1 1 1 1 1 1 1 1 1 1 1 1 1 1 1 1 1 1 1 1 1 1
staticfield jdk/internal/reflect/UnsafeFieldAccessorImpl unsafe Ljdk/internal/misc/Unsafe; jdk/internal/misc/Unsafe
ciInstanceKlass java/lang/invoke/ConstantCallSite 1 1 65 10 7 12 1 1 1 9 7 12 1 1 1 9 12 1 1 10 7 12 1 1 1 10 12 1 100 1 10 12 9 12 1 1 100 1 10 10 12 1 1 10 12 1 1 1 1 1 1 1 1 1 1 1 1 1 100 1 1 1 1 1 1 1 1
staticfield java/lang/invoke/ConstantCallSite UNSAFE Ljdk/internal/misc/Unsafe; jdk/internal/misc/Unsafe
ciInstanceKlass java/lang/invoke/MutableCallSite 0 0 63 10 100 12 1 1 1 10 12 1 9 100 12 1 1 1 10 12 1 10 12 1 1 9 12 1 1 10 100 12 1 1 1 10 100 12 1 1 1 10 12 1 1 1 1 1 1 1 1 1 1 1 1 1 1 1 1 1 1 100 1 1 1
instanceKlass java/lang/invoke/VarHandleInts$FieldStaticReadOnly
instanceKlass java/lang/invoke/VarHandleLongs$FieldInstanceReadOnly
instanceKlass java/lang/invoke/VarHandleReferences$FieldInstanceReadOnly
instanceKlass java/lang/invoke/VarHandleInts$FieldInstanceReadOnly
ciInstanceKlass java/lang/invoke/VarHandle 1 1 390 10 7 12 1 1 1 10 7 12 1 1 9 12 1 1 9 12 1 1 100 1 10 8 1 10 12 1 1 10 7 12 1 1 1 10 12 1 1 10 100 12 1 1 1 9 100 12 1 1 1 10 12 1 1 10 100 12 1 1 1 10 12 1 1 9 12 1 10 12 1 9 12 1 1 10 100 12 1 1 10 12 1 9 100 12 1 1 1 9 12 1 1 10 12 1 1 100 1 100 1 10 8 1 10 12 1 1 10 12 1 8 1 10 12 1 10 12 1 10 12 1 1 9 100 12 1 1 1 10 12 1 10 12 1 1 10 12 1 10 10 100 12 1 1 1 10 12 1 1 10 12 1 1 10 100 12 1 1 1 10 100 12 1 1 1 10 100 12 1 1 1 9 12 1 1 10 9 12 1 1 10 12 1 10 12 1 10 12 1 1 10 12 1 10 100 12 1 1 1 9 12 1 1 10 12 1 1 9 12 1 10 12 1 10 12 1 10 100 12 1 1 100 1 10 9 7 12 1 1 1 9 12 1 1 10 7 12 1 1 1 10 12 1 10 12 1 10 12 1 10 12 1 10 12 1 10 12 1 1 7 1 10 10 7 12 1 1 1 9 12 1 1 8 10 12 1 1 7 1 10 12 1 1 100 1 1 1 1 1 1 1 1 1 1 1 1 1 1 1 1 1 1 1 1 1 1 1 1 1 1 1 1 1 1 1 1 1 1 1 1 1 1 1 1 1 1 1 1 1 1 1 1 1 1 1 1 1 1 1 1 1 1 1 1 1 1 1 1 1 1 1 1 1 1 1 1 1 1 1 1 1 1 1 1 1 1 1 1 1 1 1 1 1 100 1 100 1 100 1 1 1 1 1 1 1 100 1 1 1
staticfield java/lang/invoke/VarHandle AIOOBE_SUPPLIER Ljava/util/function/BiFunction; jdk/internal/util/Preconditions$1
staticfield java/lang/invoke/VarHandle VFORM_OFFSET J 16
staticfield java/lang/invoke/VarHandle $assertionsDisabled Z 1
ciInstanceKlass java/lang/invoke/MemberName 1 1 757 7 1 7 1 100 1 9 12 1 1 10 7 12 1 1 1 9 12 1 1 10 12 1 1 10 12 1 1 10 12 1 1 10 12 1 10 12 1 1 10 7 12 1 1 1 10 12 1 9 100 12 1 1 10 12 1 100 1 100 1 10 12 1 8 1 10 12 1 1 10 12 1 10 12 1 1 10 12 1 9 12 1 1 8 1 10 100 12 1 1 1 7 1 10 10 12 1 1 100 1 100 1 10 12 1 1 9 12 1 1 100 1 8 1 10 12 1 10 12 1 10 12 1 10 12 1 10 12 1 1 10 12 1 10 12 1 10 12 1 1 10 12 1 1 10 12 1 8 1 8 1 8 1 10 100 12 1 1 1 10 12 1 9 12 1 1 3 10 12 1 10 12 1 10 12 1 10 10 7 12 1 1 1 10 12 1 10 12 1 10 12 1 10 12 1 7 1 8 10 12 1 1 10 12 1 1 8 1 9 100 1 8 9 100 1 10 12 1 1 10 12 1 10 12 1 8 1 10 12 1 1 10 12 1 10 12 1 10 12 1 10 12 1 1 100 1 10 12 1 1 10 12 1 8 1 10 12 1 10 12 1 8 1 10 12 1 1 10 12 1 1 100 1 10 12 1 1 10 12 8 1 8 1 100 1 10 12 1 10 100 12 1 1 1 100 1 10 12 10 12 1 10 12 1 10 12 1 10 12 1 10 10 12 1 10 12 1 10 12 1 3 10 12 1 3 10 12 1 3 3 3 3 3 3 3 100 1 10 12 1 10 7 12 1 1 1 10 12 1 3 9 12 1 10 12 1 1 3 10 12 1 10 10 7 12 1 1 1 10 12 1 1 10 100 1 10 10 12 1 10 12 1 10 12 1 10 10 12 1 1 10 12 1 10 12 1 10 12 1 100 1 10 10 10 12 100 1 10 10 10 12 1 1 10 12 1 1 10 10 12 1 8 10 100 1 10 12 1 10 100 1 10 12 1 10 12 1 10 12 1 10 10 12 1 10 12 1 1 10 12 1 1 10 12 1 10 12 1 10 12 1 100 1 10 12 1 1 100 1 8 1 10 7 1 10 12 1 10 12 10 12 1 1 10 12 1 10 12 1 8 1 8 1 8 1 8 1 10 12 1 10 12 1 10 12 1 1 8 1 8 1 10 12 1 8 1 10 10 12 1 10 12 1 8 1 8 1 10 10 12 1 8 1 10 100 12 1 1 1 8 1 10 12 1 10 12 1 1 10 12 1 8 1 8 1 8 1 8 1 100 1 10 8 1 8 1 8 1 8 1 10 12 1 100 1 100 1 100 1 10 100 1 10 100 1 10 100 12 1 1 1 9 7 12 1 1 1 100 1 100 1 1 1 1 1 1 1 3 1 3 1 3 1 3 1 3 1 3 1 1 1 1 1 1 1 1 3 1 3 1 1 1 1 3 1 1 1 1 1 1 1 1 1 1 1 1 1 1 1 1 1 1 1 1 1 1 1 1 1 1 1 1 1 1 1 1 1 1 1 1 1 1 1 1 1 1 1 1 1 1 1 1 1 1 1 1 1 1 1 1 1 1 1 1 1 1 1 1 1 1 1 1 1 1 1 1 1 1 1 1 1 1 1 1 1 1 1 1 1 1 1 1 1 1 1 1 1 1 1 1 1 1 1 1 1 1 1 1 1 1 100 1 1 1 1 1 1 1 1 1 1 1 1 1 1 1
staticfield java/lang/invoke/MemberName $assertionsDisabled Z 1
ciInstanceKlass java/lang/invoke/ResolvedMethodName 1 1 16 10 100 12 1 1 1 100 1 1 1 1 1 1 1 1
ciInstanceKlass java/lang/StackWalker 1 1 235 9 7 12 1 1 1 10 7 12 1 1 1 7 1 10 7 12 1 1 1 10 12 1 1 11 7 12 1 1 1 10 12 1 1 10 12 1 1 10 12 1 1 100 1 8 1 10 12 1 10 12 1 10 12 1 10 7 12 1 1 9 12 1 1 9 12 1 1 9 12 1 1 9 12 1 1 10 12 1 1 9 12 1 1 10 7 12 1 1 1 11 12 1 1 100 1 8 1 10 10 100 12 1 1 9 12 1 1 10 12 1 1 10 7 12 1 1 1 10 100 12 1 1 1 18 12 1 1 100 1 8 1 10 10 12 1 1 10 7 12 1 1 1 9 7 12 1 1 11 100 12 1 1 1 10 12 1 1 1 1 1 1 1 1 1 1 1 1 1 1 1 1 1 1 1 1 1 1 1 1 1 1 1 1 1 1 1 1 1 1 1 1 1 1 1 1 1 1 1 1 1 1 1 1 1 1 1 100 1 1 15 10 100 12 1 1 1 16 15 10 12 16 1 1 1 1 1 1 1 100 1 100 1 1
staticfield java/lang/StackWalker DEFAULT_EMPTY_OPTION Ljava/util/EnumSet; java/util/RegularEnumSet
staticfield java/lang/StackWalker DEFAULT_WALKER Ljava/lang/StackWalker; java/lang/StackWalker
instanceKlass java/lang/StackStreamFactory$CallerClassFinder
ciInstanceKlass java/lang/StackStreamFactory$AbstractStackWalker 1 1 306 7 1 100 1 3 10 7 12 1 1 1 10 7 12 1 1 10 7 12 1 1 1 9 12 1 1 10 12 1 1 9 12 1 1 9 12 1 1 9 12 1 1 9 12 1 9 7 12 1 1 1 10 7 12 1 1 1 10 12 1 1 9 12 1 1 10 7 12 1 1 1 10 12 1 1 9 12 1 1 9 100 12 1 1 1 100 1 10 8 1 10 12 1 1 10 12 1 8 1 10 12 1 1 10 100 12 1 1 1 100 1 8 1 10 12 1 8 1 10 12 9 7 12 1 1 1 10 7 12 1 1 9 12 1 8 1 5 0 8 1 8 1 9 12 1 1 10 12 1 1 10 12 1 1 10 12 1 9 12 1 10 12 1 10 12 1 10 12 1 10 12 1 1 10 12 1 10 12 1 1 8 1 10 12 1 10 12 1 10 12 1 10 12 1 1 8 1 10 12 1 1 10 12 1 1 10 12 1 1 10 12 1 10 12 1 10 100 12 1 1 1 9 12 1 8 1 10 12 1 10 12 1 10 12 1 10 12 1 10 12 1 10 12 1 10 12 1 1 10 12 1 1 10 12 1 1 10 12 1 8 1 1 1 1 1 1 1 1 1 1 1 1 1 1 1 1 1 1 100 1 1 1 1 100 1 1 1 1 1 1 1 1 1 1 1 1 1 1 1 1 1 1 1 1 1
ciInstanceKlass jdk/internal/module/Modules 1 1 504 10 100 12 1 1 1 9 7 12 1 1 1 11 7 12 1 1 1 11 12 1 1 11 12 1 1 11 12 1 1 11 12 1 11 12 1 11 12 1 11 12 1 11 12 1 1 10 100 12 1 1 1 10 100 12 1 1 1 18 12 1 1 10 100 12 1 1 1 100 1 10 100 12 1 1 1 10 100 12 1 1 1 10 100 12 1 1 10 12 1 1 11 12 1 9 12 1 1 11 7 12 1 1 1 10 12 1 1 10 10 12 1 10 9 12 1 1 10 100 12 1 1 10 12 1 1 10 100 12 1 1 100 1 11 100 12 1 1 1 10 100 12 1 1 1 11 100 12 1 1 10 12 1 1 10 100 12 1 1 10 100 12 1 1 1 10 12 1 1 10 12 1 1 11 12 1 1 18 12 1 1 11 100 12 1 1 10 100 12 1 1 1 11 100 12 1 1 1 100 1 11 12 1 1 11 100 12 1 1 1 11 12 1 1 10 12 1 1 10 100 12 1 1 18 12 1 1 11 12 1 1 18 12 1 1 11 12 1 1 10 12 1 18 18 10 12 1 1 9 12 1 1 11 100 12 1 1 1 100 1 10 11 12 1 11 12 1 1 11 12 1 1 10 100 1 10 12 1 1 10 100 12 1 1 10 12 1 1 11 12 10 12 1 1 100 1 10 18 12 1 10 12 1 1 100 1 8 1 10 12 1 10 100 12 1 1 18 12 1 11 11 12 10 12 1 10 10 100 1 18 12 1 10 10 10 7 12 1 1 10 7 12 1 1 1 10 12 1 1 1 1 1 1 1 1 1 1 1 1 1 1 1 1 1 1 1 1 1 1 1 1 1 1 1 1 1 1 1 1 1 100 1 1 1 1 1 1 1 1 1 1 1 1 1 1 1 1 1 1 1 1 1 1 1 1 1 1 1 1 1 1 1 1 1 1 1 100 1 1 1 1 1 1 1 1 1 1 1 1 1 1 1 1 1 1 1 1 1 1 1 15 10 100 12 1 1 1 16 15 10 12 1 16 16 15 10 12 1 16 1 16 1 15 10 12 1 16 1 16 1 15 10 12 16 1 15 10 16 1 15 10 12 16 1 15 10 12 16 15 10 12 16 15 10 12 1 1 1 100 1 100 1 1
staticfield jdk/internal/module/Modules JLA Ljdk/internal/access/JavaLangAccess; java/lang/System$2
staticfield jdk/internal/module/Modules JLMA Ljdk/internal/access/JavaLangModuleAccess; java/lang/module/ModuleDescriptor$1
staticfield jdk/internal/module/Modules $assertionsDisabled Z 1
ciInstanceKlass java/lang/invoke/Invokers$Holder 1 1 99 1 100 1 100 1 1 1 1 1 1 1 7 1 7 1 7 1 1 12 10 1 1 12 10 1 1 12 10 1 1 100 1 1 12 9 1 1 1 12 10 1 1 1 12 10 1 1 12 10 1 1 1 12 10 1 1 100 1 1 12 10 1 1 12 10 1 1 12 10 1 12 10 1 1 12 10 1 1 12 10 1 12 10 1 12 10 12 10 1 1 12 10 1 12 10 1 1 1
ciMethod java/lang/invoke/Invokers$Holder linkToTargetMethod (Ljava/lang/Object;Ljava/lang/Object;)Ljava/lang/Object; 512 0 2241 0 -1
ciInstanceKlass java/util/zip/ZipFile$ZipFileInflaterInputStream 1 1 154 10 7 12 1 1 1 10 7 12 1 1 1 9 12 1 1 10 7 12 1 1 9 12 1 1 10 7 12 1 1 1 7 1 10 12 1 10 7 12 1 1 1 9 12 1 1 9 12 1 10 12 1 1 9 7 12 1 1 1 9 12 1 1 11 7 12 1 1 1 11 7 12 1 1 100 1 8 1 10 12 1 9 12 1 1 9 12 1 1 10 7 12 1 1 1 9 12 1 1 9 12 1 1 10 7 12 1 1 1 7 1 10 12 1 1 10 12 1 100 1 5 0 3 1 1 1 1 1 1 1 1 1 100 1 100 1 1 100 1 1 1 1 1 1 1 1 1 1 1 1 1 1 1
ciInstanceKlass java/util/zip/ZipFile$ZipFileInputStream 1 1 179 100 1 100 1 9 7 12 1 1 1 10 7 12 1 1 1 10 7 12 1 1 1 9 12 1 1 10 12 1 9 12 1 10 12 1 9 12 1 5 0 10 12 1 1 9 7 12 1 1 1 9 7 12 1 1 1 9 7 12 1 1 10 12 1 1 10 12 1 10 12 1 10 12 1 10 12 1 1 100 1 8 1 10 12 1 10 12 1 1 5 0 8 1 10 12 1 1 10 12 1 9 12 1 10 12 1 10 12 1 1 10 12 1 10 12 1 10 12 1 1 100 1 5 0 3 9 12 1 1 9 12 1 1 11 7 12 1 1 1 1 1 1 1 1 1 1 1 1 1 1 100 1 1 1 1 1 1 1 100 1 1 100 1 100 1 1 1 1 1 1 1 1 1 1 1 1 1 1
ciMethod java/util/Iterator remove ()V 0 0 1 0 -1
ciInstanceKlass java/util/WeakHashMap 1 1 376 7 1 10 7 12 1 1 1 7 1 10 9 7 12 1 1 1 100 1 100 1 10 8 1 10 12 1 1 10 12 1 10 12 1 1 10 12 1 3 10 7 12 1 1 1 8 1 10 12 1 10 12 1 1 9 12 1 1 9 12 1 1 9 12 1 1 4 10 12 1 11 7 12 1 1 1 10 100 12 1 1 1 10 12 1 1 9 12 1 1 10 12 1 1 10 12 1 1 10 7 12 1 1 10 12 1 10 12 1 1 9 12 1 10 12 1 9 12 1 1 9 12 1 9 12 10 12 1 10 10 12 1 1 10 12 1 10 12 1 1 10 12 1 1 10 12 1 1 9 12 1 10 12 1 10 12 1 1 100 1 3 10 12 1 1 11 12 1 1 11 7 12 1 1 1 11 7 12 1 1 1 11 12 7 1 11 12 1 11 12 1 10 12 1 1 10 10 7 12 1 1 1 10 12 1 9 12 1 1 7 1 10 12 1 9 12 1 1 7 1 10 9 12 7 1 10 10 100 12 1 1 10 12 1 11 100 12 1 1 1 100 1 10 11 100 12 1 1 10 1 1 3 1 1 1 1 1 1 1 1 1 1 1 1 1 1 1 1 1 1 1 1 1 1 1 1 1 1 1 1 1 1 1 1 1 100 1 1 1 1 1 100 1 1 1 1 1 1 1 1 1 1 1 1 1 1 1 1 1 1 1 1 1 1 1 1 1 1 1 1 1 1 1 100 1 1 1 1 1 1 1 1 1 1 1 1 1 1 1 1 1 1 1 1 1 1 100 1 100 1 100 1 100 1 100 1 100 1 100 1 100 1 1 1 1 1 1 1 1 1 1 1 1 1 1
staticfield java/util/WeakHashMap NULL_KEY Ljava/lang/Object; java/lang/Object
ciMethod java/util/WeakHashMap get (Ljava/lang/Object;)Ljava/lang/Object; 1024 4 4390 0 0
ciInstanceKlass java/lang/invoke/MethodType$ConcurrentWeakInternSet$WeakEntry 1 1 57 10 7 12 1 1 1 10 7 12 1 1 1 9 7 12 1 1 1 10 12 1 1 10 12 1 1 1 1 1 1 1 1 1 1 1 1 1 1 1 1 1 1 1 1 1 1 1 1 1 100 1 1 100 1 1 1
ciInstanceKlass java/util/jar/Attributes$Name 1 1 229 9 7 12 1 1 1 11 7 12 1 1 1 10 12 1 1 10 7 12 1 1 10 12 1 1 9 12 1 1 10 7 12 1 1 1 9 12 1 1 8 10 7 12 1 1 1 10 12 1 1 100 1 10 10 12 1 1 10 12 1 1 11 12 1 1 10 7 12 1 1 1 8 1 9 12 1 1 8 1 9 12 1 8 1 9 12 1 8 1 9 12 1 8 1 9 12 1 8 1 9 12 1 8 1 9 12 1 8 1 9 12 1 8 1 9 12 1 8 1 9 12 1 8 1 9 12 1 8 1 9 12 1 8 1 9 12 1 8 1 9 12 1 8 1 9 12 1 8 1 9 12 1 8 1 9 12 1 8 1 9 12 1 7 1 10 12 1 10 12 1 1 8 1 8 1 8 1 8 1 8 1 8 1 8 1 8 1 11 12 1 1 1 1 1 1 1 1 1 1 1 1 1 1 1 1 1 1 1 1 1 1 1 1 1 1 1 1 1 1 1 1 1 1 1 1 100 1 1
staticfield java/util/jar/Attributes$Name MANIFEST_VERSION Ljava/util/jar/Attributes$Name; java/util/jar/Attributes$Name
staticfield java/util/jar/Attributes$Name SIGNATURE_VERSION Ljava/util/jar/Attributes$Name; java/util/jar/Attributes$Name
staticfield java/util/jar/Attributes$Name CONTENT_TYPE Ljava/util/jar/Attributes$Name; java/util/jar/Attributes$Name
staticfield java/util/jar/Attributes$Name CLASS_PATH Ljava/util/jar/Attributes$Name; java/util/jar/Attributes$Name
staticfield java/util/jar/Attributes$Name MAIN_CLASS Ljava/util/jar/Attributes$Name; java/util/jar/Attributes$Name
staticfield java/util/jar/Attributes$Name SEALED Ljava/util/jar/Attributes$Name; java/util/jar/Attributes$Name
staticfield java/util/jar/Attributes$Name EXTENSION_LIST Ljava/util/jar/Attributes$Name; java/util/jar/Attributes$Name
staticfield java/util/jar/Attributes$Name EXTENSION_NAME Ljava/util/jar/Attributes$Name; java/util/jar/Attributes$Name
staticfield java/util/jar/Attributes$Name EXTENSION_INSTALLATION Ljava/util/jar/Attributes$Name; java/util/jar/Attributes$Name
staticfield java/util/jar/Attributes$Name IMPLEMENTATION_TITLE Ljava/util/jar/Attributes$Name; java/util/jar/Attributes$Name
staticfield java/util/jar/Attributes$Name IMPLEMENTATION_VERSION Ljava/util/jar/Attributes$Name; java/util/jar/Attributes$Name
staticfield java/util/jar/Attributes$Name IMPLEMENTATION_VENDOR Ljava/util/jar/Attributes$Name; java/util/jar/Attributes$Name
staticfield java/util/jar/Attributes$Name IMPLEMENTATION_VENDOR_ID Ljava/util/jar/Attributes$Name; java/util/jar/Attributes$Name
staticfield java/util/jar/Attributes$Name IMPLEMENTATION_URL Ljava/util/jar/Attributes$Name; java/util/jar/Attributes$Name
staticfield java/util/jar/Attributes$Name SPECIFICATION_TITLE Ljava/util/jar/Attributes$Name; java/util/jar/Attributes$Name
staticfield java/util/jar/Attributes$Name SPECIFICATION_VERSION Ljava/util/jar/Attributes$Name; java/util/jar/Attributes$Name
staticfield java/util/jar/Attributes$Name SPECIFICATION_VENDOR Ljava/util/jar/Attributes$Name; java/util/jar/Attributes$Name
staticfield java/util/jar/Attributes$Name MULTI_RELEASE Ljava/util/jar/Attributes$Name; java/util/jar/Attributes$Name
instanceKlass java/util/LinkedHashMap$Entry
ciInstanceKlass java/util/HashMap$Node 1 1 95 10 7 12 1 1 1 9 7 12 1 1 1 9 12 1 1 9 12 1 9 12 1 1 100 1 10 10 12 1 1 8 1 10 12 1 10 12 1 1 10 100 12 1 1 1 100 1 11 12 1 1 10 12 1 1 11 12 1 1 1 1 1 1 1 1 1 1 1 1 1 1 1 1 1 1 1 1 1 1 1 1 1 1 1 1 1 1 100 1 1 1 100 1 1
ciInstanceKlass java/util/HashMap$TreeNode 0 0 250 100 1 10 100 12 1 1 1 9 100 12 1 1 1 9 12 1 1 9 12 1 9 12 1 1 9 12 1 1 10 12 1 1 100 1 10 12 1 9 12 1 9 12 1 9 12 1 1 10 100 12 1 1 1 10 12 1 1 10 12 1 1 10 12 1 1 10 12 1 1 10 12 1 1 10 100 12 1 1 1 10 100 12 1 1 1 10 100 12 1 1 1 9 12 1 10 12 1 1 10 12 1 1 10 12 1 1 10 12 1 1 9 100 1 10 12 1 1 10 12 1 1 10 12 1 10 12 1 1 10 12 1 10 12 1 10 12 1 1 1 1 1 1 1 1 1 1 1 1 1 1 1 1 1 1 1 1 1 1 1 1 1 1 100 1 1 1 1 1 1 1 1 1 1 1 1 1 1 1 1 1 1 1 1 1 1 1 1 1 1 1 1 1 1 1 1 1 1 1 1 1 1 1 1 1 1 1 1 1 1 1 1 1 1 1 1 1 1 1 1 1 1 1 1 1 1 1 1 1 1 1 1 1 1 1 1 1 1 1 1 1 1 1 1 100 1 1 1 1
ciInstanceKlass java/lang/ref/ReferenceQueue$Lock 1 1 21 10 7 12 1 1 1 100 1 1 1 1 1 1 1 1 1 7 1 1 1
ciInstanceKlass java/lang/ref/ReferenceQueue$Null 1 1 28 10 7 12 1 1 1 100 1 1 1 1 1 1 1 1 1 1 1 1 1 1 1 1 1 1 1 1
ciInstanceKlass java/util/ArrayList$Itr 1 1 103 9 7 12 1 1 1 10 7 12 1 1 1 9 12 1 1 9 7 12 1 1 9 12 1 9 12 1 9 12 1 10 12 1 100 1 10 9 12 1 1 100 1 10 100 1 10 10 12 1 1 100 1 10 100 12 1 1 1 10 12 1 1 11 100 12 1 1 1 100 1 1 1 1 1 1 1 1 1 1 1 1 1 1 1 100 1 1 1 1 1 1 1 1 1 1 1 1 1 1 1 1 1
ciMethod java/util/ArrayList$Itr hasNext ()Z 532 0 5490 0 96
ciMethod java/util/ArrayList$Itr next ()Ljava/lang/Object; 522 0 5404 0 288
ciMethod java/util/ArrayList$Itr <init> (Ljava/util/ArrayList;)V 768 0 5517 0 0
ciMethod java/util/ArrayList$Itr checkForComodification ()V 522 0 5405 0 0
ciInstanceKlass java/util/Arrays$ArrayList 1 1 149 10 7 12 1 1 1 10 7 12 1 1 1 7 1 9 7 12 1 1 10 7 12 1 1 1 10 12 1 1 10 7 12 1 1 1 10 100 12 1 1 1 10 12 1 1 10 12 1 1 100 1 10 100 12 1 1 1 11 100 12 1 1 1 11 100 12 1 1 10 12 1 1 7 1 10 12 1 100 1 100 1 1 1 1 5 0 1 1 1 1 1 1 1 1 1 1 1 1 1 1 1 1 1 1 1 1 1 1 1 1 1 1 1 1 1 1 1 1 1 1 1 1 1 1 1 1 1 1 1 1 1 1 1 1 1 1 1 1 1 1 1 1 1 1 1 1 1 1
ciInstanceKlass java/util/Collections$EmptyList 1 1 150 10 7 12 1 1 1 10 7 12 1 1 1 10 12 1 1 11 100 12 1 1 1 100 1 100 1 100 1 10 8 1 10 12 1 1 10 12 1 10 12 1 1 10 12 1 100 1 11 10 100 12 1 1 1 10 100 12 1 1 1 9 12 1 1 100 1 100 1 100 1 1 1 1 5 0 1 1 1 1 1 1 1 1 1 1 1 1 1 1 1 1 1 1 1 1 1 1 1 1 1 1 1 1 1 1 1 1 1 1 1 1 1 1 1 1 1 1 1 1 1 1 1 1 1 1 1 1 1 1 1 1 1 1 1 1 1 1 1 1 1 1 1 1 1 1 1 1 1 1
ciMethod java/util/Collections$EmptyList isEmpty ()Z 300 0 150 0 0
ciInstanceKlass java/util/zip/ZipFile$Source$Key 1 1 84 10 7 12 1 1 1 9 7 12 1 1 1 9 12 1 1 10 7 12 1 1 1 9 12 1 1 100 1 5 0 11 7 12 1 1 1 10 7 12 1 1 1 10 7 12 1 1 1 10 12 1 1 11 12 1 1 10 10 1 1 1 1 1 1 1 1 1 1 1 1 1 1 1 1 1 1 100 1 1 100 1 1 1
ciInstanceKlass jdk/internal/ref/CleanerImpl$PhantomCleanableRef 1 1 51 10 7 12 1 1 1 9 7 12 1 1 1 10 12 1 11 7 12 1 1 100 1 8 1 10 12 1 8 1 1 1 1 1 1 1 1 1 1 1 1 1 1 1 1 1 1 100 1 1 1
ciMethod java/lang/ref/ReferenceQueue poll ()Ljava/lang/ref/Reference; 514 0 12098 0 0
ciMethod java/util/HashMap$TreeNode getTreeNode (ILjava/lang/Object;)Ljava/util/HashMap$TreeNode; 0 0 1 0 -1
ciMethod java/util/WeakHashMap matchesKey (Ljava/util/WeakHashMap$Entry;Ljava/lang/Object;)Z 384 0 6284 0 0
ciMethod java/util/WeakHashMap getTable ()[Ljava/util/WeakHashMap$Entry; 516 0 11019 0 0
ciMethod java/util/WeakHashMap maskNull (Ljava/lang/Object;)Ljava/lang/Object; 512 0 11018 0 0
ciMethod java/util/WeakHashMap expungeStaleEntries ()V 512 0 6441 0 1472
ciMethod java/util/WeakHashMap indexFor (II)I 476 0 10579 0 64
ciMethod java/util/WeakHashMap hash (Ljava/lang/Object;)I 516 0 5379 0 224
ciMethod java/util/HashMap getNode (Ljava/lang/Object;)Ljava/util/HashMap$Node; 520 10 12613 0 1152
ciMethod java/util/HashMap hash (Ljava/lang/Object;)I 512 0 29369 0 192
ciMethod java/lang/InternalError <init> (Ljava/lang/String;)V 0 0 1 0 -1
ciMethod java/util/List add (Ljava/lang/Object;)Z 0 0 1 0 -1
ciMethod java/util/List remove (Ljava/lang/Object;)Z 0 0 1 0 -1
ciMethod java/util/List get (I)Ljava/lang/Object; 0 0 1 0 -1
ciMethod java/util/List indexOf (Ljava/lang/Object;)I 0 0 1 0 -1
ciMethod java/util/List isEmpty ()Z 0 0 1 0 -1
ciMethod java/util/List size ()I 0 0 1 0 -1
ciMethod java/util/List iterator ()Ljava/util/Iterator; 0 0 1 0 -1
ciMethod java/util/Collection iterator ()Ljava/util/Iterator; 0 0 1 0 -1
ciMethod java/lang/reflect/Method invoke (Ljava/lang/Object;[Ljava/lang/Object;)Ljava/lang/Object; 86 0 43 0 -1
ciMethod java/lang/ref/ReferenceQueue reallyPoll ()Ljava/lang/ref/Reference; 4 0 563 0 0
ciMethod java/lang/ref/SoftReference <init> (Ljava/lang/Object;)V 514 0 404 0 -1
ciMethod java/lang/ref/Reference refersTo0 (Ljava/lang/Object;)Z 512 0 256 0 -1
ciMethod java/lang/ref/Reference refersTo (Ljava/lang/Object;)Z 512 0 11589 0 0
ciMethod java/util/Collections emptyList ()Ljava/util/List; 248 0 155 0 -1
ciMethod java/lang/IllegalArgumentException <init> (Ljava/lang/String;)V 0 0 1 0 -1
ciMethod java/util/Arrays copyOf ([Ljava/lang/Object;I)[Ljava/lang/Object; 26 0 462 0 -1
ciMethod java/lang/Math round (F)I 768 0 5522 0 -1
ciMethod java/lang/Math ceil (D)D 512 0 12242 0 -1
ciMethod java/lang/Math floor (D)D 516 0 11926 0 -1
ciMethod java/lang/Math max (II)I 546 0 44690 0 -1
ciMethod java/lang/Math min (II)I 516 0 47700 0 -1
ciMethod java/util/Map values ()Ljava/util/Collection; 0 0 1 0 -1
ciMethod java/util/Map put (Ljava/lang/Object;Ljava/lang/Object;)Ljava/lang/Object; 0 0 1 0 -1
ciMethod java/util/Map get (Ljava/lang/Object;)Ljava/lang/Object; 0 0 1 0 -1
ciMethod jdk/internal/misc/VM addFinalRefCount (I)V 0 0 1 0 0
ciMethod java/lang/String valueOf (Ljava/lang/Object;)Ljava/lang/String; 2 0 97 0 -1
ciMethod java/lang/String lastIndexOf (Ljava/lang/String;)I 1024 0 6403 0 -1
ciMethod java/lang/String substring (I)Ljava/lang/String; 910 0 6355 0 -1
ciMethod java/util/ArrayList iterator ()Ljava/util/Iterator; 768 0 5517 0 192
ciMethod java/util/ArrayList remove (Ljava/lang/Object;)Z 8 0 5133 0 0
ciMethod java/util/ArrayList add (Ljava/lang/Object;)Z 772 0 9237 0 1440
ciMethod java/util/ArrayList add (Ljava/lang/Object;[Ljava/lang/Object;I)V 784 0 9237 0 -1
ciMethod java/util/ArrayList grow (I)[Ljava/lang/Object; 102 0 3811 0 -1
ciMethod java/util/ArrayList grow ()[Ljava/lang/Object; 96 0 3740 0 -1
ciMethod java/util/ArrayList fastRemove ([Ljava/lang/Object;I)V 784 0 5126 0 0
ciMethod java/security/AccessController doPrivileged (Ljava/security/PrivilegedAction;)Ljava/lang/Object; 58 0 494 1 -1
ciMethod java/lang/Enum ordinal ()I 356 0 178 0 0
ciMethod java/util/Iterator hasNext ()Z 0 0 1 0 -1
ciMethod java/util/Iterator next ()Ljava/lang/Object; 0 0 1 0 -1
ciMethod java/lang/Class getMethod (Ljava/lang/String;[Ljava/lang/Class;)Ljava/lang/reflect/Method; 66 0 33 0 -1
ciMethod java/lang/Class forName (Ljava/lang/String;)Ljava/lang/Class; 16 0 17 0 -1
ciMethod java/lang/Class getName ()Ljava/lang/String; 770 0 5546 0 -1
ciMethod java/lang/Object getClass ()Ljava/lang/Class; 512 0 256 0 -1
ciMethod java/lang/Object <init> ()V 1024 0 242490 0 64
instanceKlass com/sun/javafx/tk/quantum/QuantumToolkit
ciInstanceKlass com/sun/javafx/tk/Toolkit 1 1 847 7 1 8 1 10 7 12 1 1 1 8 1 8 1 9 12 1 1 10 7 12 1 1 1 7 1 9 12 1 1 9 7 12 1 1 1 10 12 1 1 18 12 1 1 10 100 12 1 1 10 7 12 1 1 1 10 12 1 10 12 1 10 12 1 10 12 1 100 1 8 1 10 12 1 1 18 12 10 12 1 9 12 1 1 18 12 1 1 10 7 12 1 1 1 10 12 1 1 8 1 100 1 9 12 1 1 10 12 1 1 10 12 1 1 10 12 1 8 1 10 12 1 10 7 12 1 1 1 10 12 1 1 100 1 10 7 12 1 1 1 10 12 1 10 12 1 1 100 1 18 10 10 12 1 1 7 1 10 7 12 1 1 1 10 12 1 18 100 1 10 12 1 100 1 8 1 10 9 12 1 1 100 1 8 1 10 10 12 1 10 12 1 18 10 12 7 1 10 9 12 1 1 9 12 1 9 12 1 9 12 1 7 1 10 9 12 1 1 9 12 1 1 9 12 1 1 9 12 1 1 8 1 18 12 1 10 12 1 11 7 12 1 1 1 11 12 1 1 11 7 12 1 1 1 11 7 12 1 1 11 12 1 1 7 1 11 12 1 7 1 11 12 1 7 1 10 12 1 1 10 12 1 1 11 12 1 1 11 12 1 1 11 12 1 1 11 12 100 1 10 12 1 11 12 1 11 7 1 100 1 11 12 7 1 18 12 1 11 12 1 11 12 1 11 12 1 1 11 12 1 1 7 1 10 12 1 1 10 7 12 1 1 10 12 1 1 11 100 12 1 1 1 9 12 1 11 12 10 7 12 1 1 1 10 12 1 1 10 12 1 1 10 100 1 10 12 1 1 10 12 1 1 10 12 1 10 12 100 1 10 12 1 1 100 1 10 100 1 10 12 1 1 10 12 1 10 12 1 10 12 1 10 12 1 9 100 12 1 1 1 10 100 12 1 1 9 100 12 1 1 1 9 12 1 9 12 1 9 12 1 9 100 12 1 1 1 9 12 1 9 12 1 1 9 12 1 1 9 12 1 1 11 12 1 1 11 12 1 10 7 12 1 1 8 1 10 7 12 1 1 10 12 1 18 10 12 1 8 1 8 1 8 1 8 1 8 1 8 1 8 1 8 1 8 1 8 1 8 1 8 1 8 1 8 1 8 1 8 1 8 1 8 1 8 1 8 1 8 1 8 1 8 1 8 1 8 1 8 1 8 1 8 1 8 1 8 1 8 1 8 1 8 1 8 1 8 1 8 1 8 1 8 1 8 1 8 1 8 1 8 1 8 1 8 1 8 1 8 1 8 1 7 1 10 7 12 1 1 1 1 1 1 1 1 1 1 1 1 1 100 1 1 1 1 1 1 1 1 1 1 1 1 1 1 1 1 1 1 1 1 1 1 1 1 1 1 1 1 1 1 1 1 1 1 1 1 1 1 1 1 1 1 1 1 1 1 1 1 1 1 1 1 1 1 1 1 1 1 1 1 1 1 1 1 1 1 1 1 1 1 1 1 1 1 1 1 1 1 1 1 1 1 1 1 1 1 1 1 1 1 1 1 1 1 1 1 1 1 1 1 1 1 1 1 1 1 1 1 1 1 1 1 1 1 1 1 1 1 1 1 1 1 1 1 1 1 1 1 1 1 1 1 1 1 1 1 1 1 1 1 1 1 1 1 1 1 1 1 1 1 1 1 1 1 1 1 1 1 1 1 1 1 1 1 1 1 1 1 1 1 1 1 1 100 1 100 1 100 1 100 1 1 15 10 100 12 1 1 8 1 8 1 15 10 7 12 1 1 1 16 15 10 12 8 1 8 1 8 1 15 10 12 16 1 15 10 12 15 10 12 16 1 1 1 100 1 1 1 1 1 1 100 1 100 1 1 100 1 100 1 1 100 1 100 1 1
staticfield com/sun/javafx/tk/Toolkit gradientMap Ljava/util/Map; java/util/WeakHashMap
staticfield com/sun/javafx/tk/Toolkit verbose Z 0
staticfield com/sun/javafx/tk/Toolkit msLibNames [Ljava/lang/String; 47 [Ljava/lang/String;
instanceKlass javafx/scene/paint/RadialGradient
instanceKlass javafx/scene/paint/LinearGradient
instanceKlass javafx/scene/paint/ImagePattern
instanceKlass javafx/scene/paint/Color
ciInstanceKlass javafx/scene/paint/Paint 1 1 76 10 7 12 1 1 1 100 1 8 1 10 12 1 100 1 8 1 10 8 1 10 100 12 1 1 1 10 100 12 1 1 1 8 1 10 100 12 1 1 10 100 12 1 1 7 1 10 10 7 12 1 1 1 100 1 1 1 1 1 1 1 1 1 1 1 1 1 1 1 1 1 1 100 1 1
ciInstanceKlass javafx/scene/paint/Color 1 1 924 7 1 10 12 1 1 10 12 1 1 6 0 10 12 1 1 10 12 1 10 12 1 1 100 1 18 12 1 1 10 12 1 18 18 10 12 1 1 10 7 12 1 1 1 10 12 1 1 18 12 1 18 100 1 8 1 10 10 7 12 1 1 1 8 1 9 7 12 1 1 1 10 12 1 1 8 1 10 12 1 1 10 12 1 8 1 8 8 1 10 12 1 10 12 1 1 8 1 8 1 10 12 1 10 7 12 1 1 1 9 12 1 1 9 12 1 9 12 1 10 12 1 10 12 1 1 10 12 1 10 100 12 1 1 1 6 0 100 1 10 12 1 1 10 12 1 1 10 12 1 1 8 1 10 12 1 10 12 1 10 100 12 1 1 1 6 0 6 0 10 12 1 1 8 1 10 12 10 12 1 6 0 10 7 12 1 1 1 10 12 1 9 12 1 6 0 10 12 1 6 0 6 0 6 0 6 0 10 7 12 1 1 18 18 18 18 9 12 1 1 10 7 12 1 1 1 10 12 1 1 10 12 1 1 10 12 1 1 8 1 100 1 10 12 1 1 10 12 1 1 10 12 1 1 9 12 1 1 4 4 10 12 1 9 12 1 4 4 4 9 12 1 9 12 1 4 4 9 12 1 9 12 1 4 4 9 12 1 4 4 9 12 1 9 12 1 4 9 12 1 9 12 1 4 4 4 9 12 1 4 4 9 12 1 4 4 4 9 12 1 4 4 4 9 12 1 9 12 1 4 4 4 9 12 1 4 9 12 1 4 4 4 9 12 1 9 12 1 4 4 9 12 1 9 12 1 4 9 12 1 9 12 1 4 4 9 12 1 4 9 12 1 9 12 1 9 12 1 4 4 4 9 12 1 9 12 1 4 4 9 12 1 4 9 12 1 4 4 4 9 12 1 9 12 1 4 4 4 9 12 1 4 4 9 12 1 4 4 9 12 1 4 9 12 1 9 12 1 4 4 9 12 1 4 4 9 12 1 4 9 12 1 4 9 12 1 9 12 1 9 12 1 4 9 12 1 4 4 9 12 1 9 12 1 9 12 1 9 12 1 9 12 1 9 12 1 9 12 1 4 4 9 12 1 4 9 12 1 9 12 1 4 9 12 1 9 12 1 9 12 1 4 9 12 1 4 9 12 1 4 4 9 12 1 9 12 1 4 9 12 1 9 12 1 9 12 1 4 4 9 12 1 9 12 1 4 9 12 1 9 12 1 4 9 12 1 9 12 1 9 12 1 4 9 12 1 9 12 1 4 4 9 12 1 9 12 1 4 9 12 1 9 12 1 4 4 9 12 1 9 12 1 4 9 12 1 9 12 1 9 12 1 9 12 1 9 12 1 9 12 1 9 12 1 4 9 12 1 9 12 1 4 9 12 1 4 4 9 12 1 4 4 9 12 1 4 4 9 12 1 4 9 12 1 9 12 1 4 4 4 9 12 1 4 9 12 1 9 12 1 4 9 12 1 4 9 12 1 9 12 1 9 12 1 4 9 12 1 9 12 1 4 4 9 12 1 9 12 1 4 9 12 1 4 9 12 1 4 9 12 1 4 4 9 12 1 4 9 12 1 9 12 1 4 4 9 12 1 4 9 12 1 4 9 12 1 4 4 9 12 1 4 9 12 1 9 12 1 9 12 1 9 12 1 9 12 1 4 9 12 1 4 9 12 1 4 9 12 1 4 4 4 9 12 1 4 4 9 12 1 9 12 1 4 4 9 12 1 9 12 1 9 12 1 4 4 9 12 1 9 12 1 9 12 1 9 12 1 9 12 1 4 9 12 1 9 12 1 9 12 1 9 12 1 4 4 9 12 1 4 4 9 12 1 9 12 1 9 12 1 9 12 1 9 12 1 9 12 1 9 12 1 100 1 1 1 1 1 1 1 3 1 3 1 3 1 3 1 1 1 1 1 1 1 1 1 1 1 1 100 1 1 1 1 1 1 1 1 1 1 1 1 1 1 1 1 1 1 1 1 1 1 1 1 1 1 1 1 1 1 1 1 15 10 100 12 1 1 8 1 8 1 8 1 8 1 8 1 8 1 8 1 8 1 8 1 1 1 100 1 100 1 1
staticfield javafx/scene/paint/Color TRANSPARENT Ljavafx/scene/paint/Color; javafx/scene/paint/Color
staticfield javafx/scene/paint/Color ALICEBLUE Ljavafx/scene/paint/Color; javafx/scene/paint/Color
staticfield javafx/scene/paint/Color ANTIQUEWHITE Ljavafx/scene/paint/Color; javafx/scene/paint/Color
staticfield javafx/scene/paint/Color AQUA Ljavafx/scene/paint/Color; javafx/scene/paint/Color
staticfield javafx/scene/paint/Color AQUAMARINE Ljavafx/scene/paint/Color; javafx/scene/paint/Color
staticfield javafx/scene/paint/Color AZURE Ljavafx/scene/paint/Color; javafx/scene/paint/Color
staticfield javafx/scene/paint/Color BEIGE Ljavafx/scene/paint/Color; javafx/scene/paint/Color
staticfield javafx/scene/paint/Color BISQUE Ljavafx/scene/paint/Color; javafx/scene/paint/Color
staticfield javafx/scene/paint/Color BLACK Ljavafx/scene/paint/Color; javafx/scene/paint/Color
staticfield javafx/scene/paint/Color BLANCHEDALMOND Ljavafx/scene/paint/Color; javafx/scene/paint/Color
staticfield javafx/scene/paint/Color BLUE Ljavafx/scene/paint/Color; javafx/scene/paint/Color
staticfield javafx/scene/paint/Color BLUEVIOLET Ljavafx/scene/paint/Color; javafx/scene/paint/Color
staticfield javafx/scene/paint/Color BROWN Ljavafx/scene/paint/Color; javafx/scene/paint/Color
staticfield javafx/scene/paint/Color BURLYWOOD Ljavafx/scene/paint/Color; javafx/scene/paint/Color
staticfield javafx/scene/paint/Color CADETBLUE Ljavafx/scene/paint/Color; javafx/scene/paint/Color
staticfield javafx/scene/paint/Color CHARTREUSE Ljavafx/scene/paint/Color; javafx/scene/paint/Color
staticfield javafx/scene/paint/Color CHOCOLATE Ljavafx/scene/paint/Color; javafx/scene/paint/Color
staticfield javafx/scene/paint/Color CORAL Ljavafx/scene/paint/Color; javafx/scene/paint/Color
staticfield javafx/scene/paint/Color CORNFLOWERBLUE Ljavafx/scene/paint/Color; javafx/scene/paint/Color
staticfield javafx/scene/paint/Color CORNSILK Ljavafx/scene/paint/Color; javafx/scene/paint/Color
staticfield javafx/scene/paint/Color CRIMSON Ljavafx/scene/paint/Color; javafx/scene/paint/Color
staticfield javafx/scene/paint/Color CYAN Ljavafx/scene/paint/Color; javafx/scene/paint/Color
staticfield javafx/scene/paint/Color DARKBLUE Ljavafx/scene/paint/Color; javafx/scene/paint/Color
staticfield javafx/scene/paint/Color DARKCYAN Ljavafx/scene/paint/Color; javafx/scene/paint/Color
staticfield javafx/scene/paint/Color DARKGOLDENROD Ljavafx/scene/paint/Color; javafx/scene/paint/Color
staticfield javafx/scene/paint/Color DARKGRAY Ljavafx/scene/paint/Color; javafx/scene/paint/Color
staticfield javafx/scene/paint/Color DARKGREEN Ljavafx/scene/paint/Color; javafx/scene/paint/Color
staticfield javafx/scene/paint/Color DARKGREY Ljavafx/scene/paint/Color; javafx/scene/paint/Color
staticfield javafx/scene/paint/Color DARKKHAKI Ljavafx/scene/paint/Color; javafx/scene/paint/Color
staticfield javafx/scene/paint/Color DARKMAGENTA Ljavafx/scene/paint/Color; javafx/scene/paint/Color
staticfield javafx/scene/paint/Color DARKOLIVEGREEN Ljavafx/scene/paint/Color; javafx/scene/paint/Color
staticfield javafx/scene/paint/Color DARKORANGE Ljavafx/scene/paint/Color; javafx/scene/paint/Color
staticfield javafx/scene/paint/Color DARKORCHID Ljavafx/scene/paint/Color; javafx/scene/paint/Color
staticfield javafx/scene/paint/Color DARKRED Ljavafx/scene/paint/Color; javafx/scene/paint/Color
staticfield javafx/scene/paint/Color DARKSALMON Ljavafx/scene/paint/Color; javafx/scene/paint/Color
staticfield javafx/scene/paint/Color DARKSEAGREEN Ljavafx/scene/paint/Color; javafx/scene/paint/Color
staticfield javafx/scene/paint/Color DARKSLATEBLUE Ljavafx/scene/paint/Color; javafx/scene/paint/Color
staticfield javafx/scene/paint/Color DARKSLATEGRAY Ljavafx/scene/paint/Color; javafx/scene/paint/Color
staticfield javafx/scene/paint/Color DARKSLATEGREY Ljavafx/scene/paint/Color; javafx/scene/paint/Color
staticfield javafx/scene/paint/Color DARKTURQUOISE Ljavafx/scene/paint/Color; javafx/scene/paint/Color
staticfield javafx/scene/paint/Color DARKVIOLET Ljavafx/scene/paint/Color; javafx/scene/paint/Color
staticfield javafx/scene/paint/Color DEEPPINK Ljavafx/scene/paint/Color; javafx/scene/paint/Color
staticfield javafx/scene/paint/Color DEEPSKYBLUE Ljavafx/scene/paint/Color; javafx/scene/paint/Color
staticfield javafx/scene/paint/Color DIMGRAY Ljavafx/scene/paint/Color; javafx/scene/paint/Color
staticfield javafx/scene/paint/Color DIMGREY Ljavafx/scene/paint/Color; javafx/scene/paint/Color
staticfield javafx/scene/paint/Color DODGERBLUE Ljavafx/scene/paint/Color; javafx/scene/paint/Color
staticfield javafx/scene/paint/Color FIREBRICK Ljavafx/scene/paint/Color; javafx/scene/paint/Color
staticfield javafx/scene/paint/Color FLORALWHITE Ljavafx/scene/paint/Color; javafx/scene/paint/Color
staticfield javafx/scene/paint/Color FORESTGREEN Ljavafx/scene/paint/Color; javafx/scene/paint/Color
staticfield javafx/scene/paint/Color FUCHSIA Ljavafx/scene/paint/Color; javafx/scene/paint/Color
staticfield javafx/scene/paint/Color GAINSBORO Ljavafx/scene/paint/Color; javafx/scene/paint/Color
staticfield javafx/scene/paint/Color GHOSTWHITE Ljavafx/scene/paint/Color; javafx/scene/paint/Color
staticfield javafx/scene/paint/Color GOLD Ljavafx/scene/paint/Color; javafx/scene/paint/Color
staticfield javafx/scene/paint/Color GOLDENROD Ljavafx/scene/paint/Color; javafx/scene/paint/Color
staticfield javafx/scene/paint/Color GRAY Ljavafx/scene/paint/Color; javafx/scene/paint/Color
staticfield javafx/scene/paint/Color GREEN Ljavafx/scene/paint/Color; javafx/scene/paint/Color
staticfield javafx/scene/paint/Color GREENYELLOW Ljavafx/scene/paint/Color; javafx/scene/paint/Color
staticfield javafx/scene/paint/Color GREY Ljavafx/scene/paint/Color; javafx/scene/paint/Color
staticfield javafx/scene/paint/Color HONEYDEW Ljavafx/scene/paint/Color; javafx/scene/paint/Color
staticfield javafx/scene/paint/Color HOTPINK Ljavafx/scene/paint/Color; javafx/scene/paint/Color
staticfield javafx/scene/paint/Color INDIANRED Ljavafx/scene/paint/Color; javafx/scene/paint/Color
staticfield javafx/scene/paint/Color INDIGO Ljavafx/scene/paint/Color; javafx/scene/paint/Color
staticfield javafx/scene/paint/Color IVORY Ljavafx/scene/paint/Color; javafx/scene/paint/Color
staticfield javafx/scene/paint/Color KHAKI Ljavafx/scene/paint/Color; javafx/scene/paint/Color
staticfield javafx/scene/paint/Color LAVENDER Ljavafx/scene/paint/Color; javafx/scene/paint/Color
staticfield javafx/scene/paint/Color LAVENDERBLUSH Ljavafx/scene/paint/Color; javafx/scene/paint/Color
staticfield javafx/scene/paint/Color LAWNGREEN Ljavafx/scene/paint/Color; javafx/scene/paint/Color
staticfield javafx/scene/paint/Color LEMONCHIFFON Ljavafx/scene/paint/Color; javafx/scene/paint/Color
staticfield javafx/scene/paint/Color LIGHTBLUE Ljavafx/scene/paint/Color; javafx/scene/paint/Color
staticfield javafx/scene/paint/Color LIGHTCORAL Ljavafx/scene/paint/Color; javafx/scene/paint/Color
staticfield javafx/scene/paint/Color LIGHTCYAN Ljavafx/scene/paint/Color; javafx/scene/paint/Color
staticfield javafx/scene/paint/Color LIGHTGOLDENRODYELLOW Ljavafx/scene/paint/Color; javafx/scene/paint/Color
staticfield javafx/scene/paint/Color LIGHTGRAY Ljavafx/scene/paint/Color; javafx/scene/paint/Color
staticfield javafx/scene/paint/Color LIGHTGREEN Ljavafx/scene/paint/Color; javafx/scene/paint/Color
staticfield javafx/scene/paint/Color LIGHTGREY Ljavafx/scene/paint/Color; javafx/scene/paint/Color
staticfield javafx/scene/paint/Color LIGHTPINK Ljavafx/scene/paint/Color; javafx/scene/paint/Color
staticfield javafx/scene/paint/Color LIGHTSALMON Ljavafx/scene/paint/Color; javafx/scene/paint/Color
staticfield javafx/scene/paint/Color LIGHTSEAGREEN Ljavafx/scene/paint/Color; javafx/scene/paint/Color
staticfield javafx/scene/paint/Color LIGHTSKYBLUE Ljavafx/scene/paint/Color; javafx/scene/paint/Color
staticfield javafx/scene/paint/Color LIGHTSLATEGRAY Ljavafx/scene/paint/Color; javafx/scene/paint/Color
staticfield javafx/scene/paint/Color LIGHTSLATEGREY Ljavafx/scene/paint/Color; javafx/scene/paint/Color
staticfield javafx/scene/paint/Color LIGHTSTEELBLUE Ljavafx/scene/paint/Color; javafx/scene/paint/Color
staticfield javafx/scene/paint/Color LIGHTYELLOW Ljavafx/scene/paint/Color; javafx/scene/paint/Color
staticfield javafx/scene/paint/Color LIME Ljavafx/scene/paint/Color; javafx/scene/paint/Color
staticfield javafx/scene/paint/Color LIMEGREEN Ljavafx/scene/paint/Color; javafx/scene/paint/Color
staticfield javafx/scene/paint/Color LINEN Ljavafx/scene/paint/Color; javafx/scene/paint/Color
staticfield javafx/scene/paint/Color MAGENTA Ljavafx/scene/paint/Color; javafx/scene/paint/Color
staticfield javafx/scene/paint/Color MAROON Ljavafx/scene/paint/Color; javafx/scene/paint/Color
staticfield javafx/scene/paint/Color MEDIUMAQUAMARINE Ljavafx/scene/paint/Color; javafx/scene/paint/Color
staticfield javafx/scene/paint/Color MEDIUMBLUE Ljavafx/scene/paint/Color; javafx/scene/paint/Color
staticfield javafx/scene/paint/Color MEDIUMORCHID Ljavafx/scene/paint/Color; javafx/scene/paint/Color
staticfield javafx/scene/paint/Color MEDIUMPURPLE Ljavafx/scene/paint/Color; javafx/scene/paint/Color
staticfield javafx/scene/paint/Color MEDIUMSEAGREEN Ljavafx/scene/paint/Color; javafx/scene/paint/Color
staticfield javafx/scene/paint/Color MEDIUMSLATEBLUE Ljavafx/scene/paint/Color; javafx/scene/paint/Color
staticfield javafx/scene/paint/Color MEDIUMSPRINGGREEN Ljavafx/scene/paint/Color; javafx/scene/paint/Color
staticfield javafx/scene/paint/Color MEDIUMTURQUOISE Ljavafx/scene/paint/Color; javafx/scene/paint/Color
staticfield javafx/scene/paint/Color MEDIUMVIOLETRED Ljavafx/scene/paint/Color; javafx/scene/paint/Color
staticfield javafx/scene/paint/Color MIDNIGHTBLUE Ljavafx/scene/paint/Color; javafx/scene/paint/Color
staticfield javafx/scene/paint/Color MINTCREAM Ljavafx/scene/paint/Color; javafx/scene/paint/Color
staticfield javafx/scene/paint/Color MISTYROSE Ljavafx/scene/paint/Color; javafx/scene/paint/Color
staticfield javafx/scene/paint/Color MOCCASIN Ljavafx/scene/paint/Color; javafx/scene/paint/Color
staticfield javafx/scene/paint/Color NAVAJOWHITE Ljavafx/scene/paint/Color; javafx/scene/paint/Color
staticfield javafx/scene/paint/Color NAVY Ljavafx/scene/paint/Color; javafx/scene/paint/Color
staticfield javafx/scene/paint/Color OLDLACE Ljavafx/scene/paint/Color; javafx/scene/paint/Color
staticfield javafx/scene/paint/Color OLIVE Ljavafx/scene/paint/Color; javafx/scene/paint/Color
staticfield javafx/scene/paint/Color OLIVEDRAB Ljavafx/scene/paint/Color; javafx/scene/paint/Color
staticfield javafx/scene/paint/Color ORANGE Ljavafx/scene/paint/Color; javafx/scene/paint/Color
staticfield javafx/scene/paint/Color ORANGERED Ljavafx/scene/paint/Color; javafx/scene/paint/Color
staticfield javafx/scene/paint/Color ORCHID Ljavafx/scene/paint/Color; javafx/scene/paint/Color
staticfield javafx/scene/paint/Color PALEGOLDENROD Ljavafx/scene/paint/Color; javafx/scene/paint/Color
staticfield javafx/scene/paint/Color PALEGREEN Ljavafx/scene/paint/Color; javafx/scene/paint/Color
staticfield javafx/scene/paint/Color PALETURQUOISE Ljavafx/scene/paint/Color; javafx/scene/paint/Color
staticfield javafx/scene/paint/Color PALEVIOLETRED Ljavafx/scene/paint/Color; javafx/scene/paint/Color
staticfield javafx/scene/paint/Color PAPAYAWHIP Ljavafx/scene/paint/Color; javafx/scene/paint/Color
staticfield javafx/scene/paint/Color PEACHPUFF Ljavafx/scene/paint/Color; javafx/scene/paint/Color
staticfield javafx/scene/paint/Color PERU Ljavafx/scene/paint/Color; javafx/scene/paint/Color
staticfield javafx/scene/paint/Color PINK Ljavafx/scene/paint/Color; javafx/scene/paint/Color
staticfield javafx/scene/paint/Color PLUM Ljavafx/scene/paint/Color; javafx/scene/paint/Color
staticfield javafx/scene/paint/Color POWDERBLUE Ljavafx/scene/paint/Color; javafx/scene/paint/Color
staticfield javafx/scene/paint/Color PURPLE Ljavafx/scene/paint/Color; javafx/scene/paint/Color
staticfield javafx/scene/paint/Color RED Ljavafx/scene/paint/Color; javafx/scene/paint/Color
staticfield javafx/scene/paint/Color ROSYBROWN Ljavafx/scene/paint/Color; javafx/scene/paint/Color
staticfield javafx/scene/paint/Color ROYALBLUE Ljavafx/scene/paint/Color; javafx/scene/paint/Color
staticfield javafx/scene/paint/Color SADDLEBROWN Ljavafx/scene/paint/Color; javafx/scene/paint/Color
staticfield javafx/scene/paint/Color SALMON Ljavafx/scene/paint/Color; javafx/scene/paint/Color
staticfield javafx/scene/paint/Color SANDYBROWN Ljavafx/scene/paint/Color; javafx/scene/paint/Color
staticfield javafx/scene/paint/Color SEAGREEN Ljavafx/scene/paint/Color; javafx/scene/paint/Color
staticfield javafx/scene/paint/Color SEASHELL Ljavafx/scene/paint/Color; javafx/scene/paint/Color
staticfield javafx/scene/paint/Color SIENNA Ljavafx/scene/paint/Color; javafx/scene/paint/Color
staticfield javafx/scene/paint/Color SILVER Ljavafx/scene/paint/Color; javafx/scene/paint/Color
staticfield javafx/scene/paint/Color SKYBLUE Ljavafx/scene/paint/Color; javafx/scene/paint/Color
staticfield javafx/scene/paint/Color SLATEBLUE Ljavafx/scene/paint/Color; javafx/scene/paint/Color
staticfield javafx/scene/paint/Color SLATEGRAY Ljavafx/scene/paint/Color; javafx/scene/paint/Color
staticfield javafx/scene/paint/Color SLATEGREY Ljavafx/scene/paint/Color; javafx/scene/paint/Color
staticfield javafx/scene/paint/Color SNOW Ljavafx/scene/paint/Color; javafx/scene/paint/Color
staticfield javafx/scene/paint/Color SPRINGGREEN Ljavafx/scene/paint/Color; javafx/scene/paint/Color
staticfield javafx/scene/paint/Color STEELBLUE Ljavafx/scene/paint/Color; javafx/scene/paint/Color
staticfield javafx/scene/paint/Color TAN Ljavafx/scene/paint/Color; javafx/scene/paint/Color
staticfield javafx/scene/paint/Color TEAL Ljavafx/scene/paint/Color; javafx/scene/paint/Color
staticfield javafx/scene/paint/Color THISTLE Ljavafx/scene/paint/Color; javafx/scene/paint/Color
staticfield javafx/scene/paint/Color TOMATO Ljavafx/scene/paint/Color; javafx/scene/paint/Color
staticfield javafx/scene/paint/Color TURQUOISE Ljavafx/scene/paint/Color; javafx/scene/paint/Color
staticfield javafx/scene/paint/Color VIOLET Ljavafx/scene/paint/Color; javafx/scene/paint/Color
staticfield javafx/scene/paint/Color WHEAT Ljavafx/scene/paint/Color; javafx/scene/paint/Color
staticfield javafx/scene/paint/Color WHITE Ljavafx/scene/paint/Color; javafx/scene/paint/Color
staticfield javafx/scene/paint/Color WHITESMOKE Ljavafx/scene/paint/Color; javafx/scene/paint/Color
staticfield javafx/scene/paint/Color YELLOW Ljavafx/scene/paint/Color; javafx/scene/paint/Color
staticfield javafx/scene/paint/Color YELLOWGREEN Ljavafx/scene/paint/Color; javafx/scene/paint/Color
ciInstanceKlass javafx/scene/image/Image 1 1 583 9 7 12 1 1 1 9 12 1 1 10 12 1 1 10 7 12 1 1 1 9 12 1 1 10 12 1 1 10 12 1 1 8 10 12 1 1 9 12 1 1 9 12 1 9 12 1 1 10 7 1 10 12 1 1 8 10 12 1 9 12 1 10 12 1 8 9 12 1 1 9 12 1 9 12 1 10 12 1 1 10 100 12 1 1 9 12 1 1 10 12 1 10 12 1 8 10 10 12 1 1 10 100 12 1 1 9 12 1 1 10 12 1 100 1 10 12 1 8 10 9 12 1 1 10 7 1 10 12 1 1 8 10 10 12 1 1 10 12 1 1 10 12 1 10 12 1 10 12 1 1 100 1 8 1 10 12 1 10 7 12 1 1 1 10 12 1 1 10 100 12 1 1 1 10 12 1 10 7 12 1 9 12 1 1 10 100 12 1 1 10 18 12 1 1 10 100 12 1 1 1 10 12 1 1 10 12 1 1 10 12 1 10 12 1 10 12 1 10 12 1 10 12 1 10 12 1 10 12 1 1 10 12 1 1 10 12 1 11 7 12 1 1 1 10 12 1 11 12 1 10 12 1 11 12 1 1 11 12 11 7 12 1 1 1 11 12 10 12 1 1 10 12 1 10 12 1 10 12 1 9 12 1 1 9 12 1 18 12 1 9 12 1 1 9 12 1 1 11 100 12 1 1 10 12 1 10 12 1 11 12 1 1 10 12 10 12 1 1 11 7 12 1 1 1 10 10 10 12 1 10 10 12 1 10 12 10 10 10 10 12 1 1 10 100 1 8 1 10 10 7 12 1 1 10 12 1 8 1 9 12 1 1 10 7 12 1 1 1 10 7 12 1 1 10 7 12 1 1 1 10 12 1 1 10 12 1 1 10 12 1 1 10 7 12 1 1 1 8 1 10 7 12 1 1 10 100 12 1 1 1 10 100 1 8 1 10 12 1 1 10 12 1 8 1 10 100 12 1 1 18 12 1 1 10 12 1 1 10 12 1 10 12 1 10 12 1 10 12 1 9 12 1 1 100 1 10 11 12 1 11 12 1 1 100 1 10 12 1 9 12 1 1 10 10 12 1 7 1 10 10 12 1 1 8 1 10 12 1 1 7 1 10 1 1 1 1 1 3 1 1 1 1 1 1 1 1 1 1 1 1 1 1 1 1 1 1 1 1 1 1 1 1 1 1 1 1 1 1 1 1 1 1 1 1 1 1 1 1 1 1 1 1 1 1 1 100 1 1 15 10 100 12 1 1 1 16 15 10 12 15 10 12 15 10 100 12 1 1 8 1 1 1 1 1 1 1 100 1 100 1 1
staticfield javafx/scene/image/Image URL_QUICKMATCH Ljava/util/regex/Pattern; java/util/regex/Pattern
staticfield javafx/scene/image/Image pendingTasks Ljava/util/Queue; java/util/LinkedList
ciInstanceKlass com/sun/javafx/tk/Toolkit$ImageAccessor 1 0 26 100 1 100 1 1 1 1 1 1 1 1 1 1 1 1 1 1 1 1 1 1 100 1 1 1
ciInstanceKlass com/sun/prism/impl/PrismSettings 1 1 605 10 100 12 1 1 1 9 7 12 1 1 1 10 100 12 1 1 1 8 1 10 12 1 10 7 12 1 1 1 10 100 12 1 1 1 10 12 1 10 12 1 1 8 1 10 12 1 1 10 7 12 1 1 1 10 100 12 1 1 100 1 9 12 1 10 12 1 1 8 1 10 12 1 10 12 1 10 100 12 1 1 1 6 0 10 100 12 1 1 1 8 1 8 1 5 0 8 1 8 1 5 0 8 1 8 1 5 0 10 100 12 1 1 1 100 1 10 12 1 10 12 1 10 12 1 1 10 12 1 1 10 7 12 1 1 1 10 100 12 1 1 10 12 1 10 12 1 10 12 1 1 18 12 1 1 10 7 12 1 1 1 8 1 10 12 1 1 8 1 9 12 1 1 8 1 9 12 1 8 1 9 12 1 8 1 10 12 1 1 10 7 12 1 1 1 9 12 1 1 8 1 9 12 1 8 1 9 12 1 8 1 9 12 1 8 1 9 12 1 8 1 9 12 1 8 1 9 12 1 8 1 9 12 1 8 1 8 1 10 12 1 8 1 10 12 1 1 9 12 1 9 12 1 8 1 9 12 1 8 1 9 12 1 8 1 8 1 10 12 1 9 12 1 8 1 9 12 1 8 1 9 12 1 8 1 9 12 1 8 1 9 12 1 8 1 9 12 1 8 1 8 1 10 12 1 1 10 7 12 1 1 8 1 8 1 10 12 1 8 1 10 12 1 10 12 1 10 12 1 11 7 12 1 1 1 9 12 1 1 8 1 10 12 10 12 1 8 1 8 1 9 7 12 1 1 1 9 12 1 8 1 10 12 1 9 12 1 8 1 8 1 8 1 9 12 1 1 8 1 9 12 1 8 1 9 12 1 8 1 9 12 1 8 1 5 0 8 1 10 12 1 1 9 12 1 1 8 1 5 0 8 1 10 12 1 9 12 1 8 1 9 12 1 8 1 9 12 1 8 1 11 12 1 1 11 100 12 1 1 11 12 1 1 18 12 1 8 1 18 10 12 1 1 18 8 1 10 12 1 1 8 1 8 1 18 12 8 1 8 1 8 1 8 1 8 1 3 9 12 1 8 1 8 1 9 12 1 8 1 9 12 1 8 1 9 12 1 8 1 9 12 1 8 1 8 1 9 12 1 8 1 8 1 9 12 1 8 1 9 12 1 8 1 10 12 1 9 12 1 8 1 9 12 1 8 1 9 12 1 8 1 9 12 1 8 1 9 12 1 8 1 9 12 1 8 1 9 12 1 1 1 1 1 1 100 1 1 1 1 1 1 1 15 10 7 12 1 1 1 16 15 10 12 15 10 100 12 1 1 8 1 8 1 8 1 8 1 1 1 100 1 100 1 1
staticfield com/sun/prism/impl/PrismSettings verbose Z 0
staticfield com/sun/prism/impl/PrismSettings debug Z 0
staticfield com/sun/prism/impl/PrismSettings trace Z 0
staticfield com/sun/prism/impl/PrismSettings printAllocs Z 0
staticfield com/sun/prism/impl/PrismSettings isVsyncEnabled Z 1
staticfield com/sun/prism/impl/PrismSettings dirtyOptsEnabled Z 1
staticfield com/sun/prism/impl/PrismSettings occlusionCullingEnabled Z 1
staticfield com/sun/prism/impl/PrismSettings scrollCacheOpt Z 0
staticfield com/sun/prism/impl/PrismSettings threadCheck Z 0
staticfield com/sun/prism/impl/PrismSettings cacheSimpleShapes Z 0
staticfield com/sun/prism/impl/PrismSettings cacheComplexShapes Z 1
staticfield com/sun/prism/impl/PrismSettings useNewImageLoader Z 1
staticfield com/sun/prism/impl/PrismSettings tryOrder Ljava/util/List; java/util/ImmutableCollections$List12
staticfield com/sun/prism/impl/PrismSettings prismStatFrequency I 0
staticfield com/sun/prism/impl/PrismSettings rasterizerSpec Lcom/sun/prism/impl/PrismSettings$RasterizerType; com/sun/prism/impl/PrismSettings$RasterizerType
staticfield com/sun/prism/impl/PrismSettings refType Ljava/lang/String; null
staticfield com/sun/prism/impl/PrismSettings forceRepaint Z 0
staticfield com/sun/prism/impl/PrismSettings noFallback Z 0
staticfield com/sun/prism/impl/PrismSettings showDirtyRegions Z 0
staticfield com/sun/prism/impl/PrismSettings showOverdraw Z 0
staticfield com/sun/prism/impl/PrismSettings printRenderGraph Z 0
staticfield com/sun/prism/impl/PrismSettings minRTTSize I 0
staticfield com/sun/prism/impl/PrismSettings dirtyRegionCount I 6
staticfield com/sun/prism/impl/PrismSettings disableBadDriverWarning Z 0
staticfield com/sun/prism/impl/PrismSettings forceGPU Z 0
staticfield com/sun/prism/impl/PrismSettings maxTextureSize I 4096
staticfield com/sun/prism/impl/PrismSettings primTextureSize I 0
staticfield com/sun/prism/impl/PrismSettings disableRegionCaching Z 0
staticfield com/sun/prism/impl/PrismSettings forcePow2 Z 0
staticfield com/sun/prism/impl/PrismSettings noClampToZero Z 0
staticfield com/sun/prism/impl/PrismSettings disableD3D9Ex Z 0
staticfield com/sun/prism/impl/PrismSettings allowHiDPIScaling Z 1
staticfield com/sun/prism/impl/PrismSettings maxVram J 536870912
staticfield com/sun/prism/impl/PrismSettings targetVram J 67108864
staticfield com/sun/prism/impl/PrismSettings poolStats Z 0
staticfield com/sun/prism/impl/PrismSettings poolDebug Z 0
staticfield com/sun/prism/impl/PrismSettings disableEffects Z 0
staticfield com/sun/prism/impl/PrismSettings glyphCacheWidth I 1024
staticfield com/sun/prism/impl/PrismSettings glyphCacheHeight I 1024
staticfield com/sun/prism/impl/PrismSettings perfLog Ljava/lang/String; null
staticfield com/sun/prism/impl/PrismSettings perfLogExitFlush Z 0
staticfield com/sun/prism/impl/PrismSettings perfLogFirstPaintFlush Z 0
staticfield com/sun/prism/impl/PrismSettings perfLogFirstPaintExit Z 0
staticfield com/sun/prism/impl/PrismSettings superShader Z 1
staticfield com/sun/prism/impl/PrismSettings forceUploadingPainter Z 0
staticfield com/sun/prism/impl/PrismSettings forceAlphaTestShader Z 0
staticfield com/sun/prism/impl/PrismSettings forceNonAntialiasedShape Z 0
instanceKlass com/sun/javafx/geom/Line2D
instanceKlass com/sun/javafx/geom/TransformedShape
instanceKlass com/sun/javafx/geom/Area
instanceKlass com/sun/javafx/geom/ShapePair
instanceKlass com/sun/javafx/geom/RectangularShape
instanceKlass com/sun/javafx/geom/Path2D
ciInstanceKlass com/sun/javafx/geom/Shape 1 1 156 10 7 12 1 1 1 9 100 12 1 1 1 9 12 1 10 7 12 1 1 1 10 100 12 1 1 1 10 12 1 10 12 1 10 12 1 10 12 1 1 10 12 11 7 12 1 1 1 11 12 1 1 100 1 8 1 10 12 1 11 12 1 10 12 1 1 10 12 1 1 10 12 1 1 10 100 12 1 1 1 3 10 12 1 1 10 12 1 1 10 12 1 1 10 12 1 10 12 1 1 10 12 1 1 10 12 1 1 10 12 1 4 10 7 12 1 1 1 4 4 1 1 1 1 3 1 3 1 3 1 3 1 1 1 1 1 1 1 1 1 1 1 1 100 1 1 1 1 1 1 1 100 1 1 1
ciInstanceKlass com/sun/javafx/geom/Path2D 1 1 479 100 1 7 1 10 12 1 1 10 7 12 1 1 10 12 1 1 9 12 1 1 9 12 1 1 10 12 1 9 12 1 1 9 12 1 10 100 12 1 1 1 9 12 1 10 100 12 1 1 1 10 12 1 9 12 1 1 9 12 1 9 12 1 9 12 1 9 12 1 9 12 1 10 12 1 1 10 12 1 1 11 12 1 1 10 12 1 1 100 1 10 12 1 10 7 12 1 1 1 4 10 12 1 1 10 100 12 1 1 1 100 1 8 1 10 12 1 10 12 1 10 12 1 100 1 8 1 10 10 12 1 1 9 12 1 1 100 1 10 100 1 3 100 1 8 1 10 12 1 1 9 7 12 1 1 1 10 12 1 1 100 1 8 1 10 100 1 6 0 9 12 1 10 12 1 9 12 1 10 12 1 10 12 1 1 10 12 1 1 10 12 1 6 0 10 12 1 10 12 1 6 0 10 12 1 1 10 12 1 1 10 12 1 1 10 12 1 1 3 10 12 1 1 10 12 1 1 10 12 1 1 11 12 1 11 12 1 1 10 12 1 1 10 12 1 11 12 1 7 1 10 12 100 1 10 12 1 7 1 10 12 1 7 1 10 9 12 1 10 10 12 1 1 10 12 1 1 10 12 1 10 12 1 10 12 1 10 12 1 10 12 1 10 12 1 10 12 1 10 12 1 10 12 1 10 12 1 10 12 1 10 12 1 9 12 1 18 12 1 1 8 1 8 1 10 12 1 10 100 12 1 1 1 10 12 1 1 9 12 1 9 12 1 10 12 1 1 10 12 1 1 10 12 1 10 12 1 1 10 12 1 1 10 12 1 1 100 1 10 10 12 1 10 7 12 1 1 1 10 12 1 1 10 7 12 1 1 9 12 1 1 100 1 1 1 3 1 3 1 1 1 1 3 1 3 1 3 1 3 1 3 1 3 1 1 1 1 1 1 1 1 1 100 1 1 1 1 1 1 1 1 1 1 1 1 1 1 1 1 1 1 1 1 1 1 1 1 1 1 1 1 1 1 1 1 1 100 1 1 15 10 100 12 1 1 8 1 1 1 1 1 1 1 100 1 100 1 1
staticfield com/sun/javafx/geom/Path2D curvecoords [I 5
staticfield com/sun/javafx/geom/Path2D $assertionsDisabled Z 1
ciInstanceKlass com/sun/scenario/effect/LockableResource 1 0 12 100 1 100 1 1 1 1 1 1 1 1
ciInstanceKlass com/sun/scenario/effect/Filterable 1 0 25 100 1 100 1 100 1 1 1 1 1 1 1 1 1 1 1 1 1 1 1 1 1 1 1
instanceKlass com/sun/scenario/effect/impl/prism/PrFilterContext
ciInstanceKlass com/sun/scenario/effect/FilterContext 1 1 36 10 7 12 1 1 1 100 1 8 1 10 12 1 9 7 12 1 1 1 10 12 1 1 10 12 1 1 1 1 1 1 1 1 1 1
ciInstanceKlass com/sun/scenario/effect/impl/prism/PrFilterContext 1 1 93 9 7 12 1 1 1 10 12 1 1 10 7 1 100 1 8 1 10 12 1 9 12 1 1 11 7 12 1 1 1 11 12 1 1 9 12 1 1 10 100 12 1 1 1 10 12 1 1 9 12 1 9 12 1 1 10 12 1 1 10 7 12 1 1 1 10 12 1 10 12 1 1 7 1 10 12 1 1 1 1 1 1 1 1 1 1 1 1 1 1 1 1
staticfield com/sun/scenario/effect/impl/prism/PrFilterContext ctxMap Ljava/util/Map; java/util/WeakHashMap
ciInstanceKlass com/sun/prism/BasicStroke 1 1 311 100 1 10 7 12 1 1 1 9 7 12 1 1 1 4 10 12 1 1 10 12 1 10 12 1 100 1 8 1 10 12 1 8 1 8 1 8 1 8 1 9 12 1 1 9 12 1 1 9 12 1 9 12 1 9 12 1 8 1 8 1 9 12 1 9 12 1 100 1 10 12 1 1 10 12 1 1 10 12 1 1 10 12 1 10 7 12 1 1 1 4 10 12 1 1 4 4 10 100 12 1 1 1 10 12 1 1 10 12 1 10 12 1 1 10 12 1 1 10 12 1 1 10 12 1 10 12 1 1 11 100 12 1 1 1 11 12 1 1 10 12 1 1 10 12 1 1 10 12 1 1 10 12 1 1 10 12 1 11 12 1 10 12 1 1 10 12 1 10 12 1 1 10 12 10 12 1 1 10 12 1 1 10 100 12 1 1 9 9 12 1 100 1 10 10 12 1 9 12 1 9 12 1 9 12 1 4 9 12 1 9 12 1 10 12 1 10 12 1 1 100 1 8 1 10 10 12 1 10 12 1 1 10 12 1 1 10 12 1 1 10 12 1 10 12 1 100 1 100 1 10 12 1 10 100 12 1 1 1 10 100 12 1 1 1 10 12 1 6 0 1 1 3 1 3 1 3 1 1 1 1 1 1 1 3 1 1 1 1 1 1 1 100 1 1 1 1 1 1 1 1 1 1 1 1 1 1 1 1 1
staticfield com/sun/prism/BasicStroke SQRT_2 F 1068827891
instanceKlass com/sun/prism/d3d/D3DPipeline
ciInstanceKlass com/sun/prism/GraphicsPipeline 1 1 286 10 7 12 1 1 1 7 1 10 9 7 12 1 1 1 9 12 1 1 10 12 1 9 12 1 1 11 100 12 1 1 1 100 1 10 12 1 11 12 1 11 7 12 1 1 1 11 7 12 1 1 1 11 12 1 1 100 1 11 12 1 10 12 1 1 10 12 1 1 10 7 12 1 1 1 10 12 1 1 10 12 1 1 9 12 1 1 10 7 12 1 1 1 9 7 12 1 1 1 11 12 1 9 12 1 1 9 100 12 1 1 1 8 1 10 100 12 1 1 1 100 1 10 7 12 1 1 1 18 12 1 1 10 12 8 1 10 12 1 9 12 1 8 1 8 1 8 1 8 1 8 1 8 1 10 12 1 1 18 12 1 18 10 7 12 1 1 1 18 8 1 100 1 10 12 1 1 100 1 10 7 12 1 1 1 10 12 1 10 12 1 18 10 12 1 18 8 1 8 1 7 1 18 10 12 1 100 1 8 1 10 10 12 1 1 8 1 10 12 1 9 12 1 1 1 1 1 1 1 1 1 1 1 1 1 1 1 1 1 1 1 1 1 1 1 1 1 1 1 1 1 1 100 1 100 1 1 15 10 7 12 1 1 8 1 8 1 8 1 8 1 8 1 8 1 8 1 1 1 1 100 1 100 1 1
ciInstanceKlass com/sun/prism/GraphicsResource 1 0 9 100 1 100 1 1 1 1 1
ciInstanceKlass com/sun/prism/ResourceFactory 1 0 73 100 1 100 1 100 1 1 1 1 1 1 1 1 1 1 1 1 1 1 1 1 1 1 1 1 1 1 1 1 1 1 1 1 1 1 1 1 1 1 1 1 1 1 1 1 1 1 1 1 1 1 1 1 1 1 1 1 1 1 1 1 1 1 1 100 1 100 1 1 100 1 1
ciInstanceKlass com/sun/prism/ps/ShaderFactory 1 0 15 100 1 100 1 100 1 1 1 1 1 1 1 1 1
instanceKlass com/sun/prism/impl/ps/BaseShaderFactory
ciInstanceKlass com/sun/prism/impl/BaseResourceFactory 1 1 395 7 1 10 12 1 1 10 7 12 1 1 10 7 1 9 12 1 1 9 12 1 1 9 12 1 1 9 12 1 9 12 1 9 7 12 1 1 1 10 12 1 1 10 12 1 1 10 12 1 1 10 12 1 1 11 7 12 1 1 1 11 100 12 1 1 1 11 100 12 1 1 11 12 1 1 7 1 11 12 1 11 12 1 10 12 1 1 100 1 11 100 12 1 1 1 100 1 9 12 1 1 9 12 1 10 12 1 10 12 1 1 11 12 1 11 12 1 10 7 12 1 1 1 10 12 1 10 12 1 1 100 1 8 1 10 12 1 9 7 12 1 1 1 10 100 12 1 1 1 18 12 1 1 9 12 1 18 12 1 11 12 1 11 12 1 11 12 1 11 11 12 1 1 11 12 1 11 11 12 1 10 7 12 1 1 1 10 7 12 1 1 1 10 12 1 10 12 1 10 12 1 1 10 12 1 1 10 12 1 1 11 7 12 1 1 11 12 1 1 9 7 12 1 1 1 10 12 1 1 10 7 12 1 1 7 1 10 12 1 11 12 1 1 11 12 1 10 12 1 100 1 10 12 1 1 9 12 1 1 9 12 1 9 12 1 9 12 1 10 12 1 11 12 1 1 11 12 1 10 12 1 9 12 1 1 10 12 1 9 12 1 9 12 1 9 7 12 1 1 9 12 1 9 100 12 1 1 1 10 12 1 10 12 1 10 12 1 10 12 1 100 1 8 1 10 18 9 12 1 100 1 8 1 10 100 1 10 12 1 100 1 1 1 1 1 1 1 1 1 1 1 1 1 1 1 1 1 1 1 1 1 1 1 1 1 1 1 1 1 1 1 1 1 15 10 100 12 1 1 8 1 8 1 8 1 1 1 1 1 100 1 100 1 1
instanceKlass com/sun/prism/d3d/D3DResourceFactory
ciInstanceKlass com/sun/prism/impl/ps/BaseShaderFactory 1 1 55 10 7 12 1 1 1 10 12 1 9 100 12 1 1 1 100 1 10 100 1 10 9 12 1 100 1 10 100 1 10 100 1 10 100 1 10 100 1 100 1 1 1 1 1 1 1 1 100 1 1 1 1 1 1
ciInstanceKlass com/sun/prism/d3d/D3DResourceFactory 1 1 632 9 7 12 1 1 1 9 12 1 9 12 1 10 7 12 1 1 1 7 1 10 12 1 9 12 1 1 9 12 1 1 7 1 10 12 1 9 12 1 1 10 12 1 10 12 1 1 9 12 1 9 7 12 1 1 1 9 12 1 9 100 12 1 1 1 8 1 10 100 12 1 1 1 9 7 12 1 1 1 9 12 1 9 12 1 1 10 12 1 1 9 12 1 10 100 12 1 1 1 10 12 1 1 10 12 1 10 12 1 7 1 10 12 1 1 10 12 1 10 12 1 1 100 1 10 100 12 1 1 1 18 12 1 1 10 12 9 7 12 1 1 1 8 1 9 12 1 100 1 3 10 12 1 1 100 1 18 12 1 10 10 12 1 10 12 1 1 10 12 1 1 10 12 1 1 10 12 1 10 7 1 10 12 1 1 10 12 1 1 10 12 1 9 7 12 1 1 1 10 12 1 1 10 12 1 11 100 12 1 1 11 12 1 11 12 1 11 12 1 11 12 1 11 12 1 1 100 1 9 12 1 10 12 1 11 12 1 9 12 1 9 12 1 1 10 12 1 10 12 1 10 12 1 1 11 12 1 9 12 1 10 12 1 1 10 12 1 8 1 9 12 1 10 100 12 1 1 1 10 12 1 10 12 1 1 9 12 1 7 1 10 12 1 10 12 1 1 11 7 12 1 1 8 1 10 7 12 1 1 9 12 1 10 12 1 1 10 12 1 10 12 1 10 12 1 9 12 1 10 12 1 7 1 10 12 1 1 10 12 1 10 12 1 10 12 1 1 8 1 7 1 10 12 1 10 12 1 1 10 12 1 1 10 12 1 10 7 12 1 1 1 10 12 1 1 100 1 8 1 10 12 1 10 12 1 1 10 7 12 1 1 1 10 12 1 100 1 8 1 10 18 12 1 1 10 7 12 1 1 1 7 1 18 10 7 12 1 1 1 8 1 7 1 10 12 1 1 7 1 10 7 12 1 1 1 7 1 7 1 10 12 1 100 1 18 10 10 12 1 18 12 9 18 10 12 1 1 11 100 12 1 1 11 12 1 1 100 1 10 12 1 10 12 1 11 12 1 10 12 1 10 10 10 10 12 1 1 10 12 10 100 12 1 1 1 100 1 10 100 12 1 1 10 12 1 10 12 1 18 10 12 1 1 7 1 10 9 12 1 1 1 1 1 1 1 1 100 1 1 1 1 1 1 1 1 1 1 1 1 1 1 100 1 1 1 1 1 1 1 1 1 1 1 1 1 1 1 1 1 1 1 1 1 1 1 1 1 1 1 1 1 1 1 1 1 1 1 1 1 1 1 1 1 1 1 15 10 7 12 1 1 8 1 8 1 15 10 7 12 1 1 1 16 15 10 12 16 1 8 1 8 1 8 1 8 1 8 1 1 100 1 1 1 100 1 1 100 1 100 1 1
staticfield com/sun/prism/d3d/D3DResourceFactory clampTexCache Ljava/util/Map; java/util/WeakHashMap
staticfield com/sun/prism/d3d/D3DResourceFactory repeatTexCache Ljava/util/Map; java/util/WeakHashMap
staticfield com/sun/prism/d3d/D3DResourceFactory mipmapTexCache Ljava/util/Map; java/util/WeakHashMap
staticfield com/sun/prism/d3d/D3DResourceFactory STATS_FREQUENCY I 0
ciInstanceKlass com/sun/glass/ui/Screen 1 1 357 10 7 12 1 1 1 10 12 1 1 10 12 1 1 10 7 12 1 1 1 11 7 12 1 1 1 9 12 1 1 100 1 8 1 10 12 1 1 10 7 12 1 9 12 1 1 9 12 1 1 9 12 1 9 12 1 9 12 1 9 12 1 9 12 1 9 12 1 9 12 1 9 12 1 9 12 1 9 12 1 9 12 1 9 12 1 9 12 1 9 12 1 9 12 1 9 12 1 1 9 12 1 9 12 1 9 12 1 10 7 12 1 1 1 10 12 1 1 10 12 1 10 12 1 1 9 12 1 9 12 1 1 10 12 1 10 100 12 1 1 10 100 12 1 1 11 12 1 1 11 100 12 1 1 1 11 12 1 1 10 12 1 1 10 12 1 1 10 12 1 1 10 12 1 10 12 1 1 8 1 10 7 12 1 1 1 10 7 12 1 1 1 10 12 1 1 10 12 1 10 12 1 10 12 1 10 12 1 10 12 1 10 12 1 10 12 1 10 12 1 10 12 1 10 12 1 10 12 1 10 12 1 10 12 1 10 12 1 1 10 12 1 10 12 1 10 12 1 10 12 1 10 12 1 18 12 1 1 10 12 1 1 10 7 12 1 1 1 10 12 1 8 1 10 7 12 1 1 1 18 12 1 1 10 7 12 1 1 1 10 12 1 1 1 1 1 1 1 1 1 1 1 1 1 1 1 1 1 1 1 1 1 1 1 1 100 1 1 1 1 1 1 1 1 1 1 1 1 1 15 10 100 12 1 1 8 1 15 10 7 12 1 1 1 16 15 10 12 16 1 1 100 1 100 1 1
staticfield com/sun/glass/ui/Screen dpiOverride I 0
ciInstanceKlass com/sun/prism/Surface 1 0 14 100 1 100 1 1 1 1 1 1 1 1 1 1
ciInstanceKlass com/sun/prism/RenderTarget 1 0 18 100 1 100 1 100 1 1 1 1 1 1 1 1 1 1 1 1
ciInstanceKlass com/sun/prism/Texture 1 0 59 100 1 100 1 100 1 1 1 1 1 1 1 1 1 1 1 1 1 1 1 1 1 1 1 1 1 1 1 1 1 1 1 1 1 1 1 1 1 1 1 1 1 1 1 1 1 1 1 1 1 1 100 1 100 1 1 1 1
ciInstanceKlass com/sun/prism/RTTexture 1 0 18 100 1 100 1 100 1 100 1 1 1 1 1 1 1 1 1 1
ciInstanceKlass com/sun/prism/ps/Shader 1 0 26 100 1 100 1 100 1 1 1 1 1 1 1 1 1 1 1 1 1 1 1 1 1 1 1 1
ciInstanceKlass com/sun/prism/impl/ps/BaseShaderContext$SpecialShaderType 1 1 88 7 1 9 12 1 1 9 12 1 9 12 1 9 12 1 9 12 1 9 12 1 9 12 1 1 10 7 12 1 1 10 7 12 1 1 1 10 12 1 1 9 12 1 1 8 8 1 10 12 1 8 8 1 8 8 1 8 8 1 8 8 1 8 8 1 10 12 1 1 1 1 1 1 1 1 1 1 1 1 1 1 1 1 100 1 1 1
staticfield com/sun/prism/impl/ps/BaseShaderContext$SpecialShaderType TEXTURE_RGB Lcom/sun/prism/impl/ps/BaseShaderContext$SpecialShaderType; com/sun/prism/impl/ps/BaseShaderContext$SpecialShaderType
staticfield com/sun/prism/impl/ps/BaseShaderContext$SpecialShaderType TEXTURE_MASK_RGB Lcom/sun/prism/impl/ps/BaseShaderContext$SpecialShaderType; com/sun/prism/impl/ps/BaseShaderContext$SpecialShaderType
staticfield com/sun/prism/impl/ps/BaseShaderContext$SpecialShaderType TEXTURE_YV12 Lcom/sun/prism/impl/ps/BaseShaderContext$SpecialShaderType; com/sun/prism/impl/ps/BaseShaderContext$SpecialShaderType
staticfield com/sun/prism/impl/ps/BaseShaderContext$SpecialShaderType TEXTURE_First_LCD Lcom/sun/prism/impl/ps/BaseShaderContext$SpecialShaderType; com/sun/prism/impl/ps/BaseShaderContext$SpecialShaderType
staticfield com/sun/prism/impl/ps/BaseShaderContext$SpecialShaderType TEXTURE_SECOND_LCD Lcom/sun/prism/impl/ps/BaseShaderContext$SpecialShaderType; com/sun/prism/impl/ps/BaseShaderContext$SpecialShaderType
staticfield com/sun/prism/impl/ps/BaseShaderContext$SpecialShaderType SUPER Lcom/sun/prism/impl/ps/BaseShaderContext$SpecialShaderType; com/sun/prism/impl/ps/BaseShaderContext$SpecialShaderType
staticfield com/sun/prism/impl/ps/BaseShaderContext$SpecialShaderType $VALUES [Lcom/sun/prism/impl/ps/BaseShaderContext$SpecialShaderType; 6 [Lcom/sun/prism/impl/ps/BaseShaderContext$SpecialShaderType;
ciInstanceKlass com/sun/javafx/geom/Vec3d 1 1 96 10 7 12 1 1 1 9 7 12 1 1 1 9 12 1 9 12 1 10 12 1 1 10 12 1 9 100 12 1 1 9 12 9 12 10 7 12 1 1 1 10 12 1 1 5 0 5 0 10 100 12 1 1 1 18 12 1 1 1 1 1 1 1 1 1 1 1 1 1 1 1 1 1 1 1 1 1 1 1 1 1 15 10 100 12 1 1 8 1 1 100 1 100 1 1
ciInstanceKlass com/sun/prism/impl/ps/BaseShaderContext$State 1 1 69 10 7 12 1 1 1 7 1 10 9 7 12 1 1 1 7 1 9 12 1 1 100 1 4 9 12 1 1 9 12 1 9 12 1 9 12 1 9 12 1 9 12 1 9 12 1 1 1 1 1 1 1 1 1 1 1 1 1 1 1 1 1 1 1 7 1 1 1
ciInstanceKlass com/sun/javafx/geom/transform/Identity 1 1 162 10 7 12 1 1 1 9 7 12 1 1 1 10 7 12 1 1 1 10 100 12 1 1 1 7 1 10 12 1 10 12 1 10 7 12 1 1 1 10 100 12 1 1 1 10 100 12 1 1 1 100 1 10 12 1 10 12 1 1 10 12 1 1 10 7 12 1 1 1 10 12 1 100 1 10 10 12 1 1 7 1 10 10 12 1 10 12 10 12 1 1 10 12 1 1 10 12 1 10 12 1 10 12 1 10 12 1 8 1 1 1 1 1 1 1 1 1 1 1 1 1 1 1 1 1 1 1 1 1 1 1 1 1 1 1 1 1 1 1 1 1 1 1 1 1 1 1 1 1 1 1 1 1 1 1 1 1 1 1 1 1
ciInstanceKlass com/sun/javafx/geom/transform/Affine2D 1 1 369 10 7 12 1 1 1 9 7 12 1 1 1 9 12 1 9 12 1 9 12 1 9 12 1 9 12 1 9 12 1 1 7 1 9 12 1 10 12 1 1 10 12 1 9 7 12 1 1 1 10 12 1 1 10 12 1 1 10 12 1 10 12 1 10 12 1 10 100 12 1 1 1 10 12 10 12 1 6 0 10 12 1 10 12 1 10 12 9 7 12 1 1 1 10 12 1 1 10 12 1 1 10 12 1 10 12 1 1 10 12 1 10 12 1 10 12 1 9 100 12 1 1 1 10 100 12 1 1 1 18 12 1 1 10 100 12 1 1 1 10 12 1 18 12 1 10 12 1 10 12 1 18 10 12 1 10 12 10 12 1 10 12 1 10 12 1 10 12 1 10 12 1 10 12 1 10 12 1 10 12 1 1 9 9 10 12 1 10 12 1 7 1 6 0 100 1 18 10 12 10 12 1 8 1 10 9 100 12 1 1 1 9 12 1 10 10 12 1 1 6 0 10 12 1 10 12 1 18 12 1 10 12 1 100 1 10 12 10 12 1 10 12 1 10 12 10 12 1 1 10 12 1 10 12 1 1 10 12 1 10 12 10 12 1 10 12 1 1 10 10 12 1 10 10 12 1 10 10 12 1 9 12 1 1 5 0 10 10 12 1 1 10 10 10 10 10 10 12 1 1 9 12 1 1 1 1 1 1 1 1 1 1 1 1 1 1 1 100 1 1 1 1 1 1 1 1 1 1 1 1 1 1 1 1 1 1 1 1 1 1 1 1 1 1 1 15 10 100 12 1 1 8 1 8 1 8 1 8 1 8 1 1 1 100 1 100 1 1
staticfield com/sun/javafx/geom/transform/Affine2D BASE_HASH J -4039728865751334912
ciInstanceKlass com/sun/javafx/geom/transform/Translate2D 1 1 322 9 7 12 1 1 1 10 12 1 1 10 7 12 1 1 9 12 1 1 9 12 1 10 12 1 1 9 7 12 1 1 1 10 12 1 1 10 12 1 1 10 12 1 10 12 1 1 9 100 12 1 1 1 9 12 1 10 12 1 1 7 1 10 9 12 9 12 9 12 1 10 12 1 1 10 100 12 1 1 1 10 100 12 1 1 1 10 12 1 10 12 1 10 12 1 10 12 1 10 12 1 10 12 1 1 10 12 1 1 10 100 12 1 1 1 10 12 1 1 9 12 1 9 12 9 12 1 10 100 12 1 1 1 9 12 1 10 12 1 10 12 1 100 1 10 12 1 100 1 10 10 12 1 7 1 10 10 12 10 12 1 10 10 12 10 12 1 1 10 12 1 1 10 12 1 10 12 1 10 12 1 1 10 12 1 10 12 1 10 12 1 10 12 1 10 12 1 10 12 1 10 12 1 10 12 1 10 12 1 10 10 12 1 10 12 1 6 0 10 12 1 10 12 1 18 12 1 1 9 12 1 1 5 0 10 10 7 12 1 1 1 10 10 12 1 10 12 1 10 12 1 10 12 1 10 12 1 10 12 1 1 1 1 1 1 1 1 1 1 1 1 1 1 1 1 1 1 1 1 1 1 1 1 1 1 1 1 1 1 1 1 1 1 1 1 1 1 1 1 1 1 1 1 1 1 1 15 10 100 12 1 1 8 1 1 1 100 1 100 1 1
staticfield com/sun/javafx/geom/transform/Translate2D BASE_HASH J 3751498489599623168
instanceKlass com/sun/javafx/geom/BoxBounds
instanceKlass com/sun/javafx/geom/RectBounds
ciInstanceKlass com/sun/javafx/geom/BaseBounds 1 1 82 10 7 12 1 1 1 10 100 12 1 1 1 100 1 10 12 1 100 1 10 12 1 1 1 1 1 1 1 1 1 1 1 1 1 1 1 1 1 1 1 1 1 1 1 1 1 1 1 1 1 1 1 1 1 1 1 1 1 1 1 1 1 1 1 1 1 1 1 1 1 1 1 1 1 1 1 1 100 1 1 1
ciInstanceKlass com/sun/javafx/geom/RectBounds 1 1 265 10 7 12 1 1 1 9 7 12 1 1 1 9 12 1 4 9 12 1 9 12 1 10 12 1 10 12 1 10 12 1 9 7 12 1 1 1 9 12 1 9 12 1 9 12 1 9 7 12 1 1 1 100 1 10 9 12 9 12 100 1 10 9 9 9 12 1 10 12 1 1 10 12 1 9 12 1 100 1 10 12 1 10 12 1 100 1 8 1 10 12 1 10 12 1 1 10 12 1 1 10 12 1 1 10 12 1 10 12 1 10 12 1 10 12 1 10 12 1 10 10 10 12 1 9 100 1 9 10 12 10 10 10 7 12 1 1 1 10 12 1 10 12 10 12 1 1 10 10 10 10 10 12 1 10 12 1 10 12 1 10 10 10 12 1 1 10 12 1 10 12 1 10 12 1 10 12 1 1 10 12 1 10 12 1 10 12 1 10 7 12 1 1 1 10 100 12 1 1 1 18 12 1 1 1 1 1 1 1 1 1 1 1 1 1 1 1 1 1 1 1 1 1 1 1 1 1 1 1 1 1 1 1 1 1 1 1 1 1 1 1 1 1 1 1 1 1 1 1 15 10 100 12 1 1 8 1 1 1 100 1 100 1 1
ciInstanceKlass com/sun/prism/impl/VertexBuffer 1 1 145 7 1 10 7 12 1 1 1 9 12 1 1 9 12 1 1 9 12 1 9 12 1 1 9 12 1 1 10 7 12 1 1 1 10 12 1 4 9 12 1 1 10 12 1 9 12 1 10 12 1 9 12 1 9 12 1 10 12 1 1 10 7 12 1 1 1 10 100 12 1 1 1 10 12 1 10 12 1 10 12 1 10 12 1 1 10 12 1 10 12 1 10 12 1 1 10 100 12 1 1 1 10 12 1 1 1 1 3 1 3 1 3 1 3 1 1 3 1 1 3 1 1 1 1 1 1 1 1 1 1 1 1 1 1 1 1 1 100 1 1 1 1 1 1
instanceKlass com/sun/prism/impl/ps/BaseShaderContext
ciInstanceKlass com/sun/prism/impl/BaseContext 1 1 499 10 7 12 1 1 1 9 7 12 1 1 1 7 1 10 9 12 1 1 7 1 10 9 12 1 1 9 12 1 9 12 1 1 9 12 1 1 7 1 10 12 1 9 12 1 1 10 12 1 1 10 12 1 9 12 1 1 9 12 1 9 12 1 1 11 7 12 1 1 9 12 1 1 11 12 1 1 9 12 1 9 12 1 11 12 1 1 11 12 1 1 11 12 1 10 12 1 10 12 1 1 10 12 1 1 10 12 1 1 10 7 12 1 1 1 10 12 1 1 10 12 1 10 12 1 10 12 1 10 12 1 1 10 12 1 10 12 1 1 11 7 12 1 1 1 11 100 12 1 1 1 11 100 12 1 1 11 12 1 1 7 1 11 12 1 11 12 1 1 11 100 1 7 1 10 12 1 11 11 12 1 100 1 10 12 1 1 11 12 1 1 10 12 1 11 12 1 1 10 7 12 1 1 10 12 1 11 12 1 11 12 1 10 12 1 11 12 1 10 7 12 1 1 1 10 12 1 1 9 7 12 1 1 1 11 7 12 1 1 1 10 7 12 1 1 1 9 12 1 10 12 1 11 12 1 10 7 12 1 1 1 11 7 12 1 1 1 10 12 1 1 11 12 1 11 12 1 10 7 12 1 1 1 10 12 1 10 12 1 10 12 1 9 12 1 10 12 1 9 12 1 9 7 12 1 1 11 12 1 9 12 1 9 100 12 1 1 1 18 12 1 1 10 100 12 1 1 1 11 12 1 11 12 1 10 100 12 1 1 10 12 1 1 9 12 1 9 12 1 18 12 1 9 12 1 10 12 1 4 4 4 10 12 1 1 4 10 12 1 1 4 9 12 1 9 12 1 1 9 12 1 9 12 1 1 9 100 12 1 1 1 11 12 1 1 10 100 12 1 1 1 10 12 1 1 10 12 1 10 12 1 1 10 12 1 100 1 8 1 10 12 100 1 10 12 1 1 1 3 1 1 1 1 1 1 1 1 1 1 1 1 1 1 1 1 1 100 1 100 1 1 1 1 1 1 1 1 1 1 1 1 1 1 1 1 1 1 100 1 1 1 1 1 100 1 100 1 1 1 1 15 10 100 12 1 1 8 1 8 1 1 1 1 100 1 100 1 1
instanceKlass com/sun/prism/d3d/D3DContext
ciInstanceKlass com/sun/prism/impl/ps/BaseShaderContext 1 1 555 7 1 10 7 12 1 1 1 9 12 1 1 7 1 9 12 1 1 9 12 1 10 7 12 1 1 1 9 12 1 9 12 1 9 12 1 1 10 12 1 1 9 12 1 1 9 12 1 1 11 12 1 1 11 12 1 10 12 1 9 7 12 1 1 1 10 12 1 1 9 12 1 1 10 7 12 1 1 1 10 7 12 1 1 1 10 12 1 7 1 10 12 1 10 7 1 10 12 1 1 10 12 1 1 10 18 12 1 1 10 12 1 18 12 1 18 18 18 11 7 12 1 1 1 9 12 1 1 10 12 1 9 7 12 1 1 1 7 1 10 7 12 1 1 1 100 1 10 12 1 1 100 1 10 12 1 1 10 7 12 1 1 10 10 9 12 1 9 12 1 1 10 12 1 1 100 1 10 7 12 1 1 1 10 12 1 7 1 10 12 1 1 10 12 1 1 10 12 1 9 12 1 1 9 12 1 9 12 1 9 12 1 9 12 1 9 12 1 10 12 1 9 12 1 1 100 1 8 1 10 12 1 10 12 1 1 10 12 1 1 10 12 1 1 9 12 1 10 12 1 1 10 12 1 1 9 7 12 1 1 1 11 100 12 1 1 1 11 12 1 11 12 1 1 10 12 1 1 11 12 1 10 10 12 1 1 10 12 1 1 10 12 1 1 10 12 1 1 10 12 1 1 11 7 12 1 1 10 12 1 1 9 12 1 9 12 1 9 7 12 1 1 1 9 12 1 10 100 12 1 1 1 10 12 1 9 12 1 10 9 12 1 10 100 12 1 1 1 18 9 12 1 11 12 1 10 12 1 1 9 12 1 1 10 7 12 1 1 1 10 12 1 1 10 12 1 1 10 12 1 1 10 12 1 1 10 12 1 1 9 12 1 1 10 12 1 1 11 12 1 9 12 1 1 10 12 1 9 12 1 11 12 1 1 9 12 1 1 11 7 12 1 1 11 11 12 1 11 7 1 11 12 1 11 10 12 1 10 12 1 1 9 12 1 9 12 1 1 9 12 1 1 9 12 1 10 12 1 1 100 1 4 10 12 1 10 12 1 10 12 1 1 10 12 1 10 10 12 1 1 1 3 1 3 1 3 1 3 1 3 1 1 1 1 1 1 1 1 1 100 1 1 1 1 1 1 1 1 1 1 1 1 1 1 1 1 1 1 1 1 1 1 1 1 1 15 10 7 12 1 1 8 1 8 1 8 1 8 1 8 1 8 1 1 1 1 1 1 1 100 1 100 1 1
staticfield com/sun/prism/impl/ps/BaseShaderContext NUM_STOCK_SHADER_SLOTS I 224
ciInstanceKlass com/sun/prism/d3d/D3DContext 1 1 677 9 7 12 1 1 1 10 7 12 1 1 1 9 12 1 1 7 1 10 12 1 9 12 1 1 7 1 10 9 12 1 1 9 12 1 9 12 1 9 12 1 1 9 12 1 1 10 12 1 7 1 10 9 12 1 1 10 12 1 1 10 12 1 1 10 12 1 1 9 7 12 1 1 10 12 1 1 9 100 12 1 1 1 10 12 1 1 18 12 1 1 10 100 12 1 1 1 100 1 8 1 10 12 10 12 1 1 10 12 1 1 10 7 12 1 1 8 1 10 12 1 8 1 8 1 8 1 8 1 8 1 8 1 8 1 100 1 10 100 12 1 1 1 10 100 12 1 1 1 3 10 12 1 3 10 12 10 12 1 10 12 1 10 12 1 10 12 1 3 3 10 100 12 1 1 1 10 12 1 10 12 1 9 12 1 1 10 12 1 1 6 0 10 12 1 1 10 12 1 7 1 11 12 1 1 11 7 12 1 1 10 12 1 1 10 12 1 1 11 12 1 1 11 12 1 7 1 10 12 1 10 7 12 1 1 1 10 12 1 10 12 1 1 10 12 1 10 12 1 1 10 12 1 10 12 1 1 10 12 1 1 7 1 10 12 1 11 7 12 1 1 9 7 12 1 1 1 11 12 1 1 10 7 12 1 1 100 1 10 12 1 18 10 10 12 1 1 9 7 12 1 1 1 10 12 1 1 10 12 1 10 10 12 1 10 12 1 10 12 1 10 12 1 10 12 1 10 12 1 10 12 1 10 12 1 10 12 1 10 12 1 10 12 1 10 12 1 10 12 1 10 12 1 1 9 12 1 10 12 1 10 12 1 1 10 12 10 12 1 1 10 12 1 1 10 7 12 1 1 10 12 1 9 12 1 9 12 1 9 12 1 9 12 1 10 12 1 1 9 12 1 10 7 1 18 100 1 10 10 12 1 1 10 12 1 1 8 1 10 100 12 1 1 18 10 12 1 10 12 1 1 10 12 1 1 10 12 1 1 10 12 1 1 10 12 1 10 12 1 10 12 1 1 10 12 1 1 10 12 1 1 10 12 1 1 10 12 1 9 100 12 1 1 9 12 1 9 12 1 100 1 18 12 1 10 10 12 1 1 10 12 1 1 10 12 1 1 10 12 1 1 10 12 1 1 10 12 1 1 10 12 11 100 12 1 1 1 11 12 1 11 12 1 9 12 1 9 12 9 12 1 10 12 1 1 11 12 1 1 9 12 1 1 10 7 12 1 1 10 12 1 10 12 1 1 10 12 1 10 12 1 10 12 1 1 10 12 1 1 10 9 12 1 1 3 3 3 1 1 3 1 3 1 3 1 3 1 1 1 1 1 3 3 3 1 1 1 1 1 1 1 1 1 1 1 1 1 1 1 1 1 1 1 1 1 1 1 1 1 1 1 1 1 1 1 1 1 1 1 1 1 1 1 1 1 1 1 1 1 1 1 1 1 1 1 1 1 1 1 1 1 1 15 10 100 12 1 1 8 1 8 1 8 1 8 1 8 1 1 1 1 100 1 100 1 1
staticfield com/sun/prism/d3d/D3DContext scratchAffine3DTx Lcom/sun/javafx/geom/transform/Affine3D; com/sun/javafx/geom/transform/Affine3D
staticfield com/sun/prism/d3d/D3DContext NUM_QUADS I 4096
ciInstanceKlass com/sun/prism/Graphics 1 1 206 11 100 12 1 1 1 11 100 12 1 1 1 11 100 12 1 1 1 11 12 1 1 11 12 1 11 12 1 11 12 1 9 100 12 1 1 1 11 100 12 1 1 1 9 100 12 1 1 1 9 100 12 1 1 1 11 100 12 1 1 1 10 100 12 1 1 1 11 100 12 1 1 1 10 12 1 11 12 1 1 11 12 1 1 11 12 1 1 100 1 1 1 1 1 1 1 1 1 1 1 1 1 1 1 1 1 1 1 1 1 1 1 1 1 1 1 1 1 1 1 1 1 1 1 1 1 1 1 1 1 1 1 1 1 1 1 1 1 1 1 1 1 1 1 1 1 1 1 1 1 1 1 1 1 1 1 1 1 1 1 1 1 1 1 1 1 1 1 1 1 1 1 1 1 1 1 1 1 1 1 1 1 1 1 1 1 1 1 1 1 1 1 1 1 1 1 1 1 1 1 1 1 1 1 1
instanceKlass com/sun/prism/impl/ps/BaseShaderGraphics
ciInstanceKlass com/sun/prism/impl/BaseGraphics 1 1 511 10 7 12 1 1 1 7 1 10 9 7 12 1 1 1 9 7 12 1 1 1 9 12 1 9 12 1 1 9 12 1 1 9 12 1 1 9 12 1 9 12 1 9 12 1 9 12 1 1 9 12 1 9 12 1 1 9 12 1 9 12 1 9 12 1 9 12 1 9 12 1 9 12 1 1 9 12 1 1 7 1 11 7 12 1 1 1 11 12 1 10 12 1 9 12 1 10 12 1 9 12 1 9 7 12 1 1 1 9 12 1 10 7 12 1 1 1 10 12 1 1 10 12 1 1 10 12 1 1 10 12 1 10 12 1 1 10 12 1 10 12 1 10 12 1 10 12 1 10 12 1 1 10 12 1 10 12 1 10 12 9 12 1 1 9 12 1 1 10 12 1 1 10 7 12 1 1 1 9 100 12 1 1 1 10 12 1 1 9 12 1 10 12 1 9 12 1 9 7 12 1 1 10 12 1 10 12 1 9 12 1 1 7 1 10 12 1 10 12 1 10 12 1 9 7 12 1 1 1 10 12 1 1 10 12 1 10 12 1 1 10 12 1 10 12 1 10 12 1 100 1 4 4 9 7 12 1 1 1 10 100 12 1 1 1 10 12 1 1 10 12 1 1 9 12 1 10 12 1 1 11 7 12 1 1 1 9 7 12 1 1 1 10 12 1 1 10 12 1 1 11 12 1 11 12 1 11 12 1 11 12 1 10 12 1 1 10 12 1 10 7 12 1 1 1 10 12 1 1 10 12 1 10 12 1 1 10 12 1 1 7 1 4 10 12 1 9 12 1 7 1 10 9 12 1 1 7 1 10 9 12 1 1 7 1 10 9 12 1 1 100 1 1 1 1 1 1 1 1 1 1 1 1 1 1 1 1 1 1 1 1 1 1 1 1 1 1 1 1 1 1 1 1 1 1 1 1 1 1 1 1 1 1 1 1 1 1 1 1 1 1 1 1 1 1 1 1 1 1 1 1 1 1 1 1 1 1 1 1 1 1 1 1 1 1 100 1 8 1 1 12 10 1 1 1 8 1 1 1 8 1 1 1 8 1 1 1 8 1 1 1 8 1 1 1 8 1 1 1 8 1 1 8 1 1 1 8 1 1 8 1 1 8 1 1 8 1 1 8 1 1 1 8 1 1 8 1 1 8 1
staticfield com/sun/prism/impl/BaseGraphics DEFAULT_STROKE Lcom/sun/prism/BasicStroke; com/sun/prism/BasicStroke
staticfield com/sun/prism/impl/BaseGraphics DEFAULT_PAINT Lcom/sun/prism/paint/Paint; com/sun/prism/paint/Color
staticfield com/sun/prism/impl/BaseGraphics scratchRRect Lcom/sun/javafx/geom/RoundRectangle2D; com/sun/javafx/geom/RoundRectangle2D
staticfield com/sun/prism/impl/BaseGraphics scratchEllipse Lcom/sun/javafx/geom/Ellipse2D; com/sun/javafx/geom/Ellipse2D
staticfield com/sun/prism/impl/BaseGraphics scratchLine Lcom/sun/javafx/geom/Line2D; com/sun/javafx/geom/Line2D
staticfield com/sun/prism/impl/BaseGraphics IDENT Lcom/sun/javafx/geom/transform/BaseTransform; com/sun/javafx/geom/transform/Identity
ciInstanceKlass com/sun/prism/ps/ShaderGraphics 1 0 281 100 1 100 1 100 1 1 1 1 1 1 1 1 1 1 1 1 100 1 8 1 1 12 10 1 1 1 8 1 1 8 1 1 1 8 1 1 8 1 1 1 8 1 1 1 8 1 1 8 1 1 1 8 1 1 1 8 1 1 1 8 1 1 1 8 1 1 1 8 1 1 1 8 1 1 1 8 1 1 1 8 1 1 1 8 1 8 1 1 1 8 1 1 8 1 1 8 1 1 1 8 1 1 8 1 1 1 8 1 1 8 1 1 1 8 1 1 8 1 1 1 8 1 1 1 8 1 1 1 8 1 1 1 8 1 1 8 1 1 8 1 1 1 8 1 1 8 1 1 8 1 8 1 1 1 8 1 1 8 1 1 1 8 1 1 8 1 1 1 8 1 1 1 8 1 1 1 8 1 1 8 1 1 1 8 1 1 1 8 1 1 1 8 1 1 8 1 1 8 1 1 8 1 1 1 8 1 1 1 8 1 1 1 8 1 1 8 1 1 1 8 1 1 1 8 1 1 8 1 1 1 8 1 1 1 8 1 1 8 1 1 8 1 1 1 8 1 1 1 8 1 1 8 1 1 8 1 1 1 8 1 1 8 1 1 8 1 1 8 1 1 1 8 1 1 8 1 1 8 1
ciInstanceKlass com/sun/prism/ReadbackGraphics 1 0 279 100 1 100 1 100 1 1 1 1 1 1 1 1 1 1 100 1 8 1 1 12 10 1 1 1 8 1 1 8 1 1 1 8 1 1 8 1 1 1 8 1 1 1 8 1 1 8 1 1 1 8 1 1 1 8 1 1 1 8 1 1 1 8 1 1 1 8 1 1 1 8 1 1 1 8 1 1 1 8 1 1 1 8 1 8 1 1 1 8 1 1 8 1 1 8 1 1 1 8 1 1 8 1 1 1 8 1 1 8 1 1 1 8 1 1 8 1 1 1 8 1 1 1 8 1 1 1 8 1 1 1 8 1 1 8 1 1 8 1 1 1 8 1 1 8 1 1 8 1 8 1 1 1 8 1 1 8 1 1 1 8 1 1 8 1 1 1 8 1 1 1 8 1 1 1 8 1 1 8 1 1 1 8 1 1 1 8 1 1 1 8 1 1 8 1 1 8 1 1 8 1 1 1 8 1 1 1 8 1 1 1 8 1 1 8 1 1 1 8 1 1 1 8 1 1 8 1 1 1 8 1 1 1 8 1 1 8 1 1 8 1 1 1 8 1 1 1 8 1 1 8 1 1 8 1 1 1 8 1 1 8 1 1 8 1 1 8 1 1 1 8 1 1 8 1 1 8 1
instanceKlass com/sun/prism/d3d/D3DGraphics
ciInstanceKlass com/sun/prism/impl/ps/BaseShaderGraphics 1 1 1013 10 7 12 1 1 1 9 7 12 1 1 1 9 12 1 1 9 12 1 1 9 12 1 10 12 1 1 10 7 12 1 1 1 9 12 1 1 10 7 12 1 1 1 10 7 12 1 1 1 10 7 12 1 1 1 7 1 10 12 1 1 100 1 10 12 1 1 10 12 1 1 10 12 1 1 10 12 1 1 9 7 12 1 1 1 10 12 1 1 10 12 1 1 9 7 12 1 1 1 10 10 12 1 1 7 1 10 12 1 1 10 12 1 1 10 12 1 1 10 12 1 10 12 1 1 9 12 1 9 12 1 1 9 12 1 1 9 12 1 10 12 1 1 10 12 1 1 10 12 1 1 9 100 12 1 1 1 10 12 1 10 12 1 11 7 12 1 1 10 12 1 1 11 12 1 6 0 10 7 12 1 1 1 8 1 11 7 12 1 1 1 8 1 10 12 1 1 10 7 12 1 1 1 100 1 10 100 12 1 1 1 18 12 1 1 10 12 1 9 12 1 10 12 1 10 12 1 10 12 1 1 11 7 1 11 10 12 1 9 12 1 10 12 1 9 12 1 10 12 1 1 10 12 1 10 7 12 1 1 1 10 7 12 1 1 10 12 1 10 12 1 10 12 1 9 12 1 1 9 12 1 1 10 7 12 1 1 1 10 12 1 10 12 1 1 11 11 12 1 10 12 1 1 10 12 1 1 9 7 12 1 1 1 9 7 12 1 1 1 10 12 1 1 10 12 1 1 10 12 1 9 12 1 1 10 12 1 1 10 7 12 1 1 1 10 12 1 10 12 1 10 12 1 10 12 1 10 7 12 1 4 10 7 12 1 1 9 12 1 1 10 12 1 1 10 12 1 10 12 1 10 12 1 10 12 1 10 12 1 10 12 1 10 12 1 10 100 1 10 12 1 10 12 1 1 10 12 1 9 12 1 10 12 1 1 10 12 1 1 10 12 1 1 10 12 1 9 12 1 10 12 1 1 9 12 1 6 0 9 12 1 9 12 1 9 12 1 10 12 1 8 1 11 12 1 8 1 8 1 9 12 1 10 12 1 6 0 9 12 1 6 0 10 12 1 1 9 12 1 9 12 1 10 12 1 10 12 1 1 9 100 12 1 1 1 10 12 1 100 1 10 12 1 1 100 1 10 12 1 1 100 1 10 12 1 1 100 1 18 10 4 10 12 1 10 12 1 10 12 1 10 12 1 9 7 12 1 1 1 8 1 10 100 12 1 1 10 100 12 1 1 9 12 1 1 10 12 1 1 9 12 1 10 12 1 8 1 10 12 1 4 9 12 1 1 10 100 12 1 1 1 10 12 1 1 10 12 1 1 9 12 1 1 10 100 12 1 1 10 12 1 10 12 1 10 12 9 12 1 9 12 1 10 12 10 12 1 10 12 1 9 12 1 1 11 12 1 1 10 12 1 1 10 12 1 10 12 1 1 10 12 1 1 10 12 1 1 9 12 1 1 10 100 12 1 1 10 12 1 10 12 1 1 10 12 1 1 10 12 1 10 12 1 9 12 1 10 12 10 12 1 10 12 1 1 10 100 12 1 1 10 12 1 1 10 12 10 12 10 12 1 1 10 12 1 1 10 12 1 1 9 12 1 10 12 1 1 11 7 1 11 10 12 1 11 7 12 1 1 1 11 7 12 1 1 1 11 7 12 1 1 1 10 12 1 1 10 12 1 11 12 1 10 12 1 1 11 12 1 1 10 12 1 1 9 12 1 1 9 12 1 11 12 1 11 12 1 11 12 1 11 12 1 11 12 1 1 10 12 1 11 12 1 1 11 100 12 1 1 4 11 11 12 1 11 12 1 10 12 7 1 10 12 1 9 12 1 9 12 1 10 12 1 1 10 7 12 1 1 10 12 1 1 10 12 1 10 7 12 1 1 10 12 1 10 12 1 10 12 1 10 12 1 10 12 1 10 8 1 11 12 1 10 12 1 1 10 12 1 1 100 1 11 12 1 9 12 9 12 9 12 1 9 12 1 10 8 1 10 12 1 10 10 18 12 1 1 10 7 12 1 1 1 4 10 100 12 1 1 10 12 1 18 12 1 100 1 100 1 100 1 1 1 1 1 1 1 1 1 1 1 1 1 1 1 1 1 100 1 1 1 1 1 1 1 1 1 1 1 1 1 1 100 1 1 1 1 1 1 1 1 1 1 1 1 1 1 15 10 100 12 1 1 8 1 8 1 15 10 7 12 1 1 1 16 15 10 12 8 1 1 1 1 100 1 100 1 1 1 100 1 8 1 1 12 10 1 1 1 8 1 1
staticfield com/sun/prism/impl/ps/BaseShaderGraphics FRINGE_FACTOR F -1090519040
staticfield com/sun/prism/impl/ps/BaseShaderGraphics SQRT_2 D 4609047870845172685
instanceKlass com/sun/javafx/geom/transform/Translate2D
instanceKlass com/sun/javafx/geom/transform/Identity
instanceKlass com/sun/javafx/geom/transform/AffineBase
ciInstanceKlass com/sun/javafx/geom/transform/BaseTransform 1 1 242 7 1 10 7 12 1 1 1 100 1 10 100 12 1 1 1 18 12 1 1 10 12 1 10 12 1 1 9 12 1 1 10 12 1 7 1 10 12 1 10 12 1 7 1 10 100 1 10 10 12 1 1 10 12 1 10 12 1 1 10 12 1 10 12 1 10 10 12 1 1 5 0 10 12 1 1 10 100 12 1 1 1 10 12 1 10 12 1 10 12 1 10 12 1 10 12 1 10 12 1 10 12 1 10 12 1 10 12 1 10 12 1 10 12 1 100 1 10 6 0 6 0 10 12 1 1 18 12 1 7 1 10 100 1 1 1 1 3 1 3 1 3 1 3 1 3 1 3 1 3 1 3 1 3 1 3 1 3 1 3 1 3 1 1 1 1 1 1 1 1 1 1 1 1 1 1 1 1 1 1 1 100 1 1 1 1 1 1 1 1 1 1 1 1 1 1 1 1 1 1 1 1 1 1 1 1 1 1 1 1 1 1 1 1 1 1 1 1 1 1 1 100 1 1 15 10 100 12 1 1 8 1 8 1 1 1 100 1 100 1 1
staticfield com/sun/javafx/geom/transform/BaseTransform IDENTITY_TRANSFORM Lcom/sun/javafx/geom/transform/BaseTransform; com/sun/javafx/geom/transform/Identity
instanceKlass com/sun/javafx/geom/transform/Affine2D
instanceKlass com/sun/javafx/geom/transform/Affine3D
ciInstanceKlass com/sun/javafx/geom/transform/AffineBase 1 1 380 7 1 10 7 12 1 1 1 100 1 8 1 10 12 1 10 12 1 9 12 1 1 9 12 1 9 12 1 9 12 1 9 12 1 9 12 1 9 12 1 1 9 12 1 10 12 1 10 12 1 1 10 12 1 6 0 10 12 1 10 12 1 10 12 1 1 7 1 10 9 12 1 1 9 12 1 10 12 1 1 7 1 10 9 12 9 12 9 12 1 10 7 12 1 1 1 10 12 1 10 12 1 10 12 1 10 12 1 1 10 12 1 10 12 1 10 12 1 10 7 1 10 10 12 1 10 10 10 12 1 10 12 1 10 12 1 10 12 1 1 10 12 1 10 12 1 10 12 1 1 9 7 12 1 1 1 10 12 1 1 10 12 1 1 10 12 1 10 12 10 100 12 1 1 10 100 12 1 1 10 12 10 12 1 1 10 100 12 1 1 1 10 12 1 10 7 12 1 1 1 100 1 6 0 100 1 18 12 1 1 10 8 1 10 12 1 1 10 12 1 10 12 1 10 12 1 10 12 1 100 1 10 12 1 9 12 1 1 10 12 1 10 12 1 10 12 1 10 12 1 10 12 1 9 7 12 1 1 10 12 1 1 10 7 12 1 1 10 12 1 1 10 12 1 10 12 1 1 10 12 1 1 9 12 1 1 10 12 1 1 100 1 10 12 1 10 12 1 1 1 3 1 3 1 3 1 3 1 3 1 3 1 3 1 1 1 3 1 3 1 3 1 3 1 1 1 1 1 1 1 1 1 1 1 1 1 1 1 1 1 1 1 100 1 1 100 1 1 1 1 1 1 1 1 1 1 1 1 1 1 1 1 1 15 10 100 12 1 1 8 1 1 1 1 100 1 100 1 1
staticfield com/sun/javafx/geom/transform/AffineBase rot90conversion [I 8
ciInstanceKlass com/sun/javafx/geom/transform/Affine3D 1 1 387 10 7 12 1 1 1 9 7 12 1 1 1 9 12 1 9 12 1 10 12 1 1 9 12 1 9 12 1 9 12 1 9 12 1 9 12 1 9 12 1 9 12 1 9 12 1 9 12 1 10 12 1 9 12 1 1 9 12 1 10 12 1 9 7 12 1 1 1 10 10 12 1 1 10 12 1 7 1 10 12 1 1 10 12 1 10 12 1 10 12 1 10 12 1 10 12 1 10 12 1 10 12 1 10 12 1 10 12 1 10 12 1 10 12 1 10 12 1 10 12 1 1 10 12 1 1 10 12 1 10 100 12 1 1 1 10 12 1 10 12 1 10 12 1 10 12 1 1 100 1 10 10 100 12 1 1 1 10 100 12 1 1 1 10 12 1 10 12 1 10 12 1 10 12 1 10 12 1 10 12 1 1 10 12 1 10 12 1 10 12 1 9 12 1 9 12 1 9 12 1 10 12 1 10 12 1 1 10 12 1 1 10 12 10 12 1 10 12 10 12 1 10 12 10 12 1 10 12 10 12 10 10 12 10 10 12 10 10 12 1 10 12 10 12 1 10 12 1 10 10 12 1 1 10 10 12 1 10 12 1 10 12 1 10 12 10 12 1 10 12 1 10 12 1 10 12 1 9 7 12 1 1 1 10 12 1 1 10 12 1 1 10 10 12 1 1 10 10 12 1 100 1 8 1 10 12 1 6 0 6 0 6 0 10 12 1 10 12 1 18 12 1 1 10 12 1 1 10 12 1 10 12 1 10 12 1 10 12 1 1 10 12 1 1 1 1 1 1 1 1 1 100 1 1 1 1 1 1 1 1 1 1 1 1 1 1 1 1 1 1 1 15 10 100 12 1 1 8 1 1 1 100 1 100 1 1
instanceKlass java/util/concurrent/CancellationException
ciInstanceKlass java/lang/IllegalStateException 0 0 35 10 100 12 1 1 1 10 12 1 10 12 1 10 12 1 100 1 1 1 1 5 0 1 1 1 1 1 1 1 1 1 1 1 1
ciInstanceKlass java/lang/UnsupportedOperationException 0 0 34 10 100 12 1 1 1 10 12 1 10 12 1 10 12 1 100 1 1 1 1 5 0 1 1 1 1 1 1 1 1 1 1 1
ciInstanceKlass java/lang/AssertionError 0 0 79 10 100 12 1 1 1 10 12 1 10 100 12 1 1 1 10 100 1 100 1 10 12 1 1 10 12 1 10 12 1 10 12 1 10 12 1 10 12 1 10 12 1 10 12 1 1 1 1 5 0 1 1 1 1 1 1 1 1 1 1 100 1 1 1 1 1 1 1 1 1 1 1 1 1 1 1 1 1
ciInstanceKlass java/util/NoSuchElementException 0 0 34 10 100 12 1 1 1 10 12 1 10 12 1 10 12 1 100 1 1 1 1 5 0 1 1 1 1 1 1 1 1 1 1 1
ciInstanceKlass java/util/ConcurrentModificationException 0 0 34 10 100 12 1 1 1 10 12 1 10 12 1 10 12 1 100 1 1 1 1 5 0 1 1 1 1 1 1 1 1 1 1 1
ciInstanceKlass com/sun/javafx/geom/BoxBounds 1 1 277 10 7 12 1 1 1 9 7 12 1 1 1 9 12 1 9 12 1 4 9 12 1 9 12 1 9 12 1 10 12 1 10 12 1 10 12 1 9 7 12 1 1 1 10 100 12 1 1 1 100 1 10 9 12 1 9 12 1 100 1 10 9 9 9 12 1 10 12 1 1 9 12 1 10 12 1 100 1 8 1 10 12 1 9 100 12 1 1 1 9 12 1 10 12 1 1 9 12 9 12 10 12 1 1 10 12 1 1 10 12 1 10 12 1 10 12 1 10 12 1 10 12 1 10 12 1 7 1 10 10 10 12 1 10 12 1 10 12 1 9 100 1 9 10 100 12 1 1 1 10 12 1 10 12 10 12 1 1 10 12 1 10 12 1 1 10 12 1 1 10 12 1 10 12 1 1 10 12 1 10 12 1 10 10 12 1 1 10 10 12 1 10 10 12 1 10 10 12 1 10 100 12 1 1 1 10 10 10 100 12 1 1 1 18 12 1 1 1 1 1 1 1 1 1 1 1 1 1 1 1 1 1 1 1 1 1 1 1 1 1 1 1 1 1 1 1 1 1 1 1 1 1 1 1 1 1 1 1 1 1 1 15 10 100 12 1 1 8 1 1 1 100 1 100 1 1
instanceKlass com/sun/javafx/sg/prism/NGCamera
instanceKlass com/sun/javafx/sg/prism/NGShape
instanceKlass com/sun/javafx/sg/prism/NGGroup
instanceKlass com/sun/javafx/sg/prism/NGImageView
ciInstanceKlass com/sun/javafx/sg/prism/NGNode 1 1 1142 7 1 10 7 12 1 1 1 9 7 12 1 1 1 9 12 1 7 1 10 9 12 1 1 9 12 1 9 12 1 9 12 1 1 9 7 12 1 1 1 9 12 1 9 12 1 1 9 12 1 1 9 12 1 9 12 1 9 12 1 1 9 12 1 9 12 1 1 9 12 1 9 12 1 10 12 1 10 7 12 1 1 1 10 12 1 1 10 12 1 1 10 12 1 10 12 1 10 9 12 1 1 9 12 1 1 9 7 12 1 1 9 12 1 1 100 1 10 10 12 1 1 10 12 1 10 12 1 10 12 1 10 12 1 10 12 1 10 12 1 10 12 1 10 12 1 10 12 1 10 12 1 9 12 1 10 12 1 9 12 1 10 12 1 1 10 12 1 10 12 1 9 12 1 10 12 1 1 10 12 1 10 12 1 100 1 8 1 10 12 1 9 12 1 1 8 1 100 1 10 12 1 10 12 1 1 10 12 1 1 10 12 1 10 12 1 1 9 12 1 9 12 1 1 100 1 10 12 1 10 10 10 12 1 9 12 1 9 12 1 1 10 12 1 10 12 1 10 12 1 1 10 12 1 10 12 1 10 12 1 10 12 1 10 12 1 10 12 1 10 12 1 1 10 12 1 10 12 1 10 12 1 10 12 1 1 10 12 1 10 12 1 10 12 1 10 12 1 10 12 1 1 10 12 1 10 12 1 9 12 1 9 12 1 10 12 1 1 10 12 1 1 7 1 10 12 1 1 11 7 12 1 1 1 11 12 1 1 10 12 1 10 12 1 10 12 1 1 10 12 1 10 12 1 10 12 1 1 100 1 10 7 1 10 12 1 1 9 12 1 100 1 10 10 12 1 1 10 12 1 1 10 12 1 1 10 10 12 1 1 10 12 1 10 12 1 10 12 1 1 9 12 1 1 10 12 1 100 1 10 100 12 1 1 1 10 7 1 10 12 1 10 12 1 10 12 1 1 10 12 1 1 10 12 1 1 10 12 1 1 10 12 1 10 12 1 1 10 12 1 10 12 1 1 10 7 1 10 9 12 1 10 10 10 12 1 1 10 12 1 1 8 1 10 100 12 1 1 1 8 1 8 1 8 1 8 1 8 1 8 1 8 1 8 1 8 1 8 1 10 12 1 1 10 12 1 10 12 1 10 12 1 1 10 12 1 100 1 10 18 12 1 1 11 12 1 8 1 8 1 18 18 18 8 1 8 1 8 1 10 12 1 1 10 10 10 12 1 10 12 1 18 12 1 11 18 12 1 8 1 100 1 18 18 12 1 18 12 1 18 18 9 7 12 1 1 9 12 1 10 12 1 9 12 1 9 12 1 6 0 3 3 3 3 3 3 8 1 10 12 1 1 9 7 12 1 1 1 10 7 12 1 9 12 1 10 12 1 10 12 1 9 7 12 1 9 12 10 100 12 1 1 1 10 12 1 1 3 9 12 1 1 10 7 12 1 1 10 12 10 12 1 1 10 12 1 9 12 1 10 12 1 9 12 1 1 10 12 1 1 10 10 10 12 1 10 10 12 1 1 10 12 1 10 12 1 10 12 1 10 7 12 1 1 9 100 12 1 1 9 7 12 1 1 8 1 10 12 1 10 12 1 1 10 12 1 11 7 12 1 1 1 9 12 1 11 12 1 11 12 1 11 12 1 11 12 1 10 11 12 1 11 12 1 11 12 1 7 1 10 12 1 10 12 1 10 12 1 10 12 1 1 10 12 1 10 12 1 10 12 1 1 9 12 1 1 10 7 12 1 1 10 12 1 10 12 1 9 12 1 100 1 11 12 1 8 1 10 12 1 1 10 12 1 1 10 12 10 7 12 1 1 1 10 10 12 1 1 10 12 1 1 7 1 10 12 1 1 11 12 1 1 11 12 1 11 12 1 1 10 12 1 1 100 1 100 1 10 12 1 10 12 1 11 12 1 1 11 12 1 9 100 12 1 1 1 11 12 1 1 10 12 1 1 10 12 1 1 11 12 1 1 10 100 12 1 1 1 10 100 12 1 10 11 12 1 1 10 10 10 11 12 1 10 12 1 10 10 12 1 1 10 12 1 1 10 11 12 1 100 1 9 100 12 1 1 1 10 12 1 9 12 1 9 12 1 10 12 1 11 12 1 11 12 1 1 10 12 10 12 1 10 12 1 1 11 12 1 1 10 12 1 100 1 10 10 11 12 1 11 12 1 1 11 12 1 1 10 7 12 1 1 1 10 12 1 1 10 12 1 1 10 12 1 1 10 12 1 1 10 100 12 1 1 10 12 1 10 12 1 10 12 1 1 10 12 1 1 10 7 12 1 1 10 7 12 1 1 1 9 12 1 1 10 12 1 10 12 1 1 10 10 10 1 1 3 1 3 1 3 1 3 1 1 1 1 1 1 1 1 1 1 1 1 1 1 1 1 1 1 1 1 1 1 1 1 1 1 1 1 1 1 1 1 100 1 1 1 100 1 1 100 1 100 1 1 1 1 1 1 1 15 10 100 12 1 1 8 1 8 1 8 1 8 1 8 1 8 1 8 1 8 1 8 1 8 1 8 1 1 1 1 1 1 1 1 100 1 100 1 1
staticfield com/sun/javafx/sg/prism/NGNode pipeline Lcom/sun/prism/GraphicsPipeline; com/sun/prism/d3d/D3DPipeline
staticfield com/sun/javafx/sg/prism/NGNode effectsSupported Ljava/lang/Boolean; java/lang/Boolean
staticfield com/sun/javafx/sg/prism/NGNode TEMP_BOUNDS Lcom/sun/javafx/geom/BoxBounds; com/sun/javafx/geom/BoxBounds
staticfield com/sun/javafx/sg/prism/NGNode TEMP_RECT_BOUNDS Lcom/sun/javafx/geom/RectBounds; com/sun/javafx/geom/RectBounds
staticfield com/sun/javafx/sg/prism/NGNode TEMP_TRANSFORM Lcom/sun/javafx/geom/transform/Affine3D; com/sun/javafx/geom/transform/Affine3D
staticfield com/sun/javafx/sg/prism/NGNode $assertionsDisabled Z 1
ciInstanceKlass com/sun/javafx/sg/prism/NGImageView 1 1 197 7 1 10 7 12 1 1 1 9 12 1 1 9 12 1 9 12 1 1 9 12 1 1 9 12 1 1 10 12 1 7 1 10 12 1 9 12 1 9 12 1 1 9 12 1 10 12 1 9 12 1 1 10 7 12 1 1 1 10 12 1 10 12 1 1 10 12 1 1 10 12 1 1 10 12 1 10 12 1 1 11 7 12 1 1 11 7 12 1 1 1 10 12 1 1 9 7 12 1 1 1 11 12 1 1 9 12 1 9 12 1 11 12 1 1 10 7 12 1 1 1 11 7 12 1 1 9 12 1 1 7 1 10 12 1 10 12 1 7 1 10 12 1 10 12 1 9 12 1 100 1 10 10 12 1 1 10 12 1 10 100 12 1 1 1 10 7 12 1 1 1 1 1 3 1 1 1 1 1 1 1 1 1 1 1 1 1 1 1 1 1 1 1 1 1 1
staticfield com/sun/javafx/sg/prism/NGImageView $assertionsDisabled Z 1
ciInstanceKlass com/sun/prism/PixelFormat 1 1 122 7 1 9 12 1 1 9 12 1 9 12 1 9 12 1 9 12 1 9 12 1 9 12 1 9 12 1 9 12 1 1 10 7 12 1 1 10 7 12 1 1 1 10 12 1 1 9 12 1 1 9 12 1 1 9 12 1 1 9 12 1 10 7 12 1 1 1 8 9 12 1 10 12 1 8 9 12 1 8 8 8 8 8 8 9 12 1 10 12 1 1 1 1 3 1 3 1 3 1 3 1 1 1 1 1 1 1 1 1 1 1 1 1 1 1 1 1 1 1 1 1
staticfield com/sun/prism/PixelFormat INT_ARGB_PRE Lcom/sun/prism/PixelFormat; com/sun/prism/PixelFormat
staticfield com/sun/prism/PixelFormat BYTE_BGRA_PRE Lcom/sun/prism/PixelFormat; com/sun/prism/PixelFormat
staticfield com/sun/prism/PixelFormat BYTE_RGB Lcom/sun/prism/PixelFormat; com/sun/prism/PixelFormat
staticfield com/sun/prism/PixelFormat BYTE_GRAY Lcom/sun/prism/PixelFormat; com/sun/prism/PixelFormat
staticfield com/sun/prism/PixelFormat BYTE_ALPHA Lcom/sun/prism/PixelFormat; com/sun/prism/PixelFormat
staticfield com/sun/prism/PixelFormat MULTI_YCbCr_420 Lcom/sun/prism/PixelFormat; com/sun/prism/PixelFormat
staticfield com/sun/prism/PixelFormat BYTE_APPLE_422 Lcom/sun/prism/PixelFormat; com/sun/prism/PixelFormat
staticfield com/sun/prism/PixelFormat FLOAT_XYZW Lcom/sun/prism/PixelFormat; com/sun/prism/PixelFormat
staticfield com/sun/prism/PixelFormat $VALUES [Lcom/sun/prism/PixelFormat; 8 [Lcom/sun/prism/PixelFormat;
ciInstanceKlass com/sun/prism/Image 1 1 572 7 1 9 7 12 1 1 1 10 12 1 1 10 12 1 10 12 1 10 12 1 9 12 1 10 12 1 10 7 12 1 1 1 9 12 1 9 12 1 9 12 1 9 12 1 9 12 1 10 7 12 1 1 1 10 12 1 1 10 12 1 1 10 12 1 10 12 1 10 12 1 1 9 7 12 1 1 1 10 7 12 1 1 10 12 1 1 10 12 1 10 7 12 1 1 1 11 7 12 1 1 1 10 7 12 1 1 10 12 1 10 100 12 1 1 100 1 8 1 10 12 1 10 100 1 11 12 1 10 12 1 100 1 10 100 12 1 1 1 18 12 1 1 10 12 1 10 100 12 1 1 10 7 12 1 1 7 1 10 9 12 1 1 9 12 1 100 1 10 12 1 1 18 10 10 12 1 8 1 8 1 8 1 8 1 8 1 9 12 1 9 12 1 1 9 12 1 1 9 12 1 9 12 1 9 12 1 9 12 1 9 12 1 1 10 12 1 1 10 12 1 8 1 8 1 8 1 8 1 10 12 1 1 10 12 1 1 18 10 12 1 9 12 1 10 100 1 10 100 12 1 1 1 10 12 1 10 12 1 10 12 1 1 10 12 1 1 10 12 10 12 10 12 1 100 1 10 12 1 1 10 12 10 12 10 12 1 100 1 8 1 10 10 100 12 1 1 10 12 1 10 12 1 10 10 100 12 1 1 1 10 100 1 10 100 1 11 100 12 1 1 10 12 1 18 12 1 10 12 1 1 10 12 1 10 12 1 10 10 9 12 1 1 9 12 1 10 12 1 1 10 100 1 10 12 1 100 1 10 12 1 1 9 12 1 1 10 12 1 100 1 10 12 1 9 12 1 1 10 12 1 100 1 9 12 1 10 12 1 100 1 10 12 1 10 12 1 1 10 100 12 1 1 10 12 1 1 10 12 1 1 10 12 1 1 10 12 1 1 10 12 10 12 1 1 10 12 1 10 12 1 10 12 1 1 10 12 1 10 12 1 10 12 1 10 12 1 100 1 10 100 12 1 1 1 9 12 1 1 3 3 10 7 12 1 1 1 10 12 1 1 10 12 1 10 12 1 9 12 1 100 1 1 1 1 1 1 1 1 1 1 1 1 1 1 1 1 1 1 1 1 1 1 1 1 1 1 1 1 1 1 1 1 1 1 1 1 1 1 1 1 1 1 1 1 1 1 1 1 1 100 1 1 1 1 1 100 1 1 15 10 100 12 1 1 8 1 8 1 8 1 8 1 1 100 1 1 1 1 1 1 1 1 1 1 1 100 1 100 1 1
staticfield com/sun/prism/Image FX_ByteBgraPre_FORMAT Ljavafx/scene/image/WritablePixelFormat; javafx/scene/image/WritablePixelFormat$ByteBgraPre
staticfield com/sun/prism/Image FX_IntArgbPre_FORMAT Ljavafx/scene/image/WritablePixelFormat; javafx/scene/image/WritablePixelFormat$IntArgbPre
staticfield com/sun/prism/Image FX_ByteRgb_FORMAT Ljavafx/scene/image/PixelFormat; javafx/scene/image/PixelFormat$ByteRgb
instanceKlass com/sun/javafx/sg/prism/NGRegion
ciInstanceKlass com/sun/javafx/sg/prism/NGGroup 1 1 419 10 7 12 1 1 1 9 7 12 1 1 1 9 7 12 1 1 7 1 10 12 1 9 12 1 1 10 7 12 1 1 1 9 12 1 9 12 1 11 7 12 1 1 1 100 1 8 1 10 12 1 10 12 1 1 9 12 1 1 11 12 1 1 11 12 1 10 12 1 10 12 1 10 12 1 11 12 1 1 11 12 1 9 12 1 10 9 12 1 1 10 12 1 11 12 1 11 12 1 11 12 1 1 11 12 1 1 11 7 12 1 1 11 12 1 1 100 1 10 100 12 1 1 1 10 12 1 100 1 8 1 10 10 12 1 1 11 12 1 10 12 1 1 11 7 12 1 1 1 10 7 1 10 12 10 12 1 1 11 12 1 1 10 12 1 11 12 1 1 100 1 10 12 1 100 1 10 12 1 10 12 1 1 11 12 1 1 10 7 12 1 1 10 100 12 1 1 10 100 12 1 1 1 10 100 12 1 1 1 10 12 1 1 10 12 1 1 10 12 1 1 10 12 1 1 100 1 10 12 1 11 12 1 1 10 12 1 1 9 100 12 1 1 9 12 1 9 12 1 9 12 1 11 12 1 1 10 12 1 10 12 1 1 9 12 1 9 7 12 1 1 1 10 12 1 10 12 1 1 10 12 1 1 10 100 12 1 1 10 12 1 10 12 1 10 12 1 1 9 12 1 1 10 100 12 1 1 1 10 10 12 1 10 10 12 1 1 10 12 1 1 10 12 1 10 12 1 10 12 1 10 12 1 10 12 1 10 12 1 10 12 1 10 12 1 10 12 1 10 12 1 10 12 1 10 12 1 10 12 1 1 10 12 1 9 12 1 10 12 9 12 1 10 12 1 1 10 12 1 1 3 10 12 1 1 1 1 1 1 1 1 1 1 1 1 1 1 1 1 1 1 1 1 1 100 1 1 100 1 100 1 100 1 1 1 1 1 1
ciInstanceKlass com/sun/javafx/sg/prism/NGRegion 1 1 1105 10 7 12 1 1 1 9 7 12 1 1 1 9 7 12 1 1 9 7 12 1 1 9 12 1 9 7 12 1 1 9 12 1 9 12 1 1 9 12 1 9 12 1 7 1 4 9 12 1 1 9 12 1 9 12 1 9 12 1 10 7 12 1 1 1 11 7 12 1 1 1 7 1 7 1 10 7 12 1 1 1 7 1 9 12 1 1 10 12 1 1 9 12 1 1 10 12 1 9 12 1 1 10 12 1 9 12 1 9 12 1 10 12 1 1 10 12 1 1 10 12 1 1 10 12 1 9 12 1 1 10 12 1 1 11 7 12 1 1 1 7 1 10 12 1 1 7 1 10 12 1 9 12 1 1 9 7 12 1 1 11 12 1 11 12 1 1 7 1 10 12 1 1 7 1 10 12 1 1 10 12 1 10 12 1 10 12 1 7 1 7 1 10 9 12 1 10 10 12 1 10 11 7 12 1 1 1 9 12 1 1 10 7 12 1 1 100 1 10 12 1 1 11 100 12 1 1 10 12 1 11 12 1 1 10 12 1 10 12 1 1 10 12 1 10 100 1 10 100 12 1 1 1 10 12 1 10 12 1 1 10 7 12 1 1 1 10 12 1 1 9 7 12 1 1 1 10 12 1 10 10 11 12 1 1 10 7 12 1 1 10 12 1 9 12 1 10 12 1 1 100 1 10 9 12 1 1 100 1 9 12 1 1 10 12 1 10 12 1 1 10 12 1 10 12 1 10 12 1 10 12 1 10 12 1 10 12 1 10 12 1 10 12 1 1 10 7 12 1 1 1 10 12 1 1 10 7 12 1 1 1 10 12 1 10 12 1 100 1 10 12 1 1 10 12 1 1 10 12 1 1 9 12 1 1 10 7 12 1 1 1 10 12 1 1 10 11 12 1 1 9 12 1 10 12 1 9 12 1 10 12 1 11 12 1 1 10 12 1 9 7 12 1 1 8 1 10 12 1 1 10 12 1 10 12 1 11 12 1 1 8 1 6 0 10 12 1 1 10 12 1 11 12 1 1 8 1 10 12 1 1 18 12 1 1 10 12 1 10 12 1 11 12 1 1 10 11 12 1 10 12 1 100 1 10 12 1 1 10 12 1 1 11 100 12 1 1 1 100 1 10 12 1 1 10 100 12 1 1 100 1 10 12 1 10 12 10 12 10 12 1 10 12 1 10 12 1 10 12 1 1 10 12 1 1 10 12 1 1 8 1 10 12 1 1 10 100 12 1 10 12 10 12 1 1 9 100 12 1 1 1 11 100 12 1 1 1 11 100 12 1 1 10 12 1 10 10 12 1 10 10 12 1 10 12 10 12 1 1 10 12 1 1 10 100 12 1 1 1 9 100 12 1 1 1 10 12 1 10 12 1 10 12 1 9 12 1 10 12 1 10 12 1 10 12 1 1 10 12 1 10 12 1 1 4 11 12 1 1 11 12 1 11 12 1 1 8 1 10 12 1 1 10 12 1 10 7 12 1 1 10 7 12 1 1 10 12 1 10 12 1 6 0 10 12 1 11 12 1 1 11 12 1 1 8 1 18 10 12 1 1 10 10 100 12 1 1 10 12 1 1 10 12 1 10 12 1 10 12 1 10 12 1 10 12 1 10 7 12 1 1 10 10 12 1 10 10 12 1 10 10 12 1 10 10 12 1 1 10 12 1 10 12 1 10 12 1 10 7 12 1 1 1 9 7 12 1 1 1 9 12 1 10 12 1 10 12 1 9 12 1 1 6 0 6 0 11 12 1 11 12 1 9 12 1 10 12 1 1 11 12 1 1 11 12 1 10 12 1 1 10 12 1 6 0 10 12 1 10 12 1 10 12 1 10 12 1 10 12 1 100 1 10 10 12 1 10 10 10 12 1 10 12 1 10 12 1 1 10 12 1 1 9 100 12 1 1 1 10 12 1 10 12 1 10 12 10 12 1 10 12 1 10 12 1 10 12 1 1 9 7 12 1 1 1 7 1 9 12 1 10 12 1 1 9 7 12 1 1 1 9 12 1 9 100 12 1 1 1 10 12 1 8 1 10 12 1 10 12 1 10 12 1 10 12 1 9 12 1 9 12 1 6 0 6 0 100 1 10 12 1 10 12 1 10 12 1 10 12 1 9 100 12 1 1 1 9 12 1 10 100 12 1 1 1 10 12 1 10 12 1 10 10 12 1 1 10 12 1 4 10 12 1 1 9 12 1 1 10 7 12 1 1 10 12 1 10 12 1 10 12 1 1 9 12 1 10 9 100 12 1 1 1 9 12 1 9 12 1 9 12 1 10 12 1 1 9 12 1 9 12 1 10 7 12 1 1 10 10 10 7 1 10 12 1 1 1 1 1 3 1 3 1 1 1 1 1 1 1 1 1 1 1 1 1 1 1 100 1 1 1 100 1 1 1 1 1 1 100 1 100 1 1 1 1 1 1 1 1 1 1 15 10 100 12 1 1 8 1 8 1 1 1 100 1 1 1 1 1 100 1 100 1 1
staticfield com/sun/javafx/sg/prism/NGRegion SCRATCH_AFFINE Lcom/sun/javafx/geom/transform/Affine2D; com/sun/javafx/geom/transform/Affine2D
staticfield com/sun/javafx/sg/prism/NGRegion TEMP_RECT Lcom/sun/javafx/geom/Rectangle; com/sun/javafx/geom/Rectangle
staticfield com/sun/javafx/sg/prism/NGRegion nopEffect Lcom/sun/scenario/effect/Offset; com/sun/scenario/effect/Offset
staticfield com/sun/javafx/sg/prism/NGRegion $assertionsDisabled Z 1
ciInstanceKlass javafx/geometry/Insets 1 1 84 9 7 12 1 1 1 9 12 1 9 12 1 9 12 1 10 7 12 1 1 1 9 12 1 1 5 0 5 0 10 7 12 1 1 1 18 12 1 1 10 12 1 9 12 1 1 1 1 1 1 1 1 1 1 1 1 1 1 1 1 1 1 1 1 1 1 1 1 1 15 10 100 12 1 1 8 1 1 100 1 100 1 1
staticfield javafx/geometry/Insets EMPTY Ljavafx/geometry/Insets; javafx/geometry/Insets
ciInstanceKlass javafx/scene/shape/StrokeType 1 1 50 7 1 9 12 1 1 9 12 1 9 12 1 9 12 1 1 10 100 12 1 1 10 7 12 1 1 1 10 12 1 1 8 10 8 8 10 12 1 1 1 1 1 1 1 1 1 1 1 1
staticfield javafx/scene/shape/StrokeType INSIDE Ljavafx/scene/shape/StrokeType; javafx/scene/shape/StrokeType
staticfield javafx/scene/shape/StrokeType OUTSIDE Ljavafx/scene/shape/StrokeType; javafx/scene/shape/StrokeType
staticfield javafx/scene/shape/StrokeType CENTERED Ljavafx/scene/shape/StrokeType; javafx/scene/shape/StrokeType
staticfield javafx/scene/shape/StrokeType $VALUES [Ljavafx/scene/shape/StrokeType; 3 [Ljavafx/scene/shape/StrokeType;
ciInstanceKlass javafx/css/Rule$Observables$1 1 1 79 9 7 12 1 1 1 10 7 12 1 1 1 10 100 12 1 1 1 10 12 1 10 12 1 1 11 100 12 1 1 1 11 12 1 1 100 1 9 100 12 1 1 1 10 12 1 1 10 12 1 10 12 1 10 12 1 1 1 1 1 1 1 1 1 1 1 1 1 1 12 1 100 1 1 1 100 1 1
ciInstanceKlass javafx/scene/layout/Background 1 1 488 9 7 12 1 1 1 9 12 1 9 12 1 9 12 1 1 11 7 12 1 1 1 10 12 1 1 11 12 1 1 7 1 11 12 1 1 100 1 100 1 100 1 10 7 12 1 1 10 7 12 1 1 1 10 12 1 1 10 7 12 1 1 1 10 12 1 10 12 1 10 12 1 10 12 1 1 9 7 12 1 1 1 9 12 1 1 10 7 12 1 1 7 1 10 12 1 9 12 1 10 7 12 1 1 1 10 12 1 9 12 1 7 1 6 0 9 12 1 1 9 12 1 9 12 1 9 12 1 10 12 1 1 9 12 1 11 12 1 9 12 1 1 10 12 1 10 12 1 11 12 1 1 10 12 1 10 12 1 10 12 1 10 12 1 10 12 1 10 12 1 10 12 1 10 12 1 10 12 1 10 12 1 10 12 1 10 12 1 10 12 1 10 12 1 10 12 1 10 12 1 6 0 10 12 1 1 10 12 1 10 7 12 1 1 1 11 12 1 1 11 7 12 1 1 11 12 1 1 9 12 1 1 9 12 1 1 11 100 12 1 1 1 10 100 12 1 100 1 100 1 10 10 100 12 1 1 1 10 12 1 9 12 1 9 7 12 1 1 9 12 1 6 0 9 12 1 9 12 1 9 12 1 9 12 1 1 9 7 12 1 1 9 12 1 9 12 1 9 12 1 10 100 12 1 1 10 12 1 9 12 1 10 12 1 1 10 12 1 1 11 12 1 1 7 1 8 1 10 7 12 1 1 1 9 7 12 1 1 1 10 12 1 9 12 1 1 8 1 10 7 12 1 1 9 12 1 1 9 12 1 8 1 10 7 12 1 1 9 12 9 12 1 8 1 10 7 12 1 1 10 12 1 9 12 1 8 1 10 7 12 1 1 7 1 10 12 1 9 12 1 8 1 10 7 12 1 1 7 1 9 12 1 1 9 12 1 8 1 10 7 12 1 1 9 12 9 12 1 7 1 10 7 12 1 1 1 10 12 1 1 9 12 1 1 1 1 1 1 1 1 1 1 1 1 1 1 1 1 1 1 1 1 1 1 1 1 1 1 1 1 1 1 1 100 1 1 1 1 1 1 100 1 1 100 1 100 1
staticfield javafx/scene/layout/Background BACKGROUND_COLOR Ljavafx/css/CssMetaData; com/sun/javafx/css/SubCssMetaData
staticfield javafx/scene/layout/Background BACKGROUND_RADIUS Ljavafx/css/CssMetaData; com/sun/javafx/css/SubCssMetaData
staticfield javafx/scene/layout/Background BACKGROUND_INSETS Ljavafx/css/CssMetaData; com/sun/javafx/css/SubCssMetaData
staticfield javafx/scene/layout/Background BACKGROUND_IMAGE Ljavafx/css/CssMetaData; com/sun/javafx/css/SubCssMetaData
staticfield javafx/scene/layout/Background BACKGROUND_REPEAT Ljavafx/css/CssMetaData; com/sun/javafx/css/SubCssMetaData
staticfield javafx/scene/layout/Background BACKGROUND_POSITION Ljavafx/css/CssMetaData; com/sun/javafx/css/SubCssMetaData
staticfield javafx/scene/layout/Background BACKGROUND_SIZE Ljavafx/css/CssMetaData; com/sun/javafx/css/SubCssMetaData
staticfield javafx/scene/layout/Background STYLEABLES Ljava/util/List; java/util/Collections$UnmodifiableRandomAccessList
staticfield javafx/scene/layout/Background EMPTY Ljavafx/scene/layout/Background; javafx/scene/layout/Background
ciInstanceKlass javafx/scene/layout/CornerRadii 1 1 207 9 7 12 1 1 1 9 12 1 9 12 1 9 12 1 9 12 1 9 12 1 9 12 1 9 12 1 9 12 1 1 9 12 1 9 12 1 9 12 1 9 12 1 9 12 1 9 12 1 9 12 1 9 12 1 10 7 12 1 1 1 100 1 8 1 10 12 1 9 12 1 10 12 1 1 9 12 1 1 8 1 10 7 12 1 1 1 10 12 1 1 10 12 1 1 10 12 1 1 18 12 1 1 18 18 12 1 18 18 18 18 18 18 18 12 1 10 12 1 9 12 1 1 1 1 1 1 1 1 1 1 1 1 1 1 1 1 1 1 1 1 1 1 1 1 1 1 1 1 1 1 1 1 1 1 1 1 1 1 1 1 1 1 1 1 1 1 1 100 1 1 1 1 1 15 10 100 12 1 1 8 1 8 1 8 1 8 1 8 1 8 1 8 1 8 1 8 1 8 1 1 100 1 100 1 1
staticfield javafx/scene/layout/CornerRadii EMPTY Ljavafx/scene/layout/CornerRadii; javafx/scene/layout/CornerRadii
ciInstanceKlass javafx/scene/layout/Border 1 1 304 9 7 12 1 1 1 9 12 1 9 12 1 9 12 1 1 9 12 1 11 7 12 1 1 1 10 12 1 1 11 12 1 1 7 1 11 12 1 1 100 1 100 1 100 1 10 7 12 1 1 10 7 12 1 1 1 9 12 1 10 7 12 1 1 1 10 12 1 10 12 1 10 12 1 9 12 1 7 1 10 12 1 9 9 10 12 1 11 12 1 9 12 1 1 9 100 12 1 1 1 10 12 1 10 12 1 10 12 1 1 11 12 1 1 7 1 8 1 10 7 12 1 1 1 10 12 1 9 12 1 1 8 1 10 7 12 1 1 9 12 1 8 1 10 7 12 1 1 9 12 1 8 1 10 7 12 1 1 9 12 1 8 1 10 7 12 1 1 9 12 1 8 1 10 7 12 1 1 9 12 1 8 1 10 7 12 1 1 7 1 9 7 12 1 1 1 10 12 1 10 12 1 9 12 1 8 1 10 7 12 1 1 7 1 9 12 1 1 9 12 1 8 1 10 7 12 1 1 7 1 9 12 1 9 12 1 8 1 9 12 1 9 12 1 7 1 10 7 12 1 1 1 10 12 1 1 9 12 1 1 1 1 1 1 1 1 1 1 1 1 1 1 1 1 1 1 1 1 1 1 1 1 1 1 1 1 1 1 1 1 1 1 1 1 1 1 100 1 1 100 1 100 1
staticfield javafx/scene/layout/Border BORDER_COLOR Ljavafx/css/CssMetaData; com/sun/javafx/css/SubCssMetaData
staticfield javafx/scene/layout/Border BORDER_STYLE Ljavafx/css/CssMetaData; com/sun/javafx/css/SubCssMetaData
staticfield javafx/scene/layout/Border BORDER_WIDTH Ljavafx/css/CssMetaData; com/sun/javafx/css/SubCssMetaData
staticfield javafx/scene/layout/Border BORDER_RADIUS Ljavafx/css/CssMetaData; com/sun/javafx/css/SubCssMetaData
staticfield javafx/scene/layout/Border BORDER_INSETS Ljavafx/css/CssMetaData; com/sun/javafx/css/SubCssMetaData
staticfield javafx/scene/layout/Border BORDER_IMAGE_SOURCE Ljavafx/css/CssMetaData; com/sun/javafx/css/SubCssMetaData
staticfield javafx/scene/layout/Border BORDER_IMAGE_REPEAT Ljavafx/css/CssMetaData; com/sun/javafx/css/SubCssMetaData
staticfield javafx/scene/layout/Border BORDER_IMAGE_SLICE Ljavafx/css/CssMetaData; com/sun/javafx/css/SubCssMetaData
staticfield javafx/scene/layout/Border BORDER_IMAGE_WIDTH Ljavafx/css/CssMetaData; com/sun/javafx/css/SubCssMetaData
staticfield javafx/scene/layout/Border BORDER_IMAGE_INSETS Ljavafx/css/CssMetaData; com/sun/javafx/css/SubCssMetaData
staticfield javafx/scene/layout/Border STYLEABLES Ljava/util/List; java/util/Collections$UnmodifiableRandomAccessList
staticfield javafx/scene/layout/Border EMPTY Ljavafx/scene/layout/Border; javafx/scene/layout/Border
ciInstanceKlass javafx/scene/layout/BorderWidths 1 1 103 9 7 12 1 1 1 9 12 1 9 12 1 9 12 1 9 12 1 1 9 12 1 9 12 1 9 12 1 10 12 1 1 10 7 12 1 1 6 0 100 1 8 1 10 12 1 10 7 12 1 1 1 9 12 1 1 10 12 1 1 10 12 1 1 9 12 1 1 9 12 1 9 12 1 1 1 1 1 1 1 1 1 1 1 1 1 1 1 1 1 1 1 1 1 1 1 1 1 1 1 1 1
staticfield javafx/scene/layout/BorderWidths DEFAULT Ljavafx/scene/layout/BorderWidths; javafx/scene/layout/BorderWidths
staticfield javafx/scene/layout/BorderWidths EMPTY Ljavafx/scene/layout/BorderWidths; javafx/scene/layout/BorderWidths
staticfield javafx/scene/layout/BorderWidths FULL Ljavafx/scene/layout/BorderWidths; javafx/scene/layout/BorderWidths
instanceKlass com/sun/scenario/effect/Offset
instanceKlass com/sun/javafx/sg/prism/NGNode$PassThrough
instanceKlass com/sun/scenario/effect/FilterEffect
instanceKlass com/sun/javafx/sg/prism/NodeEffectInput
instanceKlass com/sun/javafx/sg/prism/NGNode$EffectDirtyBoundsHelper
ciInstanceKlass com/sun/scenario/effect/Effect 1 1 241 10 7 12 1 1 1 10 7 12 1 1 1 9 7 12 1 1 1 9 12 1 9 12 1 1 7 1 10 12 1 10 12 1 1 10 12 1 1 11 7 12 1 1 1 100 1 8 1 10 12 1 11 12 1 1 11 12 1 1 10 100 12 1 1 1 100 1 10 10 12 1 1 10 12 1 10 100 1 10 12 1 10 12 10 10 100 12 1 1 1 10 12 1 1 10 100 12 1 1 10 12 1 1 10 12 1 1 10 12 1 10 12 1 10 12 1 10 12 1 1 10 12 1 1 10 100 12 1 1 1 10 100 12 1 1 10 12 1 1 11 12 1 1 10 12 1 10 7 12 1 1 1 10 12 1 1 10 12 1 10 12 1 1 10 12 1 1 9 12 1 1 18 12 1 10 7 12 1 1 1 1 1 1 1 1 1 1 1 1 1 1 1 1 100 1 1 1 1 1 1 1 1 1 1 1 1 1 1 1 1 1 1 1 1 1 1 100 1 1 15 10 7 12 1 1 1 16 15 10 12 1 100 1 1 1 100 1 100 1 1
staticfield com/sun/scenario/effect/Effect DefaultInput Lcom/sun/scenario/effect/Effect; null
ciInstanceKlass com/sun/javafx/sg/prism/NodeEffectInput 0 0 229 9 100 12 1 1 1 10 100 12 1 1 1 10 100 12 1 1 100 1 10 9 12 1 1 9 12 1 1 9 12 1 10 12 1 10 100 12 1 1 1 10 100 12 1 1 1 9 100 12 1 1 1 10 100 12 1 1 1 10 100 12 1 1 1 100 1 10 12 1 1 10 12 1 1 10 12 1 1 10 12 1 1 9 12 1 1 10 12 1 10 12 1 1 10 12 1 9 12 1 9 12 1 10 12 1 1 10 12 1 1 10 12 1 10 12 1 10 12 1 9 100 12 1 1 1 10 12 1 11 100 12 1 1 11 12 1 1 10 12 1 1 11 12 1 9 12 1 9 100 12 1 1 1 10 12 1 1 10 12 1 10 12 1 10 12 1 10 12 1 1 9 12 1 1 9 12 1 10 12 1 1 100 1 10 12 1 9 12 1 9 12 1 11 12 1 1 10 12 10 12 1 10 12 1 1 1 1 1 1 1 1 1 1 1 1 1 1 1 1 1 1 1 1 1 1 1 1 1
ciInstanceKlass com/sun/scenario/effect/Blend 0 0 148 10 100 12 1 1 1 10 100 12 1 1 1 10 12 1 1 10 12 1 1 11 100 12 1 1 1 100 1 10 12 1 1 9 12 1 1 100 1 8 1 10 12 1 10 100 12 1 1 1 18 12 1 1 10 12 1 9 12 1 1 8 1 10 12 1 1 10 12 1 1 10 12 1 9 100 12 1 1 1 10 12 1 1 10 12 1 9 100 12 1 1 1 10 12 1 1 10 12 1 1 10 12 1 1 10 12 1 1 10 12 1 1 1 1 1 1 1 1 1 1 1 1 1 1 1 1 1 1 1 15 10 100 12 1 1 8 1 1 1 100 1 1 100 1 100 1 1
instanceKlass com/sun/prism/paint/Gradient
instanceKlass com/sun/prism/paint/Color
instanceKlass com/sun/prism/paint/ImagePattern
ciInstanceKlass com/sun/prism/paint/Paint 1 1 35 10 7 12 1 1 1 9 7 12 1 1 1 9 12 1 1 9 12 1 1 1 1 1 1 1 1 1 1 1 1 100 1 1 1
ciInstanceKlass com/sun/javafx/geom/Rectangle 1 1 140 10 7 12 1 1 1 10 7 12 1 1 10 12 1 1 9 12 1 1 9 12 1 9 12 1 9 12 1 10 12 10 12 1 10 7 12 1 1 1 10 7 12 1 1 1 10 12 1 10 12 1 10 12 1 10 12 1 10 12 1 1 10 12 1 10 12 1 100 1 5 0 3 3 100 1 10 12 1 5 0 10 12 1 1 10 100 12 1 1 1 10 12 1 1 10 100 12 1 1 1 18 12 1 1 1 1 1 1 1 1 1 1 1 1 1 1 1 1 1 1 1 1 1 1 1 15 10 100 12 1 1 8 1 1 100 1 100 1 1
ciInstanceKlass com/sun/scenario/effect/Blend$Mode 1 1 119 7 1 9 12 1 1 9 12 1 9 12 1 9 12 1 9 12 1 9 12 1 9 12 1 9 12 1 9 12 1 9 12 1 9 12 1 9 12 1 9 12 1 9 12 1 9 12 1 9 12 1 9 12 1 9 12 1 9 12 1 9 12 1 1 10 100 12 1 1 10 7 12 1 1 1 10 12 1 1 8 10 8 8 8 8 8 8 8 8 8 8 8 8 8 8 8 8 8 8 10 12 1 1 1 1 1 1 1 1 1 1 1 1 1 100 1 1 1
staticfield com/sun/scenario/effect/Blend$Mode SRC_OVER Lcom/sun/scenario/effect/Blend$Mode; com/sun/scenario/effect/Blend$Mode
staticfield com/sun/scenario/effect/Blend$Mode SRC_IN Lcom/sun/scenario/effect/Blend$Mode; com/sun/scenario/effect/Blend$Mode
staticfield com/sun/scenario/effect/Blend$Mode SRC_OUT Lcom/sun/scenario/effect/Blend$Mode; com/sun/scenario/effect/Blend$Mode
staticfield com/sun/scenario/effect/Blend$Mode SRC_ATOP Lcom/sun/scenario/effect/Blend$Mode; com/sun/scenario/effect/Blend$Mode
staticfield com/sun/scenario/effect/Blend$Mode ADD Lcom/sun/scenario/effect/Blend$Mode; com/sun/scenario/effect/Blend$Mode
staticfield com/sun/scenario/effect/Blend$Mode MULTIPLY Lcom/sun/scenario/effect/Blend$Mode; com/sun/scenario/effect/Blend$Mode
staticfield com/sun/scenario/effect/Blend$Mode SCREEN Lcom/sun/scenario/effect/Blend$Mode; com/sun/scenario/effect/Blend$Mode
staticfield com/sun/scenario/effect/Blend$Mode OVERLAY Lcom/sun/scenario/effect/Blend$Mode; com/sun/scenario/effect/Blend$Mode
staticfield com/sun/scenario/effect/Blend$Mode DARKEN Lcom/sun/scenario/effect/Blend$Mode; com/sun/scenario/effect/Blend$Mode
staticfield com/sun/scenario/effect/Blend$Mode LIGHTEN Lcom/sun/scenario/effect/Blend$Mode; com/sun/scenario/effect/Blend$Mode
staticfield com/sun/scenario/effect/Blend$Mode COLOR_DODGE Lcom/sun/scenario/effect/Blend$Mode; com/sun/scenario/effect/Blend$Mode
staticfield com/sun/scenario/effect/Blend$Mode COLOR_BURN Lcom/sun/scenario/effect/Blend$Mode; com/sun/scenario/effect/Blend$Mode
staticfield com/sun/scenario/effect/Blend$Mode HARD_LIGHT Lcom/sun/scenario/effect/Blend$Mode; com/sun/scenario/effect/Blend$Mode
staticfield com/sun/scenario/effect/Blend$Mode SOFT_LIGHT Lcom/sun/scenario/effect/Blend$Mode; com/sun/scenario/effect/Blend$Mode
staticfield com/sun/scenario/effect/Blend$Mode DIFFERENCE Lcom/sun/scenario/effect/Blend$Mode; com/sun/scenario/effect/Blend$Mode
staticfield com/sun/scenario/effect/Blend$Mode EXCLUSION Lcom/sun/scenario/effect/Blend$Mode; com/sun/scenario/effect/Blend$Mode
staticfield com/sun/scenario/effect/Blend$Mode RED Lcom/sun/scenario/effect/Blend$Mode; com/sun/scenario/effect/Blend$Mode
staticfield com/sun/scenario/effect/Blend$Mode GREEN Lcom/sun/scenario/effect/Blend$Mode; com/sun/scenario/effect/Blend$Mode
staticfield com/sun/scenario/effect/Blend$Mode BLUE Lcom/sun/scenario/effect/Blend$Mode; com/sun/scenario/effect/Blend$Mode
staticfield com/sun/scenario/effect/Blend$Mode $VALUES [Lcom/sun/scenario/effect/Blend$Mode; 19 [Lcom/sun/scenario/effect/Blend$Mode;
ciInstanceKlass com/sun/prism/paint/Color 1 1 116 9 7 12 1 1 1 10 7 12 1 1 1 6 0 9 7 12 1 1 1 9 12 1 1 9 12 1 9 12 1 9 12 1 10 7 12 1 1 1 10 100 12 1 1 1 18 12 1 1 10 12 1 9 12 1 1 9 12 1 9 12 1 9 12 1 9 12 1 9 12 1 1 1 1 1 1 1 1 1 1 1 1 1 1 1 1 1 1 1 1 1 1 1 1 1 1 1 1 1 1 15 10 100 12 1 1 8 1 1 1 100 1 100 1 1
staticfield com/sun/prism/paint/Color WHITE Lcom/sun/prism/paint/Color; com/sun/prism/paint/Color
staticfield com/sun/prism/paint/Color BLACK Lcom/sun/prism/paint/Color; com/sun/prism/paint/Color
staticfield com/sun/prism/paint/Color RED Lcom/sun/prism/paint/Color; com/sun/prism/paint/Color
staticfield com/sun/prism/paint/Color GREEN Lcom/sun/prism/paint/Color; com/sun/prism/paint/Color
staticfield com/sun/prism/paint/Color BLUE Lcom/sun/prism/paint/Color; com/sun/prism/paint/Color
staticfield com/sun/prism/paint/Color TRANSPARENT Lcom/sun/prism/paint/Color; com/sun/prism/paint/Color
ciInstanceKlass com/sun/prism/paint/Paint$Type 1 1 84 7 1 9 12 1 1 9 12 1 9 12 1 9 12 1 9 12 1 1 10 7 12 1 1 10 7 12 1 1 1 10 12 1 1 9 12 1 1 9 12 1 1 9 12 1 8 8 1 10 12 1 8 8 1 8 8 1 8 8 1 10 12 1 1 1 1 1 1 1 1 1 1 1 1 1 1 1 1 1 100 1 1 1
staticfield com/sun/prism/paint/Paint$Type COLOR Lcom/sun/prism/paint/Paint$Type; com/sun/prism/paint/Paint$Type
staticfield com/sun/prism/paint/Paint$Type LINEAR_GRADIENT Lcom/sun/prism/paint/Paint$Type; com/sun/prism/paint/Paint$Type
staticfield com/sun/prism/paint/Paint$Type RADIAL_GRADIENT Lcom/sun/prism/paint/Paint$Type; com/sun/prism/paint/Paint$Type
staticfield com/sun/prism/paint/Paint$Type IMAGE_PATTERN Lcom/sun/prism/paint/Paint$Type; com/sun/prism/paint/Paint$Type
staticfield com/sun/prism/paint/Paint$Type $VALUES [Lcom/sun/prism/paint/Paint$Type; 4 [Lcom/sun/prism/paint/Paint$Type;
ciInstanceKlass com/sun/javafx/sg/prism/NodePath 1 1 67 10 7 12 1 1 1 7 1 10 9 7 12 1 1 1 11 7 12 1 1 1 11 12 1 1 11 12 1 1 100 1 9 12 1 1 10 10 12 1 100 1 10 11 12 1 11 12 1 1 11 12 1 1 1 1 1 1 1 1 1 1 1 1 1 1 1
ciInstanceKlass com/sun/javafx/logging/PulseLogger 1 1 162 10 7 12 1 1 1 9 7 12 1 1 1 10 7 12 1 1 10 12 1 10 12 1 10 12 1 10 12 1 1 10 12 1 10 12 1 10 12 1 18 12 1 1 10 7 12 1 1 1 7 1 10 12 1 1 10 7 12 1 1 1 8 1 10 12 1 1 10 7 12 1 1 1 100 1 100 1 100 1 100 1 100 1 8 1 10 12 1 1 10 12 1 1 7 1 8 1 8 1 9 12 1 1 7 1 10 10 12 1 1 11 7 12 1 1 1 11 12 1 1 11 12 1 1 7 9 12 1 1 1 1 1 1 100 1 1 1 1 100 1 1 1 15 10 7 12 1 1 1 16 1 15 10 12 16 1 100 1 100 1 1
staticfield com/sun/javafx/logging/PulseLogger PULSE_LOGGING_ENABLED Z 0
staticfield com/sun/javafx/logging/PulseLogger DEFAULT_LOGGERS [Ljava/lang/String; 2 [Ljava/lang/String;
staticfield com/sun/javafx/logging/PulseLogger loggers [Lcom/sun/javafx/logging/Logger; 0 [Lcom/sun/javafx/logging/Logger;
ciInstanceKlass com/sun/javafx/UnmodifiableArrayList 1 1 48 10 7 12 1 1 1 9 7 12 1 1 1 100 1 10 9 12 1 1 9 12 1 1 10 7 12 1 1 1 100 1 1 1 1 1 1 1 100 1 1 1 1 1 1 1 1 1
staticfield com/sun/javafx/UnmodifiableArrayList $assertionsDisabled Z 1
ciInstanceKlass javafx/scene/layout/BorderStrokeStyle 1 1 198 9 7 12 1 1 1 9 12 1 1 9 12 1 1 9 12 1 1 9 12 1 9 12 1 1 10 7 12 1 1 1 9 7 12 1 1 9 7 12 1 1 9 7 12 1 1 10 7 12 1 1 1 9 12 1 9 12 1 7 1 10 12 1 10 12 1 1 10 12 1 1 10 10 10 7 12 1 1 1 11 7 1 9 12 1 1 9 12 1 1 8 1 9 12 1 8 1 9 12 1 8 1 9 12 1 8 1 100 1 10 8 1 10 12 1 1 10 12 1 8 1 10 12 1 8 1 8 1 10 12 1 1 10 12 1 1 10 12 1 1 11 12 1 1 10 12 1 10 12 1 1 11 12 1 6 0 10 12 1 1 6 0 9 12 1 10 12 1 9 12 1 6 0 1 1 1 1 1 1 1 1 1 1 1 1 1 1 1 1 1 1 1 1 1 1 1 1
staticfield javafx/scene/layout/BorderStrokeStyle DOTTED_LIST Ljava/util/List; java/util/Collections$UnmodifiableRandomAccessList
staticfield javafx/scene/layout/BorderStrokeStyle DASHED_LIST Ljava/util/List; java/util/Collections$UnmodifiableRandomAccessList
staticfield javafx/scene/layout/BorderStrokeStyle NONE Ljavafx/scene/layout/BorderStrokeStyle; javafx/scene/layout/BorderStrokeStyle
staticfield javafx/scene/layout/BorderStrokeStyle DOTTED Ljavafx/scene/layout/BorderStrokeStyle; javafx/scene/layout/BorderStrokeStyle
staticfield javafx/scene/layout/BorderStrokeStyle DASHED Ljavafx/scene/layout/BorderStrokeStyle; javafx/scene/layout/BorderStrokeStyle
staticfield javafx/scene/layout/BorderStrokeStyle SOLID Ljavafx/scene/layout/BorderStrokeStyle; javafx/scene/layout/BorderStrokeStyle
ciInstanceKlass javafx/scene/layout/BorderStroke 1 1 232 9 7 12 1 1 1 9 12 1 9 12 1 9 12 1 9 12 1 1 9 12 1 9 12 1 9 12 1 9 12 1 1 9 12 1 1 9 12 1 1 9 12 1 1 10 7 12 1 1 1 9 100 12 1 1 1 9 7 12 1 1 9 7 12 1 1 9 12 1 9 7 12 1 9 7 12 1 1 1 9 12 1 9 12 1 9 12 1 10 12 1 1 10 12 1 1 10 12 1 1 10 12 1 10 12 1 10 12 1 10 12 1 9 12 1 10 12 1 10 7 12 1 1 1 9 12 1 10 12 1 1 9 12 1 1 10 12 1 10 12 1 1 10 10 10 10 10 10 12 1 10 10 10 10 9 7 12 1 1 1 9 12 1 6 0 9 12 1 100 1 8 1 10 12 1 10 12 1 1 10 10 10 10 12 1 9 12 1 6 0 9 12 1 6 0 9 12 1 1 1 1 1 1 1 1 1 1 1 1 1 1 1 1 1 1 1 1 1 1 1 100 1 1 1 1 1 1 1 1 1 1
staticfield javafx/scene/layout/BorderStroke THIN Ljavafx/scene/layout/BorderWidths; javafx/scene/layout/BorderWidths
staticfield javafx/scene/layout/BorderStroke MEDIUM Ljavafx/scene/layout/BorderWidths; javafx/scene/layout/BorderWidths
staticfield javafx/scene/layout/BorderStroke THICK Ljavafx/scene/layout/BorderWidths; javafx/scene/layout/BorderWidths
staticfield javafx/scene/layout/BorderStroke DEFAULT_WIDTHS Ljavafx/scene/layout/BorderWidths; javafx/scene/layout/BorderWidths
ciInstanceKlass com/sun/javafx/geom/BaseBounds$BoundsType 1 1 51 7 1 9 12 1 1 9 12 1 9 12 1 1 10 100 12 1 1 10 7 12 1 1 1 10 12 1 1 8 10 8 10 12 1 1 1 1 1 1 1 1 1 1 1 1 1 100 1 1 1
staticfield com/sun/javafx/geom/BaseBounds$BoundsType RECTANGLE Lcom/sun/javafx/geom/BaseBounds$BoundsType; com/sun/javafx/geom/BaseBounds$BoundsType
staticfield com/sun/javafx/geom/BaseBounds$BoundsType BOX Lcom/sun/javafx/geom/BaseBounds$BoundsType; com/sun/javafx/geom/BaseBounds$BoundsType
staticfield com/sun/javafx/geom/BaseBounds$BoundsType $VALUES [Lcom/sun/javafx/geom/BaseBounds$BoundsType; 2 [Lcom/sun/javafx/geom/BaseBounds$BoundsType;
ciInstanceKlass com/sun/javafx/geom/transform/BaseTransform$Degree 1 1 63 7 1 9 12 1 1 9 12 1 9 12 1 9 12 1 9 12 1 9 12 1 1 10 7 12 1 1 10 7 12 1 1 1 10 12 1 1 8 10 8 8 8 8 10 12 1 1 1 1 1 1 1 1 1 1 1 1 1 100 1 1 1
staticfield com/sun/javafx/geom/transform/BaseTransform$Degree IDENTITY Lcom/sun/javafx/geom/transform/BaseTransform$Degree; com/sun/javafx/geom/transform/BaseTransform$Degree
staticfield com/sun/javafx/geom/transform/BaseTransform$Degree TRANSLATE_2D Lcom/sun/javafx/geom/transform/BaseTransform$Degree; com/sun/javafx/geom/transform/BaseTransform$Degree
staticfield com/sun/javafx/geom/transform/BaseTransform$Degree AFFINE_2D Lcom/sun/javafx/geom/transform/BaseTransform$Degree; com/sun/javafx/geom/transform/BaseTransform$Degree
staticfield com/sun/javafx/geom/transform/BaseTransform$Degree TRANSLATE_3D Lcom/sun/javafx/geom/transform/BaseTransform$Degree; com/sun/javafx/geom/transform/BaseTransform$Degree
staticfield com/sun/javafx/geom/transform/BaseTransform$Degree AFFINE_3D Lcom/sun/javafx/geom/transform/BaseTransform$Degree; com/sun/javafx/geom/transform/BaseTransform$Degree
staticfield com/sun/javafx/geom/transform/BaseTransform$Degree $VALUES [Lcom/sun/javafx/geom/transform/BaseTransform$Degree; 5 [Lcom/sun/javafx/geom/transform/BaseTransform$Degree;
instanceKlass com/sun/prism/image/CachingCompoundImage
ciInstanceKlass com/sun/prism/image/CompoundImage 1 1 101 7 1 10 12 1 1 10 7 12 1 1 10 7 12 1 1 1 10 12 1 9 12 1 1 9 12 1 10 12 1 1 9 12 1 1 9 12 1 9 12 1 9 12 1 9 12 1 9 12 1 9 12 1 9 12 1 9 12 1 1 10 12 1 1 10 12 1 10 12 1 10 12 1 10 12 1 1 100 1 10 12 1 10 12 1 1 1 1 3 1 1 1 1 100 1 1 1 1 1 1
ciInstanceKlass com/sun/prism/image/CachingCompoundImage 1 1 39 10 7 12 1 1 1 9 7 12 1 1 1 9 12 1 1 9 7 12 1 1 1 11 7 12 1 1 1 1 1 1 1 1 1 1 100 1 1
ciInstanceKlass com/sun/prism/Texture$WrapMode 1 1 86 7 1 9 12 1 1 9 12 1 9 12 1 9 12 1 9 12 1 9 12 1 9 12 1 9 12 1 1 10 7 12 1 1 10 7 12 1 1 1 10 12 1 1 9 12 1 9 12 1 8 10 8 8 8 8 10 12 1 8 8 10 12 1 1 1 1 1 1 1 1 1 1 1 1 1 1 1 1 1 1 1 100 1 1 1
staticfield com/sun/prism/Texture$WrapMode CLAMP_NOT_NEEDED Lcom/sun/prism/Texture$WrapMode; com/sun/prism/Texture$WrapMode
staticfield com/sun/prism/Texture$WrapMode CLAMP_TO_ZERO Lcom/sun/prism/Texture$WrapMode; com/sun/prism/Texture$WrapMode
staticfield com/sun/prism/Texture$WrapMode CLAMP_TO_EDGE Lcom/sun/prism/Texture$WrapMode; com/sun/prism/Texture$WrapMode
staticfield com/sun/prism/Texture$WrapMode REPEAT Lcom/sun/prism/Texture$WrapMode; com/sun/prism/Texture$WrapMode
staticfield com/sun/prism/Texture$WrapMode CLAMP_TO_ZERO_SIMULATED Lcom/sun/prism/Texture$WrapMode; com/sun/prism/Texture$WrapMode
staticfield com/sun/prism/Texture$WrapMode CLAMP_TO_EDGE_SIMULATED Lcom/sun/prism/Texture$WrapMode; com/sun/prism/Texture$WrapMode
staticfield com/sun/prism/Texture$WrapMode REPEAT_SIMULATED Lcom/sun/prism/Texture$WrapMode; com/sun/prism/Texture$WrapMode
staticfield com/sun/prism/Texture$WrapMode $VALUES [Lcom/sun/prism/Texture$WrapMode; 7 [Lcom/sun/prism/Texture$WrapMode;
instanceKlass com/sun/prism/impl/DisposerManagedResource
ciInstanceKlass com/sun/prism/impl/ManagedResource 1 1 120 7 1 9 12 1 1 10 12 1 1 9 12 1 1 10 12 1 1 10 7 12 1 1 9 12 1 1 10 12 1 10 12 1 1 11 7 12 1 1 1 10 12 1 9 12 1 1 100 1 8 1 10 12 1 9 12 1 9 12 1 9 12 1 11 12 1 11 12 1 8 1 9 12 1 100 1 1 1 3 1 1 1 1 1 1 1 1 1 1 1 1 1 1 1 1 1 1 1 1 1 1 1 1 1 1 1 1 1 1 1 1 1 1 1 1 1 1 1 1
ciInstanceKlass com/sun/prism/d3d/D3DRenderTarget 1 0 9 100 1 100 1 1 1 1 1
instanceKlass com/sun/prism/d3d/D3DTexture
ciInstanceKlass com/sun/prism/impl/BaseTexture 1 1 307 10 7 12 1 1 1 9 7 12 1 1 1 9 12 1 1 9 12 1 1 9 12 1 1 9 12 1 1 9 12 1 9 12 1 9 12 1 9 12 1 9 12 1 9 12 1 9 12 1 9 12 1 10 12 1 100 1 8 1 10 12 1 8 1 10 12 1 10 12 1 9 100 12 1 1 1 10 100 12 1 1 1 9 12 1 9 12 1 10 12 1 1 11 100 1 9 12 1 10 7 12 1 1 10 12 1 1 10 12 1 10 10 12 1 10 12 1 10 12 1 10 12 1 10 12 1 10 12 1 10 12 1 1 10 7 12 1 1 10 12 1 10 12 1 10 12 1 10 12 1 1 10 7 12 1 1 10 12 1 1 10 12 1 10 12 1 10 12 1 10 12 1 10 12 1 9 7 12 1 1 8 1 8 1 10 100 12 1 1 1 18 12 1 1 18 12 1 18 18 100 1 3 18 10 12 1 18 18 18 12 1 10 12 1 1 10 7 12 1 1 10 12 1 18 10 12 1 1 18 12 1 1 1 1 1 1 1 1 1 1 1 1 1 1 1 1 1 1 1 1 1 1 1 1 1 1 1 1 1 1 1 1 1 1 1 1 1 1 1 1 1 1 15 10 100 12 1 1 8 1 8 1 8 1 8 1 8 1 8 1 8 1 8 1 8 1 8 1 1 1 1 100 1 100 1 1
instanceKlass com/sun/prism/d3d/D3DRTTexture
ciInstanceKlass com/sun/prism/d3d/D3DTexture 1 1 252 10 7 12 1 1 1 7 1 7 1 10 12 1 10 12 1 10 7 12 1 1 10 12 1 10 12 1 9 12 1 1 10 12 1 1 10 12 1 10 12 1 10 7 12 1 1 1 10 12 1 1 11 100 12 1 1 1 9 7 12 1 1 1 100 1 10 100 12 1 1 1 18 12 1 1 10 12 1 11 12 1 1 11 12 1 1 10 10 7 12 1 1 10 12 1 1 9 7 12 1 1 1 10 12 1 10 7 12 1 1 1 11 12 1 1 11 12 1 11 12 1 1 10 12 1 1 10 12 1 10 12 1 1 10 12 1 1 11 12 1 10 12 1 1 10 12 1 10 12 1 10 12 1 10 12 1 10 12 1 10 12 1 10 12 1 9 7 12 1 1 1 10 12 1 1 10 7 1 100 1 10 12 1 1 10 12 1 1 9 12 1 100 1 10 10 12 1 10 12 1 1 10 12 1 1 10 10 12 1 100 1 1 1 1 1 1 1 1 1 1 100 1 100 100 1 100 1 1 1 1 1 1 1 15 10 100 12 1 1 8 1 1 100 1 1 1 100 1 100 1 1
ciInstanceKlass com/sun/prism/d3d/D3DRTTexture 1 1 200 9 7 12 1 1 1 10 7 12 1 1 1 9 7 12 1 1 1 10 12 1 9 12 1 1 7 1 10 12 1 1 7 1 10 12 1 10 12 1 1 10 7 12 1 1 1 10 12 1 1 10 12 1 10 12 1 10 12 1 100 1 8 1 10 12 1 10 12 1 1 10 100 12 1 1 1 10 12 1 1 10 12 1 100 1 10 12 1 10 12 1 1 10 12 1 10 12 1 10 100 12 1 1 1 100 1 10 10 12 1 10 10 12 1 1 10 100 12 1 1 1 18 12 1 1 10 12 1 1 10 12 1 1 100 1 8 1 10 10 12 1 10 12 1 100 1 100 1 100 1 1 1 1 1 1 1 1 1 1 1 1 1 100 1 100 1 1 1 1 1 1 1 1 1 1 1 1 1 1 1 15 10 100 12 1 1 8 1 1 100 1 100 1 1 100 1 100 1 1
instanceKlass com/sun/prism/d3d/D3DTextureResource
ciInstanceKlass com/sun/prism/impl/DisposerManagedResource 1 1 36 10 7 12 1 1 1 7 1 10 12 1 9 7 12 1 1 1 10 7 12 1 1 1 1 1 1 1 1 1 1 1 1 100 1 1
ciInstanceKlass com/sun/prism/d3d/D3DTextureResource 1 1 46 9 7 12 1 1 1 10 7 12 1 1 1 9 7 12 1 1 1 7 1 10 12 1 1 10 12 1 1 1 1 1 1 1 1 1 1 1 1 1 1 100 1 100 1 1
instanceKlass com/sun/prism/d3d/D3DTextureData
ciInstanceKlass com/sun/prism/d3d/D3DResource$D3DRecord 1 1 70 10 7 12 1 1 1 9 7 12 1 1 1 9 12 1 1 10 7 12 1 1 1 10 7 12 1 1 1 10 12 1 1 9 12 1 1 10 12 1 10 12 1 1 10 12 1 1 100 1 1 1 1 1 1 1 1 1 1 1 1 1 1 100 1 1 1 100 1 1
ciInstanceKlass com/sun/prism/d3d/D3DTextureData 1 1 78 10 7 12 1 1 1 5 0 10 7 12 1 1 1 10 7 12 1 1 1 10 12 1 1 9 12 1 1 9 12 1 1 9 12 1 1 10 7 12 1 1 1 10 12 1 10 12 1 1 10 12 1 1 10 12 1 10 12 1 1 10 12 1 1 1 1 1 100 1 1 1 1 1 1 100 1 1
ciInstanceKlass com/sun/prism/CompositeMode 1 1 58 7 1 9 12 1 1 9 12 1 9 12 1 9 12 1 9 12 1 9 12 1 1 10 7 12 1 1 10 7 12 1 1 1 10 12 1 1 8 10 8 8 8 8 10 12 1 1 1 1 1 1 1 1 1 1 1 1
staticfield com/sun/prism/CompositeMode CLEAR Lcom/sun/prism/CompositeMode; com/sun/prism/CompositeMode
staticfield com/sun/prism/CompositeMode SRC Lcom/sun/prism/CompositeMode; com/sun/prism/CompositeMode
staticfield com/sun/prism/CompositeMode SRC_OVER Lcom/sun/prism/CompositeMode; com/sun/prism/CompositeMode
staticfield com/sun/prism/CompositeMode DST_OUT Lcom/sun/prism/CompositeMode; com/sun/prism/CompositeMode
staticfield com/sun/prism/CompositeMode ADD Lcom/sun/prism/CompositeMode; com/sun/prism/CompositeMode
staticfield com/sun/prism/CompositeMode $VALUES [Lcom/sun/prism/CompositeMode; 5 [Lcom/sun/prism/CompositeMode;
instanceKlass com/sun/prism/d3d/D3DResource
ciInstanceKlass com/sun/prism/impl/BaseGraphicsResource 1 1 36 10 7 12 1 1 1 9 7 12 1 1 1 9 12 1 1 10 7 12 1 1 1 100 1 1 1 1 1 1 1 1 1 100 1 1
instanceKlass com/sun/prism/d3d/D3DShader
instanceKlass com/sun/prism/d3d/D3DSwapChain
ciInstanceKlass com/sun/prism/d3d/D3DResource 1 1 32 10 7 12 1 1 1 9 7 12 1 1 1 10 7 12 1 1 1 1 1 1 1 1 1 1 100 1 100 1 1 1
ciInstanceKlass com/sun/prism/d3d/D3DGraphics 1 1 115 10 7 12 1 1 1 9 7 12 1 1 1 10 12 1 1 6 0 10 7 12 1 1 1 7 1 11 12 1 1 9 7 12 1 1 1 10 7 12 1 1 1 9 100 12 1 1 1 8 1 10 100 12 1 1 1 10 12 1 10 12 1 1 10 12 1 1 10 7 12 1 1 11 7 12 1 1 1 10 12 1 10 12 1 1 10 12 1 10 12 1 1 10 12 1 1 10 12 1 1 100 1 1 1 1 1 1 1 1 1 1 1 1 1
ciInstanceKlass com/sun/prism/d3d/D3DSwapChain 1 1 188 7 1 10 12 1 1 10 7 12 1 1 9 7 12 1 1 1 9 12 1 1 9 12 1 10 7 12 1 1 1 10 10 12 1 1 10 7 12 1 1 10 7 12 1 1 1 10 12 1 1 10 12 1 10 10 10 12 1 1 10 12 1 1 9 7 12 1 1 1 10 12 1 1 10 12 1 1 10 12 1 10 12 1 10 12 1 1 9 12 1 1 10 12 1 10 12 1 1 10 12 1 1 10 7 12 1 1 1 10 12 1 10 12 1 10 12 1 10 10 7 12 1 1 10 12 1 10 12 1 1 10 12 1 10 12 1 10 12 1 11 7 12 1 1 1 10 12 1 1 10 12 1 10 12 1 1 10 100 1 100 1 100 1 1 1 1 1 1 1 100 1 1 1 1 1 1 1 1 1 1 1 1 1 1 1 1 1
ciInstanceKlass com/sun/javafx/geom/transform/Affine3D$1 1 1 52 10 7 12 1 1 1 9 7 12 1 1 1 9 12 1 1 10 12 1 1 100 1 9 12 1 9 12 1 9 12 1 9 12 1 100 1 1 1 1 1 1 1 1 1 100 1 1 1 100 1 1
staticfield com/sun/javafx/geom/transform/Affine3D$1 $SwitchMap$com$sun$javafx$geom$transform$BaseTransform$Degree [I 5
ciInstanceKlass com/sun/prism/d3d/D3DResourceFactory$$Lambda$238+0x000002a7811825e8 1 1 26 1 7 1 7 1 100 1 1 1 1 1 12 10 12 9 1 1 1 7 1 1 12 10 1 1
ciInstanceKlass com/sun/prism/d3d/D3DShader 1 1 193 7 1 10 12 1 1 10 7 12 1 1 9 7 12 1 1 1 9 12 1 1 9 12 1 1 10 12 1 1 10 7 12 1 1 1 10 12 1 10 12 1 1 10 12 1 1 10 12 1 9 12 1 1 10 7 12 1 1 1 10 100 12 1 1 1 10 12 1 1 10 12 1 10 12 1 10 12 1 100 1 8 1 10 12 1 9 12 1 1 10 12 1 1 10 7 12 1 1 10 12 1 1 10 12 1 1 10 12 1 1 10 12 1 1 10 12 1 1 11 7 12 1 1 1 7 1 10 12 1 1 100 1 18 12 1 1 10 10 12 1 1 11 12 1 10 12 1 1 10 12 1 100 1 1 1 1 1 1 1 1 1 1 1 1 1 1 1 1 1 1 100 1 1 1 1 1 1 15 10 100 12 1 1 8 1 1 1 100 1 100 1 1
ciInstanceKlass com/sun/prism/d3d/D3DContext$1 1 1 83 10 7 12 1 1 1 9 7 12 1 1 1 9 12 1 1 10 12 1 1 100 1 9 12 1 9 12 1 9 12 1 9 12 1 10 7 12 1 1 9 12 1 9 12 1 1 10 9 12 1 9 12 1 9 12 1 9 12 1 9 12 1 9 12 1 100 1 1 1 1 1 1 1 1 1 100 1 1 1 100 1 1
staticfield com/sun/prism/d3d/D3DContext$1 $SwitchMap$com$sun$prism$Texture$WrapMode [I 7
staticfield com/sun/prism/d3d/D3DContext$1 $SwitchMap$com$sun$prism$CompositeMode [I 5
ciInstanceKlass com/sun/prism/impl/ps/BaseShaderContext$1 1 1 77 10 7 12 1 1 1 9 7 12 1 1 1 9 12 1 1 10 12 1 1 100 1 9 12 1 9 12 1 9 12 1 9 12 1 9 12 1 9 12 1 10 7 12 1 1 9 12 1 9 12 1 1 10 9 12 1 9 12 1 100 1 1 1 1 1 1 1 1 1 100 1 1 1 100 1 1
staticfield com/sun/prism/impl/ps/BaseShaderContext$1 $SwitchMap$com$sun$prism$paint$Paint$Type [I 4
staticfield com/sun/prism/impl/ps/BaseShaderContext$1 $SwitchMap$com$sun$prism$PixelFormat [I 8
ciInstanceKlass com/sun/prism/d3d/D3DTexture$1 1 1 49 10 7 12 1 1 1 9 7 12 1 1 1 9 12 1 1 10 12 1 1 100 1 9 12 1 9 12 1 9 12 1 100 1 1 1 1 1 1 1 1 1 100 1 1 1 100 1 1
staticfield com/sun/prism/d3d/D3DTexture$1 $SwitchMap$com$sun$prism$Texture$WrapMode [I 7
ciInstanceKlass com/sun/prism/image/Coords 1 1 56 10 7 12 1 1 1 9 7 12 1 1 1 9 12 1 9 12 1 9 12 1 9 7 12 1 1 9 9 12 1 9 9 12 1 9 9 12 1 9 11 7 12 1 1 1 1 1 1 1 1 1 1 1 1 1
ciInstanceKlass com/sun/prism/image/ViewPort 1 1 62 10 7 12 1 1 1 9 7 12 1 1 1 9 12 1 9 12 1 9 12 1 10 12 1 100 1 10 12 1 10 12 1 1 9 12 1 9 9 12 1 9 10 12 1 9 12 1 9 9 12 1 9 1 1 1 1 1 1 1 1 1
ciInstanceKlass com/sun/prism/image/CompoundCoords 1 1 118 10 7 12 1 1 1 9 7 12 1 1 1 10 7 12 1 1 1 9 7 12 1 1 1 10 12 1 1 9 12 1 10 12 1 10 12 1 9 12 1 9 12 1 9 12 1 9 12 1 1 9 12 1 9 12 1 9 12 1 9 12 1 1 10 12 1 1 10 12 1 9 12 9 12 1 9 12 1 10 9 12 9 12 1 9 12 1 11 7 12 1 1 1 10 12 1 1 10 12 1 1 11 7 12 1 1 1 1 1 1 100 1 1 100 1 1 1
ciInstanceKlass com/sun/prism/MultiTexture 0 0 264 10 100 12 1 1 1 9 100 12 1 1 1 9 12 1 1 9 12 1 9 12 1 1 9 12 1 1 100 1 10 12 1 9 12 1 1 10 12 1 10 12 1 1 10 12 1 1 11 100 12 1 1 1 10 12 1 1 9 12 1 10 12 1 10 12 1 9 100 12 1 1 1 10 100 12 1 1 9 12 1 9 12 1 10 12 1 11 10 12 1 11 12 1 1 10 12 1 1 100 1 8 1 10 12 1 10 12 1 1 10 12 1 1 11 12 1 1 10 12 1 1 10 12 1 1 100 1 10 12 1 10 12 100 1 8 1 10 8 1 11 100 12 1 1 1 9 100 12 1 1 11 12 1 11 12 1 11 12 1 11 12 1 1 9 12 1 11 12 1 1 11 12 1 1 8 1 10 12 1 1 11 100 12 1 1 1 11 12 1 1 11 12 1 11 12 1 11 12 1 10 100 12 1 1 1 11 11 12 1 11 12 1 11 12 1 11 12 1 11 12 1 10 12 1 10 12 1 10 12 1 8 1 1 1 1 1 1 1 1 1 1 1 1 1 1 1 1 1 1 1 1 1 1 1 1 1 1 1 1 1 1 1 1
ciInstanceKlass com/sun/scenario/effect/impl/prism/PrEffectHelper 1 1 316 10 100 12 1 1 1 10 100 12 1 1 1 11 7 12 1 1 1 10 100 12 1 1 10 12 1 1 10 12 1 100 1 10 12 1 10 12 1 1 9 12 1 1 11 12 1 10 12 1 1 10 12 1 10 100 12 1 1 1 10 12 1 10 12 1 10 12 1 10 12 1 1 100 1 10 10 12 1 11 12 1 1 10 12 1 100 1 100 1 10 100 1 10 9 7 12 1 1 1 4 9 12 1 9 12 1 9 12 1 11 12 1 1 11 7 12 1 1 1 11 12 1 10 12 1 1 10 12 1 1 11 12 1 1 11 12 1 1 10 100 12 1 1 1 10 12 1 1 11 12 1 11 12 1 100 1 10 12 1 9 100 12 1 1 1 10 100 12 1 1 1 10 100 12 1 1 1 10 12 1 1 10 12 1 1 100 1 10 12 1 1 10 12 1 11 12 1 11 12 1 1 10 12 1 10 100 12 1 1 10 12 1 10 12 1 1 10 12 1 1 10 12 1 1 10 12 1 100 1 10 12 1 1 9 12 1 9 12 9 100 12 1 1 9 12 10 12 1 6 0 10 12 1 1 10 12 1 10 12 1 11 12 1 10 12 1 100 1 10 12 1 10 12 1 10 12 1 10 11 12 1 10 12 1 10 12 1 10 100 12 1 1 1 11 12 1 11 12 1 1 1 1 1 1 1 100 1 100 1 1 1 100 1 1 1
instanceKlass com/sun/scenario/effect/impl/prism/PrRenderer
ciInstanceKlass com/sun/scenario/effect/impl/Renderer 1 1 368 10 7 12 1 1 1 7 1 10 12 1 10 7 12 1 1 1 9 7 12 1 1 1 7 1 10 9 12 1 1 10 12 1 1 7 1 11 12 1 1 10 12 1 1 11 100 12 1 1 10 12 1 10 100 12 1 1 1 10 100 12 1 1 1 100 1 8 1 10 12 1 100 1 10 10 12 1 1 100 1 10 12 1 6 0 9 12 1 1 9 12 1 9 12 1 9 12 1 10 12 1 1 10 12 1 1 10 12 1 10 11 7 12 1 1 1 100 1 18 12 1 1 10 12 1 1 100 1 10 100 12 1 1 1 18 12 1 10 10 12 1 1 11 12 1 1 11 12 1 1 10 7 12 1 1 1 100 1 8 1 10 9 12 1 10 12 1 1 9 7 12 1 1 1 9 12 1 9 12 1 10 12 1 9 12 1 11 7 12 1 1 1 11 7 12 1 1 11 12 1 1 10 12 1 11 12 1 10 12 1 1 8 1 9 12 1 1 10 12 1 1 10 100 12 1 1 8 1 10 12 1 1 10 12 1 1 10 100 12 1 1 9 100 12 1 1 1 10 12 1 1 18 12 1 10 100 12 1 1 10 12 1 10 12 1 1 8 1 10 7 12 1 1 1 10 12 1 18 12 1 1 10 7 12 1 1 1 10 12 1 1 1 1 8 1 1 1 1 1 1 1 1 1 1 1 1 1 1 1 1 1 1 1 1 1 1 1 1 1 1 1 1 1 1 1 1 1 1 1 1 1 15 10 100 12 1 1 8 1 8 1 8 1 15 10 7 12 1 1 1 16 15 10 12 16 1 1 100 1 100 1 1 100 1 100 1 1
staticfield com/sun/scenario/effect/impl/Renderer rendererMap Ljava/util/Map; java/util/HashMap
staticfield com/sun/scenario/effect/impl/Renderer verbose Z 0
ciInstanceKlass com/sun/scenario/effect/impl/RendererFactory 1 1 218 10 7 12 1 1 1 10 7 12 1 1 1 8 1 10 7 12 1 1 1 10 12 1 1 10 7 12 1 1 1 10 7 12 1 1 1 10 12 1 1 9 12 1 1 18 12 1 1 10 12 1 1 8 1 10 12 1 1 10 7 12 1 1 1 7 1 7 1 9 12 1 1 18 9 12 1 18 10 12 1 9 12 1 18 8 1 100 1 100 1 18 8 1 8 1 10 12 1 1 10 12 1 18 12 1 1 10 7 12 1 1 1 8 1 10 12 1 1 10 12 1 1 8 1 10 12 1 1 9 12 1 10 12 1 1 10 12 1 10 12 1 10 12 8 1 10 7 12 1 1 1 8 1 8 1 10 7 12 1 1 8 1 8 1 10 100 12 1 1 1 8 1 100 1 1 1 1 1 1 1 1 1 1 15 10 7 12 1 1 8 1 8 1 8 1 8 1 8 1 15 10 7 12 1 1 1 16 15 10 12 16 1 100 1 100 1 1
instanceKlass com/sun/scenario/effect/impl/prism/ps/PPSRenderer
ciInstanceKlass com/sun/scenario/effect/impl/prism/PrRenderer 1 1 107 10 7 12 1 1 1 10 7 12 1 1 1 7 1 7 1 10 12 1 1 10 7 12 1 1 1 9 7 12 1 1 1 10 12 1 1 10 7 12 1 1 1 8 1 8 1 10 7 12 1 1 1 8 10 12 1 1 7 1 10 7 12 1 1 1 7 1 9 12 1 1 11 7 12 1 1 1 8 1 8 1 8 1 8 1 11 12 1 1 1 1 1 1 1 1 1 1 100 1 1 1 1 1 1 1 1
staticfield com/sun/scenario/effect/impl/prism/PrRenderer INTRINSIC_PEER_NAMES Ljava/util/Set; java/util/ImmutableCollections$SetN
ciInstanceKlass com/sun/scenario/effect/impl/PoolFilterable 1 0 13 100 1 100 1 100 1 1 1 1 1 1 1
instanceKlass com/sun/scenario/effect/impl/prism/PrDrawable
ciInstanceKlass com/sun/scenario/effect/impl/prism/PrTexture 1 1 66 10 7 12 1 1 1 100 1 8 1 10 12 1 9 7 12 1 1 1 7 1 11 7 12 1 1 1 11 12 1 10 12 1 9 12 1 1 11 12 1 11 12 1 11 12 1 1 100 1 1 1 1 1 1 1 1 1 1 1 1 1 1 1 1 1
instanceKlass com/sun/scenario/effect/impl/prism/ps/PPSDrawable
ciInstanceKlass com/sun/scenario/effect/impl/prism/PrDrawable 1 1 85 10 100 12 1 1 1 100 1 10 12 1 1 10 7 12 1 1 1 7 1 10 12 1 9 7 12 1 1 1 10 12 1 1 7 1 10 12 1 1 100 1 11 12 1 1 11 12 1 11 12 1 1 11 12 1 10 12 1 1 11 7 12 1 1 1 100 1 1 1 1 1 1 1 1 1 1 1 1 1 1 1 1 1 1
ciInstanceKlass com/sun/scenario/effect/impl/prism/ps/PPSRenderer 1 1 535 10 7 12 1 1 1 7 1 10 12 1 9 7 12 1 1 1 9 12 1 1 9 12 1 1 9 7 12 1 1 1 9 12 1 10 12 1 1 9 7 12 1 1 1 10 12 1 1 9 12 1 1 10 7 12 1 1 1 10 12 1 1 11 7 12 1 1 1 10 12 1 11 12 1 1 9 7 12 1 1 1 11 12 1 1 9 12 1 1 9 12 1 10 12 1 10 7 12 1 1 1 11 7 12 1 1 1 10 12 1 1 11 100 12 1 1 1 11 100 12 1 1 11 12 1 1 100 1 10 9 12 1 11 12 1 9 12 1 10 12 1 1 10 12 1 10 12 1 10 12 1 1 10 12 1 11 12 1 1 100 1 10 12 1 10 100 12 1 1 1 10 12 1 10 12 1 10 100 12 1 1 1 10 12 1 1 11 100 12 1 1 1 9 100 12 1 1 9 100 12 1 1 1 18 12 1 1 10 100 12 1 1 1 11 12 1 1 11 100 12 1 1 1 11 100 12 1 1 100 1 11 12 1 1 18 10 7 12 1 1 1 7 1 100 1 100 1 10 12 1 1 7 1 10 7 12 1 1 1 100 1 18 12 1 18 9 12 1 10 12 1 1 18 12 1 10 12 1 1 10 12 1 1 8 1 10 12 1 1 100 1 10 12 1 1 100 1 10 12 1 10 12 1 1 10 100 12 1 1 1 100 1 11 100 12 1 1 10 12 1 100 1 100 1 8 1 10 12 10 12 1 1 10 10 10 12 1 1 10 12 1 1 11 100 12 1 1 9 100 12 1 1 1 9 100 12 1 1 1 11 12 1 1 11 12 1 1 11 12 1 11 10 12 1 1 10 100 12 1 1 1 9 12 1 1 100 1 10 12 1 10 12 1 9 12 1 1 9 12 1 10 12 9 12 1 9 12 1 11 12 1 1 11 12 1 1 10 10 12 1 10 12 1 10 12 1 100 1 18 7 1 10 12 1 7 1 9 7 12 1 1 1 9 7 12 1 1 1 10 12 1 1 8 1 10 12 1 1 9 12 1 8 1 100 1 8 1 10 10 12 1 1 1 1 1 1 1 1 1 1 1 1 1 1 1 1 1 1 1 1 1 1 1 1 1 1 1 1 1 1 15 10 100 12 1 1 8 1 8 1 8 1 8 1 8 1 8 1 1 1 100 1 100 1 1 1 1 1 1 100 1 100 1 1
ciInstanceKlass com/sun/prism/ResourceFactoryListener 1 0 10 100 1 100 1 1 1 1 1 1
ciInstanceKlass com/sun/scenario/effect/impl/prism/ps/PPSDrawable 1 1 97 10 7 12 1 1 1 9 7 12 1 1 1 10 9 7 12 1 1 1 11 7 12 1 1 1 11 12 1 11 12 1 1 11 7 12 1 1 1 11 12 1 1 11 12 1 1 11 12 1 11 12 1 11 12 1 11 12 1 1 11 12 1 11 12 1 11 12 1 11 12 1 1 7 1 10 12 1 1 1 1 1 1 1 1 1 1 1 1 1 1 1 1 1 100 1 1
ciInstanceKlass com/sun/scenario/effect/Effect$AccelType 0 0 88 100 1 9 12 1 1 9 12 1 9 12 1 9 12 1 9 12 1 9 12 1 9 12 1 1 10 100 12 1 1 10 100 12 1 1 1 10 12 1 1 9 12 1 1 8 8 1 10 12 1 8 8 1 8 8 1 8 8 1 8 8 1 8 8 1 10 12 1 1 1 1 1 1 1 1 1 1 1 1 1 1 1 1 100 1 1 1
ciInstanceKlass com/sun/scenario/effect/impl/Renderer$RendererState 1 1 59 7 1 9 12 1 1 9 12 1 9 12 1 9 12 1 9 12 1 1 10 7 12 1 1 10 7 12 1 1 1 10 12 1 1 8 10 8 8 8 10 12 1 1 1 1 1 1 1 1 1 1 1 1 1 100 1 1 1
staticfield com/sun/scenario/effect/impl/Renderer$RendererState NOTREADY Lcom/sun/scenario/effect/impl/Renderer$RendererState; com/sun/scenario/effect/impl/Renderer$RendererState
staticfield com/sun/scenario/effect/impl/Renderer$RendererState OK Lcom/sun/scenario/effect/impl/Renderer$RendererState; com/sun/scenario/effect/impl/Renderer$RendererState
staticfield com/sun/scenario/effect/impl/Renderer$RendererState LOST Lcom/sun/scenario/effect/impl/Renderer$RendererState; com/sun/scenario/effect/impl/Renderer$RendererState
staticfield com/sun/scenario/effect/impl/Renderer$RendererState DISPOSED Lcom/sun/scenario/effect/impl/Renderer$RendererState; com/sun/scenario/effect/impl/Renderer$RendererState
staticfield com/sun/scenario/effect/impl/Renderer$RendererState $VALUES [Lcom/sun/scenario/effect/impl/Renderer$RendererState; 4 [Lcom/sun/scenario/effect/impl/Renderer$RendererState;
ciInstanceKlass com/sun/scenario/effect/impl/ImagePool 1 1 264 9 7 12 1 1 1 9 7 12 1 1 1 18 12 1 1 10 100 12 1 1 1 9 12 1 18 9 12 1 18 9 12 1 18 9 12 1 18 18 12 1 18 10 7 12 1 1 1 7 1 10 9 12 1 1 9 12 1 8 1 10 7 12 1 1 1 9 12 1 1 9 12 1 9 12 1 10 7 12 1 1 1 10 12 1 100 1 3 11 7 12 1 1 1 11 7 12 1 1 1 11 12 1 1 7 1 10 12 1 7 1 11 12 1 11 12 1 1 11 12 1 11 12 1 11 12 1 11 12 1 11 12 1 11 12 1 10 12 1 1 7 1 10 12 1 1 100 1 10 12 1 11 12 1 1 10 12 1 11 12 1 11 12 1 1 11 12 1 11 12 1 10 12 1 8 1 10 12 1 1 10 100 12 1 1 1 100 1 10 10 12 1 1 18 12 1 1 10 7 12 1 1 1 1 1 1 3 1 1 1 1 1 1 1 1 1 1 1 1 1 1 1 1 1 1 1 15 10 100 12 1 1 8 1 8 1 8 1 8 1 8 1 8 1 8 1 15 10 7 12 1 1 1 16 15 10 12 1 100 1 100 1 1
ciInstanceKlass com/sun/scenario/effect/impl/prism/ps/PPSRenderer$2 1 1 49 10 7 12 1 1 1 9 7 12 1 1 1 9 12 1 1 10 12 1 1 100 1 9 12 1 9 12 1 9 12 1 100 1 1 1 1 1 1 1 1 1 100 1 1 1 100 1 1
staticfield com/sun/scenario/effect/impl/prism/ps/PPSRenderer$2 $SwitchMap$com$sun$scenario$effect$impl$Renderer$RendererState [I 4
ciInstanceKlass com/sun/prism/PrinterGraphics 0 0 7 100 1 100 1 1 1
ciMethodData java/lang/Object <init> ()V 2 242490 orig 80 0 0 0 0 0 0 0 0 0 0 0 0 167 2 0 0 0 0 0 0 0 0 0 0 0 0 0 0 0 0 0 0 0 0 0 0 0 0 0 0 0 0 0 0 0 0 0 0 0 0 0 0 0 0 0 0 0 0 0 0 0 0 0 0 0 0 0 0 0 0 0 0 0 0 0 0 0 0 0 0 data 4 0x0 0x9 0x1 0x0 oops 0 methods 0
ciMethodData java/util/HashMap hash (Ljava/lang/Object;)I 2 29369 orig 80 0 0 0 0 0 0 0 0 0 0 0 0 251 127 0 0 0 0 0 0 0 0 0 0 0 0 0 0 0 0 0 0 0 0 0 0 0 0 0 3 0 0 0 0 0 0 0 0 0 0 0 0 0 0 0 0 0 0 0 0 0 0 0 0 0 0 0 0 0 0 0 0 0 0 0 0 0 0 0 0 data 23 0x8000000600010007 0x7192 0x38 0x2a 0x50003 0x2a 0x50 0x90005 0x13c0 0x0 0x2a7fd607e00 0x43 0x2a7fd607d70 0x5d8f 0x0 0x0 0x0 0x0 0x0 0x0 0x9 0x1 0x0 oops 2 10 java/lang/Class 12 java/lang/String methods 0
ciMethodData java/lang/ref/ReferenceQueue poll ()Ljava/lang/ref/Reference; 2 12098 orig 80 0 0 0 0 0 0 0 0 0 0 0 0 251 127 0 0 0 0 0 0 0 0 0 0 0 0 0 0 0 0 0 0 0 0 0 0 0 0 0 0 0 0 0 0 0 0 0 0 0 0 0 0 0 0 0 0 0 0 0 0 0 0 0 0 0 0 0 0 0 0 0 0 0 0 0 0 0 0 0 0 data 20 0x40007 0xd9 0x20 0x2d68 0x110005 0xd9 0x0 0x0 0x0 0x0 0x0 0x0 0x0 0x0 0x0 0x0 0x0 0x9 0x1 0x0 oops 0 methods 0
ciMethodData java/lang/ref/ReferenceQueue reallyPoll ()Ljava/lang/ref/Reference; 1 563 orig 80 0 0 0 0 0 0 0 0 0 0 0 0 167 2 0 0 0 0 0 0 0 0 0 0 0 0 0 0 0 0 0 0 0 0 0 0 0 0 0 0 0 0 0 0 0 0 0 0 0 0 0 0 0 0 0 0 0 0 0 0 0 0 0 0 0 0 0 0 0 0 0 0 0 0 0 0 0 0 0 0 data 33 0x60007 0x5 0xc0 0x22c 0x180007 0x226 0x38 0x6 0x1c0003 0x6 0x18 0x330004 0xfffffffffffffdd4 0x0 0x2a7cae77510 0x153 0x2a7cae775c0 0x8b 0x360007 0x22c 0x30 0x0 0x3a0002 0x0 0x0 0x0 0x0 0x0 0x0 0x0 0x9 0x1 0x0 oops 2 14 jdk/internal/ref/CleanerImpl$PhantomCleanableRef 16 java/lang/invoke/MethodType$ConcurrentWeakInternSet$WeakEntry methods 0
ciMethodData java/util/HashMap getNode (Ljava/lang/Object;)Ljava/util/HashMap$Node; 2 12613 orig 80 1 0 0 0 0 0 0 0 0 0 0 0 251 127 0 0 0 0 0 0 0 0 0 0 0 0 0 0 0 0 0 0 0 0 0 0 0 0 0 0 0 0 0 0 0 0 0 0 0 0 0 0 0 0 0 0 0 0 0 0 0 0 0 0 0 0 0 0 0 0 0 0 0 0 0 0 0 0 0 0 data 103 0x60007 0x35c 0x2e8 0x2ce5 0xe0007 0x0 0x2c8 0x2ce5 0x170002 0x2ce5 0x210007 0x8bc 0x298 0x242b 0x2a0007 0xa9b 0xb8 0x1990 0x350007 0x15bc 0x98 0x3d4 0x390007 0x0 0x78 0x3d4 0x3f0005 0x69 0x0 0x2a7fd607d70 0x36a 0x2a7fdb02c90 0x1 0x420007 0x0 0x20 0x3d4 0x4e0007 0x499 0x1c0 0x602 0x520004 0xfffffffffffff9fe 0x0 0x0 0x0 0x0 0x0 0x550007 0x602 0x90 0x0 0x590004 0x0 0x0 0x0 0x0 0x0 0x0 0x5f0005 0x0 0x0 0x0 0x0 0x0 0x0 0x6a0007 0x294 0xb8 0x438 0x760007 0x3a2 0x98 0x96 0x7a0007 0x0 0x78 0x96 0x800005 0x8 0x0 0x2a7fd607d70 0x8d 0x2a7fdb02d40 0x1 0x830007 0x0 0x20 0x96 0x910007 0xca 0xffffffffffffff48 0x1ca 0x0 0x0 0x0 0x0 0x0 0x0 0x9 0x2 0x0 0x0 oops 4 29 java/lang/String 31 java/util/jar/Attributes$Name 81 java/lang/String 83 java/util/zip/ZipFile$Source$Key methods 0
ciMethodData java/lang/Object equals (Ljava/lang/Object;)Z 2 6786 orig 80 0 0 0 0 0 0 0 0 0 0 0 0 251 127 0 0 0 0 0 0 0 0 0 0 0 0 0 0 0 0 0 0 0 0 0 0 0 0 0 0 0 0 0 0 0 0 0 0 0 0 0 0 0 0 0 0 0 0 0 0 0 0 0 0 0 0 0 0 0 0 0 0 0 0 0 0 0 0 0 0 data 17 0x20007 0xf71 0x38 0x991 0x60003 0x991 0x18 0x0 0x0 0x0 0x0 0x0 0x0 0x9 0x2 0x0 0x0 oops 0 methods 0
ciMethodData java/util/HashMap get (Ljava/lang/Object;)Ljava/lang/Object; 2 20370 orig 80 1 0 0 0 0 0 0 0 0 0 0 0 251 127 0 0 0 0 0 0 0 0 0 0 0 0 0 0 0 0 0 0 0 0 0 0 0 0 0 0 0 0 0 0 0 0 0 0 0 0 0 0 0 0 0 0 0 0 0 0 0 0 0 0 0 0 0 0 0 0 0 0 0 0 0 0 0 0 0 0 data 24 0x20005 0x4dff 0x0 0x0 0x0 0x0 0x0 0x70007 0x3aac 0x38 0x1354 0xb0003 0x1354 0x18 0x0 0x0 0x0 0x0 0x0 0x0 0x9 0x2 0x0 0x0 oops 0 methods 0
ciMethod java/lang/UnsupportedOperationException <init> (Ljava/lang/String;)V 0 0 1 0 -1
ciMethodData java/util/WeakHashMap expungeStaleEntries ()V 2 6441 orig 80 0 0 0 0 0 0 0 0 0 0 0 0 251 127 0 0 0 0 0 0 0 0 0 0 0 0 0 0 0 0 0 0 0 0 0 0 0 0 0 0 0 0 0 0 0 0 0 0 0 0 0 0 0 0 0 0 0 0 0 0 0 0 0 0 0 0 0 0 0 0 0 0 0 0 0 0 0 0 0 0 data 64 0x40005 0x0 0x0 0x2a7fdb16360 0x1829 0x0 0x0 0x90007 0x1829 0x178 0x0 0x140004 0x0 0x0 0x0 0x0 0x0 0x0 0x210002 0x0 0x350007 0x0 0xe0 0x0 0x420007 0x0 0xa8 0x0 0x480007 0x0 0x70 0x0 0x530004 0x0 0x0 0x0 0x0 0x0 0x0 0x540003 0x0 0x18 0x6d0003 0x0 0x30 0x780003 0x0 0xffffffffffffff38 0x7d0003 0x0 0x18 0x870003 0x0 0xfffffffffffffe68 0x0 0x0 0x0 0x0 0x0 0x0 0x0 0x9 0x1 0x0 oops 1 3 java/lang/ref/ReferenceQueue methods 0
ciMethodData java/util/WeakHashMap indexFor (II)I 2 10579 orig 80 0 0 0 0 0 0 0 0 0 0 0 0 167 2 0 0 0 0 0 0 0 0 0 0 0 0 0 0 0 0 0 0 0 0 0 0 0 0 0 0 0 0 0 0 0 0 0 0 0 0 0 0 0 0 0 0 0 0 0 0 0 0 0 0 0 0 0 0 0 0 0 0 0 0 0 0 0 0 0 0 data 5 0x0 0x9 0x2 0x0 0x0 oops 0 methods 0
ciMethodData java/util/WeakHashMap maskNull (Ljava/lang/Object;)Ljava/lang/Object; 2 11018 orig 80 0 0 0 0 0 0 0 0 0 0 0 0 251 127 0 0 0 0 0 0 0 0 0 0 0 0 0 0 0 0 0 0 0 0 0 0 0 0 0 0 0 0 0 0 0 0 0 0 0 0 0 0 0 0 0 0 0 0 0 0 0 0 0 0 0 0 0 0 0 0 0 0 0 0 0 0 0 0 0 0 data 16 0x10007 0x2a0a 0x38 0x0 0x70003 0x0 0x18 0x0 0x0 0x0 0x0 0x0 0x0 0x9 0x1 0x0 oops 0 methods 0
ciMethodData java/util/WeakHashMap hash (Ljava/lang/Object;)I 2 5379 orig 80 0 0 0 0 0 0 0 0 0 0 0 0 251 127 0 0 0 0 0 0 0 0 0 0 0 0 0 0 0 0 0 0 0 0 0 0 0 0 0 0 0 0 0 0 0 0 0 0 0 0 0 0 0 0 0 0 0 0 0 0 0 0 0 0 0 0 0 0 0 0 0 0 0 0 0 0 0 0 0 0 data 17 0x10005 0x416 0x0 0x2a7ca4d3c10 0xa95 0x2a7ca4d3cc0 0x556 0x0 0x0 0x0 0x0 0x0 0x0 0x9 0x2 0x0 0x0 oops 2 3 java/util/zip/ZipFile$ZipFileInflaterInputStream 5 java/util/zip/ZipFile$ZipFileInputStream methods 0
ciMethodData java/util/WeakHashMap getTable ()[Ljava/util/WeakHashMap$Entry; 2 11019 orig 80 0 0 0 0 0 0 0 0 0 0 0 0 251 127 0 0 0 0 0 0 0 0 0 0 0 0 0 0 0 0 0 0 0 0 0 0 0 0 0 0 0 0 0 0 0 0 0 0 0 0 0 0 0 0 0 0 0 0 0 0 0 0 0 0 0 0 0 0 0 0 0 0 0 0 0 0 0 0 0 0 data 16 0x10005 0x2a09 0x0 0x0 0x0 0x0 0x0 0x0 0x0 0x0 0x0 0x0 0x0 0x9 0x1 0x0 oops 0 methods 0
ciMethodData java/util/ArrayList add (Ljava/lang/Object;)Z 2 9237 orig 80 0 0 0 0 0 0 0 0 0 0 0 0 251 127 0 0 0 0 0 0 0 0 0 0 0 0 0 0 0 0 0 0 0 0 0 0 0 0 0 0 0 0 0 0 0 0 0 0 0 0 0 0 0 0 0 0 0 0 0 0 0 0 0 0 0 0 0 0 0 0 0 0 0 0 0 0 0 0 0 0 data 17 0x140005 0x2293 0x0 0x0 0x0 0x0 0x0 0x0 0x0 0x0 0x0 0x0 0x0 0x9 0x2 0xe 0x0 oops 0 methods 0
ciMethodData java/util/ArrayList add (Ljava/lang/Object;[Ljava/lang/Object;I)V 2 9237 orig 80 0 0 0 0 0 0 0 0 0 0 0 0 167 2 0 0 0 0 0 0 0 0 0 0 0 0 0 0 0 0 0 0 0 0 0 0 0 0 0 0 0 0 0 0 0 0 0 0 0 0 0 0 0 0 0 0 0 0 0 0 0 0 0 0 0 0 0 0 0 0 0 0 0 0 0 0 0 0 0 0 data 30 0x30007 0x14c8 0x58 0xdc5 0x70005 0xdc5 0x0 0x0 0x0 0x0 0x0 0xe0104 0x0 0x0 0x2a7c9199fc0 0x10 0x2a7fd607e00 0x5f3 0x0 0x0 0x0 0x0 0x0 0x0 0x9 0x4 0xc 0x0 0xffffffffffffffff 0x0 oops 2 14 java/lang/invoke/LambdaForm$Name 16 java/lang/Class methods 0
ciMethodData java/util/ArrayList grow ()[Ljava/lang/Object; 2 3740 orig 80 0 0 0 0 0 0 0 0 0 0 0 0 167 2 0 0 0 0 0 0 0 0 0 0 0 0 0 0 0 0 0 0 0 0 0 0 0 0 0 0 0 0 0 0 0 0 0 0 0 0 0 0 0 0 0 0 0 0 0 0 0 0 0 0 0 0 0 0 0 0 0 0 0 0 0 0 0 0 0 0 data 16 0x70005 0xe6c 0x0 0x0 0x0 0x0 0x0 0x0 0x0 0x0 0x0 0x0 0x0 0x9 0x1 0xc oops 0 methods 0
ciMethodData java/util/ArrayList grow (I)[Ljava/lang/Object; 2 3811 orig 80 0 0 0 0 0 0 0 0 0 0 0 0 167 2 0 0 0 0 0 0 0 0 0 0 0 0 0 0 0 0 0 0 0 0 0 0 0 0 0 0 0 0 0 0 0 0 0 0 0 0 0 0 0 0 0 0 0 0 0 0 0 0 0 0 0 0 0 0 0 0 0 0 0 0 0 0 0 0 0 0 data 24 0x70007 0x46 0x40 0xe6a 0x110007 0xe6a 0x40 0x0 0x1b0002 0x46 0x250002 0x46 0x310002 0xe6a 0x0 0x0 0x0 0x0 0x0 0x0 0x9 0x2 0xc 0x0 oops 0 methods 0
ciMethodData java/lang/ref/Reference refersTo (Ljava/lang/Object;)Z 2 11589 orig 80 0 0 0 0 0 0 0 0 0 0 0 0 251 127 0 0 0 0 0 0 0 0 0 0 0 0 0 0 0 0 0 0 0 0 0 0 0 0 0 0 0 0 0 0 0 0 0 0 0 0 0 0 0 0 0 0 0 0 0 0 0 0 0 0 0 0 0 0 0 0 0 0 0 0 0 0 0 0 0 0 data 17 0x20005 0xc 0x0 0x2a7ca4cfb60 0x181e 0x2a7fdab8ac0 0x141b 0x0 0x0 0x0 0x0 0x0 0x0 0x9 0x2 0x0 0x0 oops 2 3 java/util/WeakHashMap$Entry 5 java/lang/ThreadLocal$ThreadLocalMap$Entry methods 0
ciMethodData java/lang/ref/Reference refersToImpl (Ljava/lang/Object;)Z 2 9475 orig 80 0 0 0 0 0 0 0 0 0 0 0 0 251 127 0 0 0 0 0 0 0 0 0 0 0 0 0 0 0 0 0 0 0 0 0 0 0 0 0 0 0 0 0 0 0 0 0 0 0 0 0 0 0 0 0 0 0 0 0 0 0 0 0 0 0 0 0 0 0 0 0 0 0 0 0 0 0 0 0 0 data 17 0x20005 0x2403 0x0 0x0 0x0 0x0 0x0 0x0 0x0 0x0 0x0 0x0 0x0 0x9 0x2 0x0 0x0 oops 0 methods 0
ciMethodData java/lang/ref/SoftReference get ()Ljava/lang/Object; 2 5389 orig 80 0 0 0 0 0 0 0 0 0 0 0 0 251 127 0 0 0 0 0 0 0 0 0 0 0 0 0 0 0 0 0 0 0 0 0 0 0 0 0 0 0 0 0 0 0 0 0 0 0 0 0 0 0 0 0 0 0 0 0 0 0 0 0 0 0 0 0 0 0 0 0 0 0 0 0 0 0 0 0 0 data 19 0x10002 0x1427 0x60007 0x0 0x40 0x1427 0x110007 0x13be 0x20 0x69 0x0 0x0 0x0 0x0 0x0 0x0 0x9 0x1 0x0 oops 0 methods 0
ciMethodData java/util/ArrayList$Itr hasNext ()Z 2 5490 orig 80 0 0 0 0 0 0 0 0 0 0 0 0 251 127 0 0 0 0 0 0 0 0 0 0 0 0 0 0 0 0 0 0 0 0 0 0 0 0 0 0 0 0 0 0 0 0 0 0 0 0 0 0 0 0 0 0 0 0 0 0 0 0 0 0 0 0 0 0 0 0 0 0 0 0 0 0 0 0 0 0 data 14 0xb0007 0x505 0x38 0xf63 0xf0003 0xf63 0x18 0x0 0x0 0x0 0x0 0x9 0x1 0x0 oops 0 methods 0
ciMethodData java/util/WeakHashMap matchesKey (Ljava/util/WeakHashMap$Entry;Ljava/lang/Object;)Z 2 6284 orig 80 0 0 0 0 0 0 0 0 0 0 0 0 167 2 0 0 0 0 0 0 0 0 0 0 0 0 0 0 0 0 0 0 0 0 0 0 0 0 0 0 0 0 0 0 0 0 0 0 0 0 0 0 0 0 0 0 0 0 0 0 0 0 0 0 0 0 0 0 0 0 0 0 0 0 0 0 0 0 0 0 data 47 0x20005 0x17cc 0x0 0x0 0x0 0x0 0x0 0x50007 0x0 0x20 0x17cc 0xb0005 0x0 0x0 0x0 0x0 0x0 0x0 0x100007 0x0 0x90 0x0 0x150005 0x0 0x0 0x0 0x0 0x0 0x0 0x180007 0x0 0x38 0x0 0x1c0003 0x0 0x18 0x0 0x0 0x0 0x0 0x0 0x0 0x9 0x3 0x0 0x0 0x0 oops 0 methods 0
ciMethodData java/util/ArrayList$Itr next ()Ljava/lang/Object; 2 5404 orig 80 0 0 0 0 0 0 0 0 0 0 0 0 251 127 0 0 0 0 0 0 0 0 0 0 0 0 0 0 0 0 0 0 0 0 0 0 0 0 0 0 0 0 0 0 0 0 0 0 0 0 0 0 0 0 0 0 0 0 0 0 0 0 0 0 0 0 0 0 0 0 0 0 0 0 0 0 0 0 0 0 data 28 0x10005 0x1417 0x0 0x0 0x0 0x0 0x0 0x110007 0x1417 0x30 0x0 0x180002 0x0 0x270007 0x1417 0x30 0x0 0x2e0002 0x0 0x0 0x0 0x0 0x0 0x0 0x0 0x9 0x1 0x0 oops 0 methods 0
ciMethodData java/util/ArrayList$Itr checkForComodification ()V 2 5405 orig 80 0 0 0 0 0 0 0 0 0 0 0 0 0 0 0 0 0 0 0 0 0 0 0 0 0 0 0 0 0 0 0 0 0 0 0 0 0 0 0 0 0 0 0 0 0 0 0 0 0 0 0 0 0 0 0 0 0 0 0 0 0 0 0 0 0 0 0 0 0 0 0 0 0 0 0 0 0 0 0 0 data 13 0xb0007 0x1418 0x30 0x0 0x120002 0x0 0x0 0x0 0x0 0x0 0x9 0x1 0x0 oops 0 methods 0
ciMethodData jdk/internal/misc/VM addFinalRefCount (I)V 1 0 orig 80 0 0 0 0 0 0 0 0 0 0 0 0 167 2 0 0 0 0 0 0 0 0 0 0 0 0 0 0 0 0 0 0 0 0 0 0 0 0 0 0 0 0 0 0 0 0 0 0 0 0 0 0 0 0 0 0 0 0 0 0 0 0 0 0 0 0 0 0 0 0 0 0 0 0 0 0 0 0 0 0 data 11 0xe0007 0x0 0x20 0x0 0x0 0x0 0x0 0x0 0x9 0x1 0x0 oops 0 methods 0
ciMethodData java/util/AbstractCollection isEmpty ()Z 2 5827 orig 80 0 0 0 0 0 0 0 0 0 0 0 0 251 127 0 0 0 0 0 0 0 0 0 0 0 0 0 0 0 0 0 0 0 0 0 0 0 0 0 0 0 0 0 0 0 0 0 0 0 0 0 0 0 0 0 0 0 0 0 0 0 0 0 0 0 0 0 0 0 0 0 0 0 0 0 0 0 0 0 0 data 23 0x10005 0x1377 0x0 0x2a7caa06eb0 0x5a 0x2a7caa06f60 0x38 0x40007 0x9d6 0x38 0xb28 0x80003 0xb28 0x18 0x0 0x0 0x0 0x0 0x0 0x0 0x9 0x1 0x0 oops 2 3 javafx/css/Rule$Observables$1 5 java/util/Arrays$ArrayList methods 0
ciMethodData java/util/ArrayList remove (Ljava/lang/Object;)Z 2 5133 orig 80 1 0 0 0 0 0 0 0 0 0 0 0 251 127 0 0 0 0 0 0 0 0 0 0 0 0 0 0 0 0 0 0 0 0 0 0 0 0 0 1 0 0 0 0 0 0 0 0 0 0 0 0 0 0 0 0 0 0 0 0 0 0 0 0 0 0 0 0 0 0 0 0 0 0 0 0 0 0 0 0 data 56 0xe0007 0x1409 0x90 0x0 0x140007 0x0 0x118 0x0 0x1b0007 0x0 0x38 0x0 0x1e0003 0x0 0xd8 0x240003 0x0 0xffffffffffffffa8 0x80000006002a0007 0x5 0xa8 0x270c 0x320005 0x0 0x0 0x2a7fd608de0 0x270c 0x0 0x0 0x350007 0x1307 0x38 0x1405 0x380003 0x1405 0x30 0x3e0003 0x1307 0xffffffffffffff70 0x470005 0x1405 0x0 0x0 0x0 0x0 0x0 0x0 0x0 0x0 0x0 0x0 0x0 0x9 0x2 0x0 0x0 oops 1 25 java/lang/ref/SoftReference methods 0
ciMethodData java/lang/Throwable printStackTrace ()V 1 0 orig 80 0 0 0 0 0 0 0 0 0 0 0 0 251 127 0 0 0 0 0 0 0 0 0 0 0 0 0 0 0 0 0 0 0 0 0 0 0 0 0 0 0 0 0 0 0 0 0 0 0 0 0 0 0 0 0 0 0 0 0 0 0 0 0 0 0 0 0 0 0 0 0 0 0 0 0 0 0 0 0 0 data 16 0x40005 0x0 0x0 0x0 0x0 0x0 0x0 0x0 0x0 0x0 0x0 0x0 0x0 0x9 0x1 0xffffffffffffffff oops 0 methods 0
ciMethodData java/lang/Throwable printStackTrace (Ljava/io/PrintStream;)V 1 0 orig 80 0 0 0 0 0 0 0 0 0 0 0 0 251 127 0 0 0 0 0 0 0 0 0 0 0 0 0 0 0 0 0 0 0 0 0 0 0 0 0 0 0 0 0 0 0 0 0 0 0 0 0 0 0 0 0 0 0 0 0 0 0 0 0 0 0 0 0 0 0 0 0 0 0 0 0 0 0 0 0 0 data 19 0x60002 0x0 0x90005 0x0 0x0 0x0 0x0 0x0 0x0 0x0 0x0 0x0 0x0 0x0 0x0 0x9 0x2 0xffffffffffffffff 0xffffffffffffffff oops 0 methods 0
ciMethodData java/lang/Throwable printStackTrace (Ljava/lang/Throwable$PrintStreamOrWriter;)V 1 0 orig 80 0 0 0 0 0 0 0 0 0 0 0 0 167 2 0 0 0 0 0 0 0 0 0 0 0 0 0 0 0 0 0 0 0 0 0 0 0 0 0 0 0 0 0 0 0 0 0 0 0 0 0 0 0 0 0 0 0 0 0 0 0 0 0 0 0 0 0 0 0 0 0 0 0 0 0 0 0 0 0 0 data 121 0x40002 0x0 0x70002 0x0 0xd0005 0x0 0x0 0x0 0x0 0x0 0x0 0x140005 0x0 0x0 0x0 0x0 0x0 0x0 0x1c0005 0x0 0x0 0x0 0x0 0x0 0x0 0x200005 0x0 0x0 0x0 0x0 0x0 0x0 0x350007 0x0 0x128 0x0 0x440002 0x0 0x490005 0x0 0x0 0x0 0x0 0x0 0x0 0x4e0005 0x0 0x0 0x0 0x0 0x0 0x0 0x510005 0x0 0x0 0x0 0x0 0x0 0x0 0x540005 0x0 0x0 0x0 0x0 0x0 0x0 0x5a0003 0x0 0xfffffffffffffef0 0x5e0005 0x0 0x0 0x0 0x0 0x0 0x0 0x6f0007 0x0 0x70 0x0 0x830005 0x0 0x0 0x0 0x0 0x0 0x0 0x890003 0x0 0xffffffffffffffa8 0x8d0005 0x0 0x0 0x0 0x0 0x0 0x0 0x940007 0x0 0x58 0x0 0xa10005 0x0 0x0 0x0 0x0 0x0 0x0 0xa60003 0x0 0x18 0x0 0x0 0x0 0x0 0x0 0x0 0x9 0x2 0x0 0x0 oops 0 methods 0
ciMethodData java/util/WeakHashMap get (Ljava/lang/Object;)Ljava/lang/Object; 2 4390 orig 80 0 0 0 0 0 0 0 0 0 0 0 0 0 0 0 0 0 0 0 0 0 0 0 0 0 0 0 0 0 0 0 0 0 0 0 0 0 0 0 0 0 0 0 0 0 0 0 0 0 0 0 0 0 0 0 0 0 0 0 0 0 0 0 0 0 0 0 0 0 0 0 0 0 0 0 0 0 0 0 0 data 50 0x10002 0xf27 0x70005 0xf27 0x0 0x0 0x0 0x0 0x0 0xc0005 0xf27 0x0 0x0 0x0 0x0 0x0 0x150002 0xf27 0x230007 0x2c 0xb0 0xf34 0x2c0007 0x39 0x78 0xefb 0x330005 0xefb 0x0 0x0 0x0 0x0 0x0 0x360007 0x0 0x20 0xefb 0x460003 0x39 0xffffffffffffff68 0x0 0x0 0x0 0x0 0x0 0x0 0x9 0x2 0x0 0x0 oops 0 methods 0
ciMethodData java/util/ArrayList iterator ()Ljava/util/Iterator; 2 5517 orig 80 0 0 0 0 0 0 0 0 0 0 0 0 251 127 0 0 0 0 0 0 0 0 0 0 0 0 0 0 0 0 0 0 0 0 0 0 0 0 0 0 0 0 0 0 0 0 0 0 0 0 0 0 0 0 0 0 0 0 0 0 0 0 0 0 0 0 0 0 0 0 0 0 0 0 0 0 0 0 0 0 data 8 0x50002 0x140d 0x0 0x0 0x0 0x9 0x1 0x0 oops 0 methods 0
ciMethodData java/util/ArrayList$Itr <init> (Ljava/util/ArrayList;)V 2 5517 orig 80 0 0 0 0 0 0 0 0 0 0 0 0 167 2 0 0 0 0 0 0 0 0 0 0 0 0 0 0 0 0 0 0 0 0 0 0 0 0 0 0 0 0 0 0 0 0 0 0 0 0 0 0 0 0 0 0 0 0 0 0 0 0 0 0 0 0 0 0 0 0 0 0 0 0 0 0 0 0 0 0 data 10 0x60002 0x140d 0x0 0x0 0x0 0x0 0x9 0x2 0xc 0x0 oops 0 methods 0
ciMethodData java/util/ArrayList fastRemove ([Ljava/lang/Object;I)V 2 5126 orig 80 0 0 0 0 0 0 0 0 0 0 0 0 167 2 0 0 0 0 0 0 0 0 0 0 0 0 0 0 0 0 0 0 0 0 0 0 0 0 0 0 0 0 0 0 0 0 0 0 0 0 0 0 0 0 0 0 0 0 0 0 0 0 0 0 0 0 0 0 0 0 0 0 0 0 0 0 0 0 0 0 data 24 0x130007 0x127c 0x30 0x2 0x1f0002 0x2 0x2a0104 0x0 0x0 0x0 0x0 0x0 0x0 0x0 0x0 0x0 0x0 0x0 0x0 0x9 0x3 0x0 0x0 0x0 oops 0 methods 0
ciMethodData com/sun/javafx/sg/prism/NGRegion renderContent (Lcom/sun/prism/Graphics;)V 2 5254 orig 80 0 0 0 0 0 0 0 0 0 0 0 0 236 0 0 0 0 0 0 0 0 0 0 0 0 0 0 0 0 0 0 0 0 0 0 0 0 0 0 0 0 0 0 0 0 0 0 0 0 0 0 0 0 0 0 0 0 0 0 0 0 0 0 0 0 0 0 0 0 0 0 0 0 0 0 0 0 0 0 0 data 101 0x10005 0x0 0x0 0x2a7ca4920b0 0x1287 0x0 0x0 0x60005 0x0 0x0 0x2a7ca492160 0x1287 0x0 0x0 0x90007 0x1287 0x168 0x0 0xd0005 0x0 0x0 0x0 0x0 0x0 0x0 0x100007 0x0 0x110 0x0 0x160007 0x0 0x88 0x0 0x1a0005 0x0 0x0 0x0 0x0 0x0 0x0 0x1d0007 0x0 0x30 0x0 0x240002 0x0 0x2c0007 0x0 0x30 0x0 0x380002 0x0 0x430005 0x0 0x0 0x0 0x0 0x0 0x0 0x4b0007 0x63a 0x70 0xc4d 0x500005 0xc4d 0x0 0x0 0x0 0x0 0x0 0x530003 0xc4d 0x90 0x5c0007 0x0 0x78 0x63a 0x650007 0x0 0x58 0x63a 0x6a0005 0x63a 0x0 0x0 0x0 0x0 0x0 0x6f0002 0x1287 0x0 0x0 0x0 0x0 0x0 0x0 0x0 0x9 0x2 0xffffffffffffffff 0xffffffffffffffff oops 2 3 com/sun/prism/d3d/D3DGraphics 10 com/sun/javafx/geom/transform/Affine3D methods 0
ciMethodData com/sun/scenario/effect/impl/prism/PrFilterContext getInstance (Lcom/sun/glass/ui/Screen;)Lcom/sun/scenario/effect/impl/prism/PrFilterContext; 2 2993 orig 80 0 0 0 0 0 0 0 0 0 0 0 0 167 2 0 0 0 0 0 0 0 0 0 0 0 0 0 0 0 0 0 0 0 0 0 0 0 0 0 0 0 0 0 0 0 0 0 0 0 0 0 0 0 0 0 0 0 0 0 0 0 0 0 0 0 0 0 0 0 0 0 0 0 0 0 0 0 0 0 0 data 42 0x10007 0xb75 0x30 0x0 0xa0002 0x0 0x120005 0x0 0x0 0x2a7fd9aca90 0xb75 0x0 0x0 0x170004 0x0 0x0 0x2a7ca06e380 0xb75 0x0 0x0 0x1c0007 0xb75 0x68 0x0 0x240002 0x0 0x2d0005 0x0 0x0 0x0 0x0 0x0 0x0 0x0 0x0 0x0 0x0 0x0 0x0 0x9 0x1 0x0 oops 2 9 java/util/WeakHashMap 16 com/sun/scenario/effect/impl/prism/PrFilterContext methods 0
ciMethod com/sun/javafx/tk/Toolkit getImageAccessor ()Lcom/sun/javafx/tk/Toolkit$ImageAccessor; 54 0 38 0 -1
ciMethod javafx/scene/paint/Color getOpacity ()D 512 0 282 0 -1
ciMethodData com/sun/javafx/geom/transform/Affine3D reset3Delements ()V 2 1281 orig 80 0 0 0 0 0 0 0 0 0 0 0 0 251 127 0 0 0 0 0 0 0 0 0 0 0 0 0 0 0 0 0 0 0 0 0 0 0 0 0 0 0 0 0 0 0 0 0 0 0 0 0 0 0 0 0 0 0 0 0 0 0 0 0 0 0 0 0 0 0 0 0 0 0 0 0 0 0 0 0 0 data 7 0x0 0x0 0x0 0x0 0x9 0x1 0x0 oops 0 methods 0
ciMethodData com/sun/prism/impl/BaseGraphics drawTexture (Lcom/sun/prism/Texture;FFFF)V 2 2993 orig 80 0 0 0 0 0 0 0 0 0 0 0 0 167 2 0 0 0 0 0 0 0 0 0 0 0 0 0 0 0 0 0 0 0 0 0 0 0 0 0 0 0 0 0 0 0 0 0 0 0 0 0 0 0 0 0 0 0 0 0 0 0 0 0 0 0 0 0 0 0 0 0 0 0 0 0 0 0 0 0 0 data 21 0x120005 0x0 0x0 0x2a7ca4920b0 0xb75 0x0 0x0 0x0 0x0 0x0 0x0 0x0 0x0 0x9 0x6 0x0 0x0 0x0 0x0 0x0 0x0 oops 1 3 com/sun/prism/d3d/D3DGraphics methods 0
ciMethod com/sun/scenario/effect/LockableResource lock ()V 0 0 1 0 -1
ciMethod com/sun/scenario/effect/LockableResource unlock ()V 0 0 1 0 -1
ciMethod com/sun/scenario/effect/LockableResource isLost ()Z 0 0 1 0 -1
ciMethod com/sun/scenario/effect/Filterable getMaxContentWidth ()I 0 0 1 0 -1
ciMethod com/sun/scenario/effect/Filterable getMaxContentHeight ()I 0 0 1 0 -1
ciMethod com/sun/scenario/effect/FilterContext getReferent ()Ljava/lang/Object; 256 0 128 0 0
ciMethod com/sun/scenario/effect/impl/prism/PrFilterContext getPrinterContext (Ljava/lang/Object;)Lcom/sun/scenario/effect/impl/prism/PrFilterContext; 0 0 1 0 -1
ciMethod com/sun/scenario/effect/impl/prism/PrFilterContext <init> (Ljava/lang/Object;)V 2 0 1 0 -1
ciMethod com/sun/scenario/effect/impl/prism/PrFilterContext getInstance (Lcom/sun/glass/ui/Screen;)Lcom/sun/scenario/effect/impl/prism/PrFilterContext; 120 0 2993 0 0
ciMethod com/sun/scenario/effect/impl/prism/PrFilterContext hashCode (Z)I 1024 0 5986 0 0
ciMethod com/sun/scenario/effect/impl/prism/PrFilterContext hashCode ()I 1024 0 5986 0 0
ciMethod com/sun/scenario/effect/impl/prism/PrFilterContext equals (Ljava/lang/Object;)Z 0 0 1 0 0
ciMethod com/sun/javafx/geom/Shape getBounds ()Lcom/sun/javafx/geom/RectBounds; 0 0 1 0 -1
ciMethod com/sun/prism/GraphicsPipeline getResourceFactory (Lcom/sun/glass/ui/Screen;)Lcom/sun/prism/ResourceFactory; 0 0 1 0 -1
ciMethod com/sun/prism/GraphicsPipeline getPipeline ()Lcom/sun/prism/GraphicsPipeline; 470 0 592 0 -1
ciMethod com/sun/prism/GraphicsResource dispose ()V 0 0 1 0 -1
ciMethod com/sun/prism/ResourceFactory isDisposed ()Z 0 0 1 0 -1
ciMethod com/sun/prism/ResourceFactory getCachedTexture (Lcom/sun/prism/Image;Lcom/sun/prism/Texture$WrapMode;)Lcom/sun/prism/Texture; 0 0 1 0 -1
ciMethod com/sun/prism/ResourceFactory isFormatSupported (Lcom/sun/prism/PixelFormat;)Z 0 0 1 0 -1
ciMethod com/sun/prism/ResourceFactory addFactoryListener (Lcom/sun/prism/ResourceFactoryListener;)V 0 0 1 0 -1
ciMethod com/sun/prism/ResourceFactory getRegionTexture ()Lcom/sun/prism/Texture; 0 0 1 0 -1
ciMethod com/sun/prism/ResourceFactory getGlyphTexture ()Lcom/sun/prism/Texture; 0 0 1 0 -1
ciMethod com/sun/prism/ResourceFactory isSuperShaderAllowed ()Z 0 0 1 0 -1
ciMethod com/sun/prism/d3d/D3DResourceFactory createStockShader (Ljava/lang/String;)Lcom/sun/prism/ps/Shader; 4 0 8 0 0
ciMethod com/sun/prism/ps/ShaderFactory createStockShader (Ljava/lang/String;)Lcom/sun/prism/ps/Shader; 0 0 1 0 -1
ciMethod com/sun/prism/impl/BaseResourceFactory isSuperShaderAllowed ()Z 256 0 128 0 0
ciMethod com/sun/glass/ui/Screen hashCode ()I 524 0 6406 0 800
ciMethod com/sun/prism/ps/Shader enable ()V 0 0 1 0 -1
ciMethod com/sun/prism/ps/Shader isValid ()Z 0 0 1 0 -1
ciMethod com/sun/prism/Surface getContentWidth ()I 0 0 1 0 -1
ciMethod com/sun/prism/Surface getContentHeight ()I 0 0 1 0 -1
ciMethod com/sun/prism/RenderTarget createGraphics ()Lcom/sun/prism/Graphics; 0 0 1 0 -1
ciMethod com/sun/prism/Texture getPixelFormat ()Lcom/sun/prism/PixelFormat; 0 0 1 0 -1
ciMethod com/sun/prism/Texture getPhysicalWidth ()I 0 0 1 0 -1
ciMethod com/sun/prism/Texture getPhysicalHeight ()I 0 0 1 0 -1
ciMethod com/sun/prism/Texture getContentX ()I 0 0 1 0 -1
ciMethod com/sun/prism/Texture getContentY ()I 0 0 1 0 -1
ciMethod com/sun/prism/Texture getContentWidth ()I 0 0 1 0 -1
ciMethod com/sun/prism/Texture update (Ljava/nio/Buffer;Lcom/sun/prism/PixelFormat;IIIIIIIZ)V 0 0 1 0 -1
ciMethod com/sun/prism/Texture getWrapMode ()Lcom/sun/prism/Texture$WrapMode; 0 0 1 0 -1
ciMethod com/sun/prism/Texture getLinearFiltering ()Z 0 0 1 0 -1
ciMethod com/sun/prism/Texture lock ()V 0 0 1 0 -1
ciMethod com/sun/prism/Texture unlock ()V 0 0 1 0 -1
ciMethod com/sun/prism/Texture assertLocked ()V 0 0 1 0 -1
ciMethod com/sun/prism/d3d/D3DContext FAILED (I)Z 512 0 997 0 -1
ciMethod com/sun/prism/d3d/D3DContext isLost ()Z 0 0 1 0 -1
ciMethod com/sun/prism/d3d/D3DContext validate (I)V 782 0 5523 0 64
ciMethod com/sun/prism/d3d/D3DContext updateTexture (ILcom/sun/prism/Texture;)V 384 0 2648 0 0
ciMethod com/sun/prism/d3d/D3DContext nSetTexture (JJIZI)I 1282 0 641 0 -1
ciMethod com/sun/prism/d3d/D3DContext nDrawIndexedQuads (J[F[BI)I 1282 0 641 0 -1
ciMethod com/sun/prism/d3d/D3DContext hResultToString (J)Ljava/lang/String; 0 0 1 0 -1
ciMethod com/sun/prism/d3d/D3DContext renderQuads ([F[BI)V 176 0 1615 0 0
ciMethod com/sun/prism/impl/ps/BaseShaderContext updateTexture (ILcom/sun/prism/Texture;)V 0 0 1 0 -1
ciMethod com/sun/prism/impl/ps/BaseShaderContext updateShaderTransform (Lcom/sun/prism/ps/Shader;Lcom/sun/javafx/geom/transform/BaseTransform;)V 0 0 1 0 -1
ciMethod com/sun/prism/impl/ps/BaseShaderContext updateClipRect (Lcom/sun/javafx/geom/Rectangle;)V 0 0 1 0 -1
ciMethod com/sun/prism/impl/ps/BaseShaderContext updateCompositeMode (Lcom/sun/prism/CompositeMode;)V 0 0 1 0 -1
ciMethod com/sun/prism/impl/ps/BaseShaderContext getSpecialShader (Lcom/sun/prism/impl/BaseGraphics;Lcom/sun/prism/impl/ps/BaseShaderContext$SpecialShaderType;)Lcom/sun/prism/ps/Shader; 1024 0 4338 0 0
ciMethod com/sun/prism/impl/ps/BaseShaderContext isSuperShaderEnabled ()Z 1024 0 4337 0 0
ciMethod com/sun/prism/impl/ps/BaseShaderContext updatePerVertexColor (Lcom/sun/prism/paint/Paint;F)V 1024 0 6677 0 480
ciMethod com/sun/prism/impl/ps/BaseShaderContext validateTextureOp (Lcom/sun/prism/impl/BaseGraphics;Lcom/sun/javafx/geom/transform/BaseTransform;Lcom/sun/prism/Texture;Lcom/sun/prism/PixelFormat;)V 1024 0 4334 0 0
ciMethod com/sun/prism/impl/ps/BaseShaderContext validateTextureOp (Lcom/sun/prism/impl/ps/BaseShaderGraphics;Lcom/sun/javafx/geom/transform/BaseTransform;Lcom/sun/prism/Texture;Lcom/sun/prism/Texture;Lcom/sun/prism/PixelFormat;)Lcom/sun/prism/ps/Shader; 1024 0 4334 0 0
ciMethod com/sun/prism/impl/ps/BaseShaderContext checkState (Lcom/sun/prism/impl/ps/BaseShaderGraphics;ILcom/sun/javafx/geom/transform/BaseTransform;Lcom/sun/prism/ps/Shader;)V 512 0 5740 0 14048
ciMethod com/sun/prism/impl/ps/BaseShaderContext setTexture (ILcom/sun/prism/Texture;)V 768 0 5540 0 1888
ciMethod com/sun/prism/impl/BaseContext getAssociatedScreen ()Lcom/sun/glass/ui/Screen; 264 0 132 0 0
ciMethod com/sun/prism/impl/BaseContext getVertexBuffer ()Lcom/sun/prism/impl/VertexBuffer; 256 0 128 0 0
ciMethod com/sun/prism/impl/BaseContext flushVertexBuffer ()V 776 0 15135 0 608
ciMethod com/sun/prism/impl/BaseContext flushMask ()V 176 0 1615 0 0
ciMethod com/sun/prism/impl/BaseContext drawQuads ([F[BI)V 176 0 1615 0 0
ciMethod com/sun/prism/impl/BaseContext renderQuads ([F[BI)V 0 0 1 0 -1
ciMethod com/sun/prism/impl/BaseContext setRenderTarget (Lcom/sun/prism/impl/BaseGraphics;)V 512 0 5601 0 -1
ciMethod com/sun/prism/impl/BaseContext validatePaintOp (Lcom/sun/prism/impl/BaseGraphics;Lcom/sun/javafx/geom/transform/BaseTransform;Lcom/sun/prism/Texture;FFFF)V 0 0 1 0 -1
ciMethod com/sun/prism/impl/BaseContext validateTextureOp (Lcom/sun/prism/impl/BaseGraphics;Lcom/sun/javafx/geom/transform/BaseTransform;Lcom/sun/prism/Texture;Lcom/sun/prism/PixelFormat;)V 0 0 1 0 -1
ciMethod com/sun/prism/impl/BaseContext isSuperShaderEnabled ()Z 0 0 1 0 -1
ciMethod com/sun/prism/impl/BaseContext isDisposed ()Z 262 0 131 0 0
ciMethod com/sun/prism/impl/BaseContext checkDisposed ()Z 784 0 57363 0 64
ciMethodData com/sun/scenario/effect/impl/prism/PrEffectHelper getGraphicsClipNoClone (Lcom/sun/prism/Graphics;)Lcom/sun/javafx/geom/Rectangle; 2 2993 orig 80 0 0 0 0 0 0 0 0 0 0 0 0 167 2 0 0 0 0 0 0 0 0 0 0 0 0 0 0 0 0 0 0 0 0 0 0 0 0 0 0 0 0 0 0 0 0 0 0 0 0 0 0 0 0 0 0 0 0 0 0 0 0 0 0 0 0 0 0 0 0 0 0 0 0 0 0 0 0 0 0 data 43 0x10005 0x0 0x0 0x2a7ca4920b0 0xb75 0x0 0x0 0x80007 0x906 0xd8 0x26f 0xc0005 0x0 0x0 0x2a7ca4920b0 0x26f 0x0 0x0 0x170005 0x0 0x0 0x2a7c973e2e0 0x26f 0x0 0x0 0x1d0005 0x0 0x0 0x2a7c973e2e0 0x26f 0x0 0x0 0x220002 0x26f 0x0 0x0 0x0 0x0 0x0 0x0 0x9 0x1 0x0 oops 4 3 com/sun/prism/d3d/D3DGraphics 14 com/sun/prism/d3d/D3DGraphics 21 com/sun/prism/d3d/D3DRTTexture 28 com/sun/prism/d3d/D3DRTTexture methods 0
ciMethodData com/sun/prism/impl/BaseGraphics setTransform (Lcom/sun/javafx/geom/transform/BaseTransform;)V 2 2993 orig 80 0 0 0 0 0 0 0 0 0 0 0 0 167 2 0 0 0 0 0 0 0 0 0 0 0 0 0 0 0 0 0 0 0 0 0 0 0 0 0 0 0 0 0 0 0 0 0 0 0 0 0 0 0 0 0 0 0 0 0 0 0 0 0 0 0 0 0 0 0 0 0 0 0 0 0 0 0 0 0 0 data 38 0x10007 0x0 0x70 0xb76 0x80005 0x0 0x0 0x2a7ca492160 0xb76 0x0 0x0 0xb0003 0xb76 0x50 0x130005 0x0 0x0 0x0 0x0 0x0 0x0 0x170005 0xb76 0x0 0x0 0x0 0x0 0x0 0x0 0x0 0x0 0x0 0x0 0x0 0x9 0x2 0x0 0x0 oops 1 7 com/sun/javafx/geom/transform/Affine3D methods 0
ciMethod com/sun/prism/Graphics getTransformNoClone ()Lcom/sun/javafx/geom/transform/BaseTransform; 0 0 1 0 -1
ciMethod com/sun/prism/Graphics setTransform (Lcom/sun/javafx/geom/transform/BaseTransform;)V 0 0 1 0 -1
ciMethod com/sun/prism/Graphics setTransform3D (DDDDDDDDDDDD)V 0 0 1 0 -1
ciMethod com/sun/prism/Graphics transform (Lcom/sun/javafx/geom/transform/BaseTransform;)V 0 0 1 0 -1
ciMethod com/sun/prism/Graphics translate (FF)V 0 0 1 0 -1
ciMethod com/sun/prism/Graphics setDepthTest (Z)V 0 0 1 0 -1
ciMethod com/sun/prism/Graphics isDepthTest ()Z 0 0 1 0 -1
ciMethod com/sun/prism/Graphics getClipRect ()Lcom/sun/javafx/geom/Rectangle; 0 0 1 0 -1
ciMethod com/sun/prism/Graphics getClipRectNoClone ()Lcom/sun/javafx/geom/Rectangle; 0 0 1 0 -1
ciMethod com/sun/prism/Graphics setHasPreCullingBits (Z)V 0 0 1 0 -1
ciMethod com/sun/prism/Graphics hasPreCullingBits ()Z 0 0 1 0 -1
ciMethod com/sun/prism/Graphics setClipRect (Lcom/sun/javafx/geom/Rectangle;)V 0 0 1 0 -1
ciMethod com/sun/prism/Graphics setClipRectIndex (I)V 0 0 1 0 -1
ciMethod com/sun/prism/Graphics getClipRectIndex ()I 0 0 1 0 -1
ciMethod com/sun/prism/Graphics getExtraAlpha ()F 0 0 1 0 -1
ciMethod com/sun/prism/Graphics setExtraAlpha (F)V 0 0 1 0 -1
ciMethod com/sun/prism/Graphics setPaint (Lcom/sun/prism/paint/Paint;)V 0 0 1 0 -1
ciMethod com/sun/prism/Graphics setStroke (Lcom/sun/prism/BasicStroke;)V 0 0 1 0 -1
ciMethod com/sun/prism/Graphics fillRect (FFFF)V 0 0 1 0 -1
ciMethod com/sun/prism/Graphics draw (Lcom/sun/javafx/geom/Shape;)V 0 0 1 0 -1
ciMethod com/sun/prism/Graphics drawLine (FFFF)V 0 0 1 0 -1
ciMethod com/sun/prism/Graphics drawRect (FFFF)V 0 0 1 0 -1
ciMethod com/sun/prism/Graphics drawRoundRect (FFFFFF)V 0 0 1 0 -1
ciMethod com/sun/prism/Graphics drawTexture (Lcom/sun/prism/Texture;FFFF)V 0 0 1 0 -1
ciMethod com/sun/prism/Graphics drawTexture (Lcom/sun/prism/Texture;FFFFFFFF)V 0 0 1 0 -1
ciMethod com/sun/prism/Graphics getAssociatedScreen ()Lcom/sun/glass/ui/Screen; 0 0 1 0 -1
ciMethod com/sun/prism/Graphics getResourceFactory ()Lcom/sun/prism/ResourceFactory; 0 0 1 0 -1
ciMethod com/sun/prism/Graphics getRenderTarget ()Lcom/sun/prism/RenderTarget; 0 0 1 0 -1
ciMethod com/sun/prism/Graphics setRenderRoot (Lcom/sun/javafx/sg/prism/NodePath;)V 0 0 1 0 -1
ciMethod com/sun/prism/Graphics getRenderRoot ()Lcom/sun/javafx/sg/prism/NodePath; 0 0 1 0 -1
ciMethod com/sun/prism/Graphics setState3D (Z)V 0 0 1 0 -1
ciMethod com/sun/prism/impl/BaseGraphics getRenderTarget ()Lcom/sun/prism/RenderTarget; 262 0 131 0 0
ciMethod com/sun/prism/impl/BaseGraphics setState3D (Z)V 256 0 128 0 0
ciMethod com/sun/prism/impl/BaseGraphics getAssociatedScreen ()Lcom/sun/glass/ui/Screen; 120 0 2993 0 0
ciMethod com/sun/prism/impl/BaseGraphics getTransformNoClone ()Lcom/sun/javafx/geom/transform/BaseTransform; 270 0 135 0 0
ciMethod com/sun/prism/impl/BaseGraphics setTransform (Lcom/sun/javafx/geom/transform/BaseTransform;)V 118 0 2993 0 0
ciMethod com/sun/prism/impl/BaseGraphics setTransform3D (DDDDDDDDDDDD)V 1024 0 5815 0 -1
ciMethod com/sun/prism/impl/BaseGraphics transform (Lcom/sun/javafx/geom/transform/BaseTransform;)V 1024 0 8786 0 0
ciMethod com/sun/prism/impl/BaseGraphics translate (FF)V 624 0 2993 0 0
ciMethod com/sun/prism/impl/BaseGraphics setClipRectIndex (I)V 258 0 129 0 0
ciMethod com/sun/prism/impl/BaseGraphics getClipRectIndex ()I 258 0 129 0 0
ciMethod com/sun/prism/impl/BaseGraphics setHasPreCullingBits (Z)V 256 0 128 0 0
ciMethod com/sun/prism/impl/BaseGraphics hasPreCullingBits ()Z 256 0 128 0 0
ciMethod com/sun/prism/impl/BaseGraphics validateTransformAndPaint ()V 512 0 5517 0 1760
ciMethod com/sun/prism/impl/BaseGraphics setDepthTest (Z)V 264 0 132 0 0
ciMethod com/sun/prism/impl/BaseGraphics isDepthTest ()Z 256 0 128 0 0
ciMethod com/sun/prism/impl/BaseGraphics isDepthBuffer ()Z 256 0 128 0 0
ciMethod com/sun/prism/impl/BaseGraphics isAlphaTestShader ()Z 768 0 8845 0 0
ciMethod com/sun/prism/impl/BaseGraphics getClipRectNoClone ()Lcom/sun/javafx/geom/Rectangle; 256 0 128 0 0
ciMethod com/sun/prism/impl/BaseGraphics getExtraAlpha ()F 256 0 128 0 0
ciMethod com/sun/prism/impl/BaseGraphics setExtraAlpha (F)V 266 0 133 0 0
ciMethod com/sun/prism/impl/BaseGraphics getCompositeMode ()Lcom/sun/prism/CompositeMode; 256 0 128 0 -1
ciMethod com/sun/prism/impl/BaseGraphics drawTexture (Lcom/sun/prism/Texture;FFFF)V 120 0 2993 0 0
ciMethod com/sun/prism/impl/BaseGraphics drawTexture (Lcom/sun/prism/Texture;FFFFFFFF)V 1024 0 4334 0 0
ciMethod com/sun/prism/impl/ps/BaseShaderGraphics drawTexture (Lcom/sun/prism/Texture;FFFFFFFF)V 1024 0 4334 0 0
ciMethod com/sun/prism/impl/ps/BaseShaderGraphics drawMultiTexture (Lcom/sun/prism/MultiTexture;FFFFFFFF)V 0 0 1 0 -1
ciMethod com/sun/javafx/geom/transform/BaseTransform getDegree ()Lcom/sun/javafx/geom/transform/BaseTransform$Degree; 0 0 1 0 -1
ciMethod com/sun/javafx/geom/transform/BaseTransform isIdentity ()Z 0 0 1 0 -1
ciMethod com/sun/javafx/geom/transform/BaseTransform isTranslateOrIdentity ()Z 0 0 1 0 -1
ciMethod com/sun/javafx/geom/transform/BaseTransform is2D ()Z 0 0 1 0 -1
ciMethod com/sun/javafx/geom/transform/BaseTransform getMxx ()D 256 0 128 0 -1
ciMethod com/sun/javafx/geom/transform/BaseTransform getMxy ()D 256 0 128 0 -1
ciMethod com/sun/javafx/geom/transform/BaseTransform getMxz ()D 274 0 137 0 -1
ciMethod com/sun/javafx/geom/transform/BaseTransform getMxt ()D 258 0 129 0 -1
ciMethod com/sun/javafx/geom/transform/BaseTransform getMyx ()D 256 0 128 0 -1
ciMethod com/sun/javafx/geom/transform/BaseTransform getMyy ()D 256 0 128 0 -1
ciMethod com/sun/javafx/geom/transform/BaseTransform getMyz ()D 282 0 141 0 -1
ciMethod com/sun/javafx/geom/transform/BaseTransform getMyt ()D 258 0 129 0 -1
ciMethod com/sun/javafx/geom/transform/BaseTransform getMzx ()D 282 0 141 0 -1
ciMethod com/sun/javafx/geom/transform/BaseTransform getMzy ()D 282 0 141 0 -1
ciMethod com/sun/javafx/geom/transform/BaseTransform getMzz ()D 282 0 141 0 -1
ciMethod com/sun/javafx/geom/transform/BaseTransform getMzt ()D 260 0 130 0 -1
ciMethod com/sun/javafx/geom/transform/BaseTransform transform (Lcom/sun/javafx/geom/BaseBounds;Lcom/sun/javafx/geom/BaseBounds;)Lcom/sun/javafx/geom/BaseBounds; 0 0 1 0 -1
ciMethod com/sun/javafx/geom/transform/BaseTransform setTransform (Lcom/sun/javafx/geom/transform/BaseTransform;)V 0 0 1 0 -1
ciMethod com/sun/javafx/geom/transform/BaseTransform equals (Ljava/lang/Object;)Z 540 0 270 0 -1
ciMethod com/sun/javafx/geom/transform/BaseTransform almostZero (D)Z 546 0 44005 0 192
ciMethod com/sun/javafx/geom/transform/Affine3D reset3Delements ()V 512 0 1281 0 96
ciMethod com/sun/javafx/geom/transform/Affine3D updateState ()V 772 0 8619 0 1504
ciMethod com/sun/javafx/geom/transform/Affine3D getMxz ()D 258 0 129 0 0
ciMethod com/sun/javafx/geom/transform/Affine3D getMyz ()D 262 0 131 0 0
ciMethod com/sun/javafx/geom/transform/Affine3D getMzx ()D 266 0 133 0 0
ciMethod com/sun/javafx/geom/transform/Affine3D getMzy ()D 274 0 137 0 0
ciMethod com/sun/javafx/geom/transform/Affine3D getMzz ()D 274 0 137 0 0
ciMethod com/sun/javafx/geom/transform/Affine3D getMzt ()D 274 0 137 0 0
ciMethod com/sun/javafx/geom/transform/Affine3D setTransform (Lcom/sun/javafx/geom/transform/BaseTransform;)V 212 0 4701 0 -1
ciMethod com/sun/javafx/geom/transform/Affine3D setTransform (DDDDDDDDDDDD)V 1024 0 5815 0 -1
ciMethod com/sun/javafx/geom/transform/Affine3D transform (Lcom/sun/javafx/geom/BaseBounds;Lcom/sun/javafx/geom/BaseBounds;)Lcom/sun/javafx/geom/BaseBounds; 518 0 4388 0 -1
ciMethod com/sun/javafx/geom/transform/Affine3D translate (DD)V 178 0 4452 0 0
ciMethod com/sun/javafx/geom/transform/Affine3D translate (DDD)V 0 0 1 0 -1
ciMethod com/sun/javafx/geom/transform/Affine3D concatenate (Lcom/sun/javafx/geom/transform/BaseTransform;)V 508 0 5385 0 -1
ciMethod com/sun/javafx/geom/transform/Affine3D almostOne (D)Z 784 0 8620 0 0
ciMethod com/sun/javafx/geom/transform/AffineBase stateError ()V 0 0 1 0 -1
ciMethod com/sun/javafx/geom/transform/AffineBase updateState ()V 770 0 11362 0 672
ciMethod com/sun/javafx/geom/transform/AffineBase updateState2D ()V 538 0 10524 0 640
ciMethod com/sun/javafx/geom/transform/AffineBase getType ()I 514 0 19713 0 2272
ciMethod com/sun/javafx/geom/transform/AffineBase calculateType ()I 134 0 6228 0 -1
ciMethod com/sun/javafx/geom/transform/AffineBase getMxx ()D 262 0 131 0 0
ciMethod com/sun/javafx/geom/transform/AffineBase getMyy ()D 268 0 134 0 0
ciMethod com/sun/javafx/geom/transform/AffineBase getMxy ()D 276 0 138 0 0
ciMethod com/sun/javafx/geom/transform/AffineBase getMyx ()D 268 0 134 0 0
ciMethod com/sun/javafx/geom/transform/AffineBase getMxt ()D 276 0 138 0 0
ciMethod com/sun/javafx/geom/transform/AffineBase getMyt ()D 268 0 134 0 0
ciMethod com/sun/javafx/geom/transform/AffineBase isIdentity ()Z 778 0 5522 0 2304
ciMethod com/sun/javafx/geom/transform/AffineBase isTranslateOrIdentity ()Z 528 0 16069 0 2304
ciMethod com/sun/javafx/geom/transform/AffineBase is2D ()Z 768 0 8735 0 96
ciMethod com/sun/javafx/geom/transform/AffineBase reset3Delements ()V 0 0 1 0 -1
ciMethod com/sun/javafx/geom/transform/AffineBase setToIdentity ()V 568 0 4065 0 0
ciMethod com/sun/javafx/geom/transform/AffineBase transform (Lcom/sun/javafx/geom/BaseBounds;Lcom/sun/javafx/geom/BaseBounds;)Lcom/sun/javafx/geom/BaseBounds; 544 0 5406 0 -1
ciMethod com/sun/javafx/geom/transform/AffineBase translate (DD)V 514 0 5402 0 -1
ciMethod com/sun/javafx/geom/transform/AffineBase concatenate (Lcom/sun/javafx/geom/transform/BaseTransform;)V 568 0 5427 0 -1
ciMethod com/sun/javafx/geom/BaseBounds <init> ()V 732 0 14340 0 0
ciMethod com/sun/javafx/geom/BaseBounds getBoundsType ()Lcom/sun/javafx/geom/BaseBounds$BoundsType; 0 0 1 0 -1
ciMethod com/sun/javafx/geom/BaseBounds getMinX ()F 0 0 1 0 -1
ciMethod com/sun/javafx/geom/BaseBounds getMinY ()F 0 0 1 0 -1
ciMethod com/sun/javafx/geom/BaseBounds getMinZ ()F 0 0 1 0 -1
ciMethod com/sun/javafx/geom/BaseBounds getMaxX ()F 0 0 1 0 -1
ciMethod com/sun/javafx/geom/BaseBounds getMaxY ()F 0 0 1 0 -1
ciMethod com/sun/javafx/geom/BaseBounds getMaxZ ()F 0 0 1 0 -1
ciMethod com/sun/javafx/geom/BaseBounds deriveWithNewBounds (Lcom/sun/javafx/geom/BaseBounds;)Lcom/sun/javafx/geom/BaseBounds; 0 0 1 0 -1
ciMethod com/sun/javafx/geom/BaseBounds deriveWithNewBounds (FFFFFF)Lcom/sun/javafx/geom/BaseBounds; 0 0 1 0 -1
ciMethod com/sun/javafx/geom/BaseBounds deriveWithNewBoundsAndSort (FFFFFF)Lcom/sun/javafx/geom/BaseBounds; 0 0 1 0 -1
ciMethod com/sun/javafx/geom/BaseBounds isEmpty ()Z 0 0 1 0 -1
ciMethod com/sun/javafx/geom/RectBounds <init> ()V 512 0 3372 0 0
ciMethod com/sun/javafx/geom/RectBounds getBoundsType ()Lcom/sun/javafx/geom/BaseBounds$BoundsType; 768 0 3150 0 64
ciMethod com/sun/javafx/geom/RectBounds getWidth ()F 774 0 4303 0 -1
ciMethod com/sun/javafx/geom/RectBounds getHeight ()F 774 0 4303 0 -1
ciMethod com/sun/javafx/geom/RectBounds getMinX ()F 370 0 185 0 0
ciMethod com/sun/javafx/geom/RectBounds getMinY ()F 454 0 227 0 0
ciMethod com/sun/javafx/geom/RectBounds getMaxX ()F 434 0 217 0 0
ciMethod com/sun/javafx/geom/RectBounds getMaxY ()F 438 0 219 0 0
ciMethod com/sun/javafx/geom/RectBounds deriveWithNewBounds (Lcom/sun/javafx/geom/BaseBounds;)Lcom/sun/javafx/geom/BaseBounds; 512 0 6470 0 0
ciMethod com/sun/javafx/geom/RectBounds isEmpty ()Z 532 0 31906 0 160
ciMethod com/sun/javafx/geom/RectBounds makeEmpty ()Lcom/sun/javafx/geom/RectBounds; 292 0 5916 0 0
ciMethod com/sun/prism/impl/VertexBuffer setPerVertexColor (Lcom/sun/prism/paint/Color;F)V 0 0 2925 0 -1
ciMethod com/sun/prism/impl/VertexBuffer setPerVertexColor (F)V 1024 0 1549 0 128
ciMethod com/sun/prism/impl/VertexBuffer flush ()V 784 0 5882 0 544
ciMethod com/sun/prism/impl/VertexBuffer addSuperQuad (FFFFFFFFZ)V 0 0 1 0 -1
ciMethod com/sun/prism/impl/VertexBuffer addQuad (FFFFFFFF)V 1024 0 5634 0 -1
ciMethod com/sun/prism/impl/ps/BaseShaderContext$SpecialShaderType getName ()Ljava/lang/String; 2 0 1 0 0
ciMethodData com/sun/javafx/sg/prism/NGNode getFilterContext (Lcom/sun/prism/Graphics;)Lcom/sun/scenario/effect/FilterContext; 2 2993 orig 80 0 0 0 0 0 0 0 0 0 0 0 0 167 2 0 0 0 0 0 0 0 0 0 0 0 0 0 0 0 0 0 0 0 0 0 0 0 0 0 0 0 0 0 0 0 0 0 0 0 0 0 0 0 0 0 0 0 0 0 0 0 0 0 0 0 0 0 0 0 0 0 0 0 0 0 0 0 0 0 0 data 31 0x10005 0x0 0x0 0x2a7ca4920b0 0xb75 0x0 0x0 0x80007 0xb75 0x68 0x0 0xc0005 0x0 0x0 0x0 0x0 0x0 0x0 0x110002 0x0 0x160002 0xb75 0x0 0x0 0x0 0x0 0x0 0x0 0x9 0x1 0x0 oops 1 3 com/sun/prism/d3d/D3DGraphics methods 0
ciMethodData com/sun/javafx/sg/prism/NGRegion renderAsRectangle (Lcom/sun/prism/Graphics;)V 2 2050 orig 80 0 0 0 0 0 0 0 0 0 0 0 0 167 2 0 0 0 0 0 0 0 0 0 0 0 0 0 0 0 0 0 0 0 0 0 0 0 0 0 0 0 0 0 0 0 0 0 0 0 0 0 0 0 0 0 0 0 0 0 0 0 0 0 0 0 0 0 0 0 0 0 0 0 0 0 0 0 0 0 0 data 46 0x40005 0x63a 0x0 0x0 0x0 0x0 0x0 0x70007 0x314 0x58 0x326 0xc0005 0x326 0x0 0x0 0x0 0x0 0x0 0x130005 0x63a 0x0 0x0 0x0 0x0 0x0 0x160007 0x532 0x58 0x108 0x1b0005 0x108 0x0 0x0 0x0 0x0 0x0 0x0 0x0 0x0 0x0 0x0 0x0 0x9 0x2 0x0 0x0 oops 0 methods 0
ciMethod com/sun/javafx/geom/BoxBounds <init> (Lcom/sun/javafx/geom/BoxBounds;)V 0 0 1 0 -1
ciMethod com/sun/javafx/sg/prism/NGNode isContentBounds2D ()Z 0 0 1 0 -1
ciMethod com/sun/javafx/sg/prism/NGNode getTransform ()Lcom/sun/javafx/geom/transform/BaseTransform; 264 0 132 0 0
ciMethod com/sun/javafx/sg/prism/NGNode getOpacity ()F 256 0 128 0 0
ciMethod com/sun/javafx/sg/prism/NGNode getNodeBlendMode ()Lcom/sun/scenario/effect/Blend$Mode; 258 0 129 0 0
ciMethod com/sun/javafx/sg/prism/NGNode isDepthTest ()Z 258 0 129 0 0
ciMethod com/sun/javafx/sg/prism/NGNode getCacheFilter ()Lcom/sun/javafx/sg/prism/CacheFilter; 258 0 129 0 -1
ciMethod com/sun/javafx/sg/prism/NGNode getEffectFilter ()Lcom/sun/javafx/sg/prism/EffectFilter; 258 0 129 0 -1
ciMethod com/sun/javafx/sg/prism/NGNode getClipNode ()Lcom/sun/javafx/sg/prism/NGNode; 316 0 158 0 0
ciMethod com/sun/javafx/sg/prism/NGNode getContentBounds (Lcom/sun/javafx/geom/BaseBounds;Lcom/sun/javafx/geom/transform/BaseTransform;)Lcom/sun/javafx/geom/BaseBounds; 790 0 2995 0 0
ciMethod com/sun/javafx/sg/prism/NGNode computeBounds (Lcom/sun/javafx/geom/BaseBounds;Lcom/sun/javafx/geom/transform/BaseTransform;)Lcom/sun/javafx/geom/BaseBounds; 1024 0 2993 0 0
ciMethod com/sun/javafx/sg/prism/NGNode getClippedBounds (Lcom/sun/javafx/geom/BaseBounds;Lcom/sun/javafx/geom/transform/BaseTransform;)Lcom/sun/javafx/geom/BaseBounds; 0 0 1 0 -1
ciMethod com/sun/javafx/sg/prism/NGNode clearDirtyTree ()V 516 616 522 0 -1
ciMethod com/sun/javafx/sg/prism/NGNode render (Lcom/sun/prism/Graphics;)V 768 0 5512 0 -1
ciMethod com/sun/javafx/sg/prism/NGNode isShape3D ()Z 288 0 22893 0 0
ciMethod com/sun/javafx/sg/prism/NGNode doRender (Lcom/sun/prism/Graphics;)V 1024 0 6016 0 -1
ciMethod com/sun/javafx/sg/prism/NGNode needsBlending ()Z 514 0 551 0 -1
ciMethod com/sun/javafx/sg/prism/NGNode renderNodeBlendMode (Lcom/sun/prism/Graphics;)V 0 0 1 0 -1
ciMethod com/sun/javafx/sg/prism/NGNode renderClip (Lcom/sun/prism/Graphics;)V 0 0 1 0 -1
ciMethod com/sun/javafx/sg/prism/NGNode renderForClip (Lcom/sun/prism/Graphics;)V 0 0 1 0 -1
ciMethod com/sun/javafx/sg/prism/NGNode renderOpacity (Lcom/sun/prism/Graphics;)V 0 0 3005 0 0
ciMethod com/sun/javafx/sg/prism/NGNode renderCached (Lcom/sun/prism/Graphics;)V 0 0 1 0 -1
ciMethod com/sun/javafx/sg/prism/NGNode renderEffect (Lcom/sun/prism/Graphics;)V 0 0 1 0 -1
ciMethod com/sun/javafx/sg/prism/NGNode renderContent (Lcom/sun/prism/Graphics;)V 0 0 1 0 -1
ciMethod com/sun/javafx/sg/prism/NGNode hasOverlappingContents ()Z 0 0 1 0 -1
ciMethod com/sun/javafx/sg/prism/NGNode getFilterContext (Lcom/sun/prism/Graphics;)Lcom/sun/scenario/effect/FilterContext; 120 0 2993 0 0
ciMethod com/sun/javafx/sg/prism/NGImageView maxSizeWrapper (Lcom/sun/prism/ResourceFactory;)I 768 0 557 0 -1
ciMethod com/sun/javafx/sg/prism/NGImageView renderContent (Lcom/sun/prism/Graphics;)V 768 0 557 0 -1
ciMethod com/sun/javafx/sg/prism/NGImageView hasOverlappingContents ()Z 256 0 16 0 0
ciMethod com/sun/prism/Image getWidth ()I 256 0 128 0 -1
ciMethod com/sun/prism/Image getHeight ()I 256 0 128 0 -1
ciMethod com/sun/javafx/sg/prism/NGGroup getOrderedChildren ()Ljava/util/List; 530 0 13406 0 -1
ciMethod com/sun/javafx/sg/prism/NGGroup renderContent (Lcom/sun/prism/Graphics;)V 1024 1450 5254 0 -1
ciMethod com/sun/javafx/sg/prism/NGGroup needsBlending ()Z 696 0 5882 0 96
ciMethod com/sun/javafx/sg/prism/NGRegion getPlatformPaint (Ljavafx/scene/paint/Paint;)Lcom/sun/prism/paint/Paint; 512 0 4507 0 -1
ciMethod com/sun/javafx/sg/prism/NGRegion getNormalizedStrokeRadii (I)Ljavafx/scene/layout/CornerRadii; 512 0 269 0 -1
ciMethod com/sun/javafx/sg/prism/NGRegion getImageCache (Lcom/sun/prism/Graphics;)Lcom/sun/javafx/sg/prism/RegionImageCache; 0 0 1 0 -1
ciMethod com/sun/javafx/sg/prism/NGRegion hasOverlappingContents ()Z 264 0 132 0 0
ciMethod com/sun/javafx/sg/prism/NGRegion renderContent (Lcom/sun/prism/Graphics;)V 1024 0 5254 0 0
ciMethod com/sun/javafx/sg/prism/NGRegion renderAsShape (Lcom/sun/prism/Graphics;)V 112 0 3204 0 -1
ciMethod com/sun/javafx/sg/prism/NGRegion renderBackgroundShape (Lcom/sun/prism/Graphics;)V 624 624 3204 0 -1
ciMethod com/sun/javafx/sg/prism/NGRegion renderAsRectangle (Lcom/sun/prism/Graphics;)V 912 0 2050 0 0
ciMethod com/sun/javafx/sg/prism/NGRegion renderBackgroundRectangle (Lcom/sun/prism/Graphics;)V 456 0 1034 0 -1
ciMethod com/sun/javafx/sg/prism/NGRegion renderBackgroundRectangleFromCache (Lcom/sun/prism/Graphics;Lcom/sun/prism/RTTexture;Lcom/sun/javafx/geom/Rectangle;IIDDDDIIII)V 0 0 1 0 -1
ciMethod com/sun/javafx/sg/prism/NGRegion renderBackgroundRectanglesDirectly (Lcom/sun/prism/Graphics;FF)V 512 510 1034 0 -1
ciMethod com/sun/javafx/sg/prism/NGRegion renderBorderRectangle (Lcom/sun/prism/Graphics;)V 10 10 269 0 -1
ciMethod com/sun/javafx/sg/prism/NGRegion updateBackgroundInsets ()V 6 6 5 0 -1
ciMethod com/sun/javafx/sg/prism/NGRegion roundUp (D)I 776 0 6224 0 -1
ciMethod com/sun/javafx/sg/prism/NGRegion createStroke (Ljavafx/scene/layout/BorderStrokeStyle;DDZ)Lcom/sun/prism/BasicStroke; 512 0 269 0 -1
ciMethod com/sun/javafx/sg/prism/NGRegion setBorderStyle (Lcom/sun/prism/Graphics;Ljavafx/scene/layout/BorderStroke;DZ)V 52 0 269 0 -1
ciMethod com/sun/javafx/sg/prism/NGRegion createPath (FFFFFFLjavafx/scene/layout/CornerRadii;)Lcom/sun/javafx/geom/Path2D; 0 0 1 0 -1
ciMethod com/sun/javafx/sg/prism/NGRegion createPaths (FFFFLjavafx/scene/layout/CornerRadii;)[Lcom/sun/javafx/geom/Path2D; 0 0 1 0 -1
ciMethod com/sun/javafx/sg/prism/NGRegion resizeShape (FFFF)Lcom/sun/javafx/geom/Shape; 768 0 5544 0 -1
ciMethod javafx/geometry/Insets getTop ()D 264 0 132 0 -1
ciMethod javafx/geometry/Insets getRight ()D 268 0 134 0 -1
ciMethod javafx/geometry/Insets getBottom ()D 268 0 134 0 -1
ciMethod javafx/geometry/Insets getLeft ()D 268 0 134 0 -1
ciMethod javafx/scene/layout/Background getFills ()Ljava/util/List; 256 0 128 0 -1
ciMethod javafx/scene/layout/Background getImages ()Ljava/util/List; 256 0 128 0 -1
ciMethod javafx/scene/layout/Background getOutsets ()Ljavafx/geometry/Insets; 276 0 138 0 -1
ciMethod javafx/scene/layout/Background isEmpty ()Z 514 0 6981 0 0
ciMethod javafx/scene/layout/CornerRadii getTopLeftHorizontalRadius ()D 256 0 128 0 -1
ciMethod javafx/scene/layout/CornerRadii getTopLeftVerticalRadius ()D 256 0 128 0 -1
ciMethod javafx/scene/layout/CornerRadii getTopRightVerticalRadius ()D 80 0 40 0 -1
ciMethod javafx/scene/layout/CornerRadii getTopRightHorizontalRadius ()D 80 0 40 0 -1
ciMethod javafx/scene/layout/CornerRadii getBottomRightHorizontalRadius ()D 80 0 40 0 -1
ciMethod javafx/scene/layout/CornerRadii getBottomRightVerticalRadius ()D 80 0 40 0 -1
ciMethod javafx/scene/layout/CornerRadii getBottomLeftVerticalRadius ()D 80 0 40 0 -1
ciMethod javafx/scene/layout/CornerRadii getBottomLeftHorizontalRadius ()D 80 0 40 0 -1
ciMethod javafx/scene/layout/CornerRadii isUniform ()Z 256 0 128 0 -1
ciMethod javafx/scene/layout/Border getStrokes ()Ljava/util/List; 258 0 129 0 -1
ciMethod javafx/scene/layout/Border getImages ()Ljava/util/List; 256 0 128 0 -1
ciMethod javafx/scene/layout/Border isEmpty ()Z 514 0 7094 0 0
ciMethod javafx/scene/layout/BorderWidths getTop ()D 256 0 128 0 -1
ciMethod javafx/scene/layout/BorderWidths getRight ()D 256 0 128 0 -1
ciMethod javafx/scene/layout/BorderWidths getBottom ()D 256 0 128 0 -1
ciMethod javafx/scene/layout/BorderWidths getLeft ()D 256 0 128 0 -1
ciMethod javafx/scene/layout/BorderWidths isTopAsPercentage ()Z 256 0 128 0 -1
ciMethod javafx/scene/layout/BorderWidths isRightAsPercentage ()Z 256 0 128 0 -1
ciMethod javafx/scene/layout/BorderWidths isBottomAsPercentage ()Z 256 0 128 0 -1
ciMethod javafx/scene/layout/BorderWidths isLeftAsPercentage ()Z 256 0 128 0 -1
ciMethod com/sun/scenario/effect/Effect getCompatibleImage (Lcom/sun/scenario/effect/FilterContext;II)Lcom/sun/scenario/effect/Filterable; 790 0 2993 0 0
ciMethod com/sun/scenario/effect/Effect releaseCompatibleImage (Lcom/sun/scenario/effect/FilterContext;Lcom/sun/scenario/effect/Filterable;)V 792 0 2993 0 0
ciMethod com/sun/prism/paint/Paint getType ()Lcom/sun/prism/paint/Paint$Type; 260 0 130 0 0
ciMethod com/sun/javafx/geom/Rectangle <init> (Lcom/sun/javafx/geom/BaseBounds;)V 790 0 2993 0 0
ciMethod com/sun/javafx/geom/Rectangle <init> (IIII)V 512 0 1009 0 0
ciMethod com/sun/javafx/geom/Rectangle <init> (II)V 516 0 686 0 0
ciMethod com/sun/javafx/geom/Rectangle setBounds (IIII)V 624 0 2993 0 0
ciMethod com/sun/javafx/geom/Rectangle setBounds (Lcom/sun/javafx/geom/BaseBounds;)V 768 0 5507 0 320
ciMethod com/sun/javafx/geom/Rectangle intersectWith (Lcom/sun/javafx/geom/Rectangle;)V 790 0 2993 0 0
ciMethod com/sun/javafx/geom/Rectangle reshape (IIII)V 528 0 2993 0 0
ciMethod com/sun/javafx/sg/prism/NodePath getCurrentNode ()Lcom/sun/javafx/sg/prism/NGNode; 0 0 1 0 -1
ciMethod com/sun/javafx/sg/prism/NodePath hasNext ()Z 180 0 316 0 -1
ciMethod com/sun/javafx/sg/prism/NodePath next ()V 0 0 1 0 -1
ciMethod com/sun/javafx/logging/PulseLogger incrementCounter (Ljava/lang/String;)V 0 0 1 0 -1
ciMethod com/sun/javafx/UnmodifiableArrayList size ()I 260 0 130 0 0
ciMethod javafx/scene/layout/BorderStrokeStyle getType ()Ljavafx/scene/shape/StrokeType; 256 0 128 0 -1
ciMethod javafx/scene/layout/BorderStroke getTopStroke ()Ljavafx/scene/paint/Paint; 256 0 128 0 -1
ciMethod javafx/scene/layout/BorderStroke getRightStroke ()Ljavafx/scene/paint/Paint; 256 0 128 0 -1
ciMethod javafx/scene/layout/BorderStroke getBottomStroke ()Ljavafx/scene/paint/Paint; 256 0 128 0 -1
ciMethod javafx/scene/layout/BorderStroke getLeftStroke ()Ljavafx/scene/paint/Paint; 256 0 128 0 -1
ciMethod javafx/scene/layout/BorderStroke getTopStyle ()Ljavafx/scene/layout/BorderStrokeStyle; 256 0 128 0 -1
ciMethod javafx/scene/layout/BorderStroke getRightStyle ()Ljavafx/scene/layout/BorderStrokeStyle; 256 0 128 0 -1
ciMethod javafx/scene/layout/BorderStroke getBottomStyle ()Ljavafx/scene/layout/BorderStrokeStyle; 256 0 128 0 -1
ciMethod javafx/scene/layout/BorderStroke getLeftStyle ()Ljavafx/scene/layout/BorderStrokeStyle; 256 0 128 0 -1
ciMethod javafx/scene/layout/BorderStroke getWidths ()Ljavafx/scene/layout/BorderWidths; 256 0 128 0 -1
ciMethod javafx/scene/layout/BorderStroke getInsets ()Ljavafx/geometry/Insets; 256 0 128 0 -1
ciMethod javafx/scene/layout/BorderStroke isStrokeUniform ()Z 256 0 128 0 -1
ciMethodData com/sun/prism/impl/BaseGraphics getAssociatedScreen ()Lcom/sun/glass/ui/Screen; 2 2993 orig 80 0 0 0 0 0 0 0 0 0 0 0 0 167 2 0 0 0 0 0 0 0 0 0 0 0 0 0 0 0 0 0 0 0 0 0 0 0 0 0 0 0 0 0 0 0 0 0 0 0 0 0 0 0 0 0 0 0 0 0 0 0 0 0 0 0 0 0 0 0 0 0 0 0 0 0 0 0 0 0 0 data 16 0x40005 0x0 0x0 0x2a7ca06fe60 0xb75 0x0 0x0 0x0 0x0 0x0 0x0 0x0 0x0 0x9 0x1 0x0 oops 1 3 com/sun/prism/d3d/D3DContext methods 0
ciMethod com/sun/prism/image/CachingCompoundImage <init> (Lcom/sun/prism/Image;I)V 2 0 2 0 -1
ciMethodData com/sun/javafx/geom/RectBounds <init> ()V 2 3372 orig 80 0 0 0 0 0 0 0 0 0 0 0 0 251 127 0 0 0 0 0 0 0 0 0 0 0 0 0 0 0 0 0 0 0 0 0 0 0 0 0 0 0 0 0 0 0 0 0 0 0 0 0 0 0 0 0 0 0 0 0 0 0 0 0 0 0 0 0 0 0 0 0 0 0 0 0 0 0 0 0 0 data 9 0x10002 0xc2c 0x0 0x0 0x0 0x0 0x9 0x1 0x0 oops 0 methods 0
ciMethodData com/sun/javafx/geom/BaseBounds <init> ()V 2 14340 orig 80 0 0 0 0 0 0 0 0 0 0 0 0 251 127 0 0 0 0 0 0 0 0 0 0 0 0 0 0 0 0 0 0 0 0 0 0 0 0 0 0 0 0 0 0 0 0 0 0 0 0 0 0 0 0 0 0 0 0 0 0 0 0 0 0 0 0 0 0 0 0 0 0 0 0 0 0 0 0 0 0 data 7 0x10002 0x3696 0x0 0x0 0x9 0x1 0x0 oops 0 methods 0
ciMethodData com/sun/javafx/geom/RectBounds isEmpty ()Z 2 31906 orig 80 0 0 0 0 0 0 0 0 0 0 0 0 251 127 0 0 0 0 0 0 0 0 0 0 0 0 0 0 0 0 0 0 0 0 0 0 0 0 0 0 0 0 0 0 0 0 0 0 0 0 0 0 0 0 0 0 0 0 0 0 0 0 0 0 0 0 0 0 0 0 0 0 0 0 0 0 0 0 0 0 data 18 0x90007 0x1f1 0x40 0x79a7 0x150007 0x79a7 0x38 0x0 0x190003 0x1f1 0x18 0x0 0x0 0x0 0x0 0x9 0x1 0x0 oops 0 methods 0
ciMethod com/sun/prism/impl/ManagedResource getResource ()Ljava/lang/Object; 514 0 25963 0 0
ciMethod com/sun/prism/impl/ManagedResource assertLocked ()V 514 0 37161 0 96
ciMethod com/sun/prism/impl/ManagedResource lock ()Ljava/lang/Object; 768 0 5641 0 0
ciMethod com/sun/prism/impl/ManagedResource unlock ()V 1024 0 5640 0 0
ciMethod com/sun/prism/d3d/D3DRenderTarget getResourceHandle ()J 0 0 1 0 -1
ciMethod com/sun/prism/d3d/D3DRTTexture createGraphics ()Lcom/sun/prism/Graphics; 770 0 5991 0 0
ciMethod com/sun/prism/impl/BaseTexture getPhysicalHeight ()I 258 0 129 0 0
ciMethod com/sun/prism/impl/BaseTexture getContentX ()I 260 0 130 0 0
ciMethod com/sun/prism/impl/BaseTexture getContentY ()I 260 0 130 0 0
ciMethod com/sun/prism/impl/BaseTexture getContentWidth ()I 258 0 129 0 0
ciMethod com/sun/prism/impl/BaseTexture getContentHeight ()I 260 0 130 0 0
ciMethod com/sun/prism/impl/BaseTexture getWrapMode ()Lcom/sun/prism/Texture$WrapMode; 256 0 128 0 0
ciMethod com/sun/prism/impl/BaseTexture getPixelFormat ()Lcom/sun/prism/PixelFormat; 258 0 129 0 0
ciMethod com/sun/prism/impl/BaseTexture getPhysicalWidth ()I 258 0 129 0 0
ciMethod com/sun/prism/d3d/D3DTexture getNativeSourceHandle ()J 648 0 5745 0 0
ciMethod com/sun/prism/d3d/D3DTexture getContext ()Lcom/sun/prism/d3d/D3DContext; 512 0 9212 0 0
ciMethod com/sun/prism/d3d/D3DTexture update (Ljava/nio/Buffer;Lcom/sun/prism/PixelFormat;IIIIIIIZ)V 768 0 3219 0 -1
ciMethod com/sun/prism/d3d/D3DTexture update (Ljava/nio/Buffer;Lcom/sun/prism/PixelFormat;IIIIIII)V 772 0 3219 0 -1
ciMethod com/sun/prism/impl/BaseTexture getLinearFiltering ()Z 256 0 128 0 0
ciMethod com/sun/prism/impl/BaseTexture lock ()V 768 0 5626 0 96
ciMethod com/sun/prism/impl/BaseTexture assertLocked ()V 524 0 5549 0 96
ciMethod com/sun/prism/impl/BaseTexture unlock ()V 1024 0 5640 0 128
ciMethod com/sun/prism/impl/BaseTexture checkUpdateParams (Ljava/nio/Buffer;Lcom/sun/prism/PixelFormat;IIIIIII)V 770 0 3219 0 -1
ciMethod com/sun/prism/d3d/D3DResource$D3DRecord getResource ()J 256 0 128 0 0
ciMethod com/sun/prism/d3d/D3DResource$D3DRecord getContext ()Lcom/sun/prism/d3d/D3DContext; 266 0 133 0 0
ciMethod com/sun/prism/d3d/D3DGraphics <init> (Lcom/sun/prism/d3d/D3DContext;Lcom/sun/prism/RenderTarget;)V 768 0 5579 0 -1
ciMethod com/sun/prism/d3d/D3DGraphics create (Lcom/sun/prism/RenderTarget;Lcom/sun/prism/d3d/D3DContext;)Lcom/sun/prism/Graphics; 768 0 5579 0 6656
ciMethod com/sun/prism/d3d/D3DShader isValid ()Z 260 0 130 0 0
ciMethod com/sun/prism/image/Coords <init> (FFLcom/sun/prism/image/ViewPort;)V 2 0 2 0 -1
ciMethod com/sun/prism/image/Coords draw (Lcom/sun/prism/Texture;Lcom/sun/prism/Graphics;FF)V 1024 0 580 0 -1
ciMethod com/sun/prism/image/ViewPort <init> (FFFF)V 2 0 2 0 -1
ciMethod com/sun/prism/image/CompoundCoords <init> (Lcom/sun/prism/image/CompoundImage;Lcom/sun/prism/image/Coords;)V 2 8 2 0 -1
ciMethod com/sun/prism/image/CompoundCoords draw (Lcom/sun/prism/Graphics;Lcom/sun/prism/image/CompoundImage;FF)V 540 1620 290 0 -1
ciMethodData com/sun/javafx/geom/transform/AffineBase getType ()I 2 19713 orig 80 1 0 0 0 0 0 0 0 0 0 0 0 251 127 0 0 0 0 0 0 0 0 0 0 0 0 0 0 0 0 0 0 0 0 0 0 0 0 0 0 0 0 0 0 0 0 0 0 0 0 0 0 0 0 0 0 0 0 0 0 0 0 0 0 0 0 0 0 0 0 0 0 0 0 0 0 0 0 0 0 data 31 0x50007 0x38d8 0xb0 0x1328 0x90005 0x0 0x0 0x2a7ca928380 0xbc6 0x2a7ca492160 0x762 0x110007 0x0 0x58 0x1329 0x160005 0x0 0x0 0x2a7ca928380 0xbc6 0x2a7ca492160 0x763 0x0 0x0 0x0 0x0 0x0 0x0 0x9 0x1 0xffffffffffffffff oops 4 7 com/sun/javafx/geom/transform/Affine2D 9 com/sun/javafx/geom/transform/Affine3D 18 com/sun/javafx/geom/transform/Affine2D 20 com/sun/javafx/geom/transform/Affine3D methods 0
ciMethodData com/sun/javafx/geom/transform/AffineBase calculateType ()I 2 6228 orig 80 0 0 0 0 0 0 0 0 0 0 0 0 251 127 0 0 0 0 0 0 0 0 0 0 0 0 0 0 0 0 0 0 0 0 0 0 0 0 0 0 0 0 0 0 0 0 0 0 0 0 0 0 0 0 0 0 0 0 0 0 0 0 0 0 0 0 0 0 0 0 0 0 0 0 0 0 0 0 0 0 data 248 0x70007 0x0 0x38 0x1811 0xb0003 0x1811 0x18 0x190008 0x12 0x0 0xa0 0x0 0x698 0x0 0x680 0x38d 0x450 0x2f2 0x450 0x0 0x2c8 0x0 0x2c8 0x0 0xb0 0x1192 0xb0 0x480002 0x0 0x640007 0x1192 0x38 0x0 0x6c0003 0x0 0x5c8 0x750007 0x5f1 0x38 0xba1 0x790003 0xba1 0x18 0x840007 0x5f1 0x38 0xba1 0x880003 0xba1 0x18 0x8f0007 0x0 0xc8 0x1192 0x9b0007 0x0 0x40 0x1192 0xa80007 0x1192 0x38 0x0 0xb00003 0x0 0x4e0 0xc80007 0xa4f 0x38 0x743 0xd00003 0x743 0x4a8 0xd80003 0xa4f 0x490 0xe50007 0x0 0x40 0x0 0xf10007 0x0 0x38 0x0 0xf90003 0x0 0x438 0x1110007 0x0 0x38 0x0 0x1190003 0x0 0x400 0x1210003 0x0 0x3e8 0x12e0007 0x0 0x38 0x0 0x1320003 0x0 0x18 0x13d0007 0x0 0x38 0x0 0x1410003 0x0 0x18 0x1480007 0x0 0xc8 0x0 0x1550007 0x0 0x38 0x0 0x15d0003 0x0 0x320 0x1660007 0x0 0x58 0x0 0x1710007 0x0 0x38 0x0 0x1790003 0x0 0x2c8 0x1810003 0x0 0x2b0 0x18d0007 0x0 0x38 0x0 0x1950003 0x0 0x278 0x19d0003 0x0 0x260 0x1aa0007 0x0 0x38 0x67f 0x1ae0003 0x67f 0x18 0x1b90007 0x0 0x38 0x67f 0x1bd0003 0x67f 0x18 0x1c40007 0x0 0x118 0x67f 0x1c80007 0x0 0x70 0x67f 0x1d40007 0x0 0x38 0x67f 0x1db0003 0x67f 0x178 0x1e20003 0x0 0x160 0x1ee0007 0x0 0x38 0x0 0x1f60003 0x0 0x128 0x2010007 0x0 0x38 0x0 0x2090003 0x0 0xf0 0x2110003 0x0 0xd8 0x21e0007 0x0 0x90 0x0 0x2270007 0x0 0x40 0x0 0x2320007 0x0 0x38 0x0 0x23a0003 0x0 0x60 0x2420003 0x0 0x48 0x24a0003 0x0 0x30 0x2510003 0x0 0x18 0x0 0x0 0x0 0x0 0x0 0x0 0x0 0x0 0x0 0x0 0x0 0x0 0x0 0x0 0x0 0x0 0x0 0x0 0x0 0x0 0x0 0x0 0x0 0x0 0x0 0x0 0x0 0x9 0x1 0x0 oops 0 methods 0
ciMethodData com/sun/javafx/geom/RectBounds getBoundsType ()Lcom/sun/javafx/geom/BaseBounds$BoundsType; 2 3150 orig 80 0 0 0 0 0 0 0 0 0 0 0 0 251 127 0 0 0 0 0 0 0 0 0 0 0 0 0 0 0 0 0 0 0 0 0 0 0 0 0 0 0 0 0 0 0 0 0 0 0 0 0 0 0 0 0 0 0 0 0 0 0 0 0 0 0 0 0 0 0 0 0 0 0 0 0 0 0 0 0 0 data 5 0x0 0x0 0x9 0x1 0x0 oops 0 methods 0
ciMethodData com/sun/javafx/geom/RectBounds deriveWithNewBounds (Lcom/sun/javafx/geom/BaseBounds;)Lcom/sun/javafx/geom/BaseBounds; 2 6470 orig 80 1 0 0 0 0 0 0 0 0 0 0 0 251 127 0 0 0 0 0 0 0 0 0 0 0 0 0 0 0 0 0 0 0 0 0 0 0 0 0 1 0 0 0 0 0 0 0 0 0 0 0 0 0 0 0 0 0 0 0 0 0 0 0 0 0 0 0 0 0 0 0 0 0 0 0 0 0 0 0 0 data 99 0x10005 0x0 0x0 0x2a7c99e2520 0x1847 0x0 0x0 0x8000000600040007 0x1840 0x58 0x8 0x80005 0x8 0x0 0x0 0x0 0x0 0x0 0xd0005 0x0 0x0 0x2a7c99e2520 0x1840 0x0 0x0 0x130007 0x0 0x150 0x183f 0x170004 0x0 0x0 0x2a7c99e2520 0x183f 0x0 0x0 0x1d0005 0x183f 0x0 0x0 0x0 0x0 0x0 0x250005 0x183f 0x0 0x0 0x0 0x0 0x0 0x2d0005 0x183f 0x0 0x0 0x0 0x0 0x0 0x350005 0x183f 0x0 0x0 0x0 0x0 0x0 0x3b0003 0x183f 0xc8 0x3f0005 0x0 0x0 0x0 0x0 0x0 0x0 0x450007 0x0 0x68 0x0 0x4d0004 0x0 0x0 0x0 0x0 0x0 0x0 0x500002 0x0 0x5a0002 0x0 0x0 0x0 0x0 0x0 0x0 0x0 0x9 0x2 0xe 0xffffffffffffffff oops 3 3 com/sun/javafx/geom/RectBounds 21 com/sun/javafx/geom/RectBounds 32 com/sun/javafx/geom/RectBounds methods 0
ciMethodData com/sun/javafx/geom/RectBounds makeEmpty ()Lcom/sun/javafx/geom/RectBounds; 2 5916 orig 80 0 0 0 0 0 0 0 0 0 0 0 0 167 2 0 0 0 0 0 0 0 0 0 0 0 0 0 0 0 0 0 0 0 0 0 0 0 0 0 0 0 0 0 0 0 0 0 0 0 0 0 0 0 0 0 0 0 0 0 0 0 0 0 0 0 0 0 0 0 0 0 0 0 0 0 0 0 0 0 0 data 7 0x0 0x0 0x0 0x0 0x9 0x1 0xe oops 0 methods 0
ciMethodData com/sun/javafx/geom/transform/BaseTransform almostZero (D)Z 2 44005 orig 80 0 0 0 0 0 0 0 0 0 0 0 0 251 127 0 0 0 0 0 0 0 0 0 0 0 0 0 0 0 0 0 0 0 0 0 0 0 0 0 0 0 0 0 0 0 0 0 0 0 0 0 0 0 0 0 0 0 0 0 0 0 0 0 0 0 0 0 0 0 0 0 0 0 0 0 0 0 0 0 0 data 18 0x50007 0x0 0x58 0xaad4 0xd0007 0x0 0x38 0xaad4 0x110003 0xaad4 0x18 0x0 0x0 0x0 0x9 0x2 0x0 0x0 oops 0 methods 0
ciMethodData com/sun/javafx/geom/transform/AffineBase updateState2D ()V 2 10524 orig 80 1 0 0 0 0 0 0 0 0 0 0 0 251 127 0 0 0 0 0 0 0 0 0 0 0 0 0 0 0 0 0 0 0 0 0 0 0 0 0 2 0 0 0 0 0 0 0 0 0 0 0 0 0 0 0 0 0 0 0 0 0 0 0 0 0 0 0 0 0 0 0 0 0 0 0 0 0 0 0 0 data 95 0x60007 0x1346 0x160 0x14c9 0xf0007 0x0 0x140 0x14c9 0x180007 0x94f 0xb0 0xb7a 0x210007 0x0 0x90 0xb7a 0x2a0007 0x47 0x58 0xb33 0x330007 0x0 0x38 0xb33 0x400003 0xb33 0x1a8 0x4d0003 0x47 0x190 0x560007 0x3c0 0x58 0x58f 0x80000006005f0007 0xeb 0x38 0x4a6 0x670003 0x4a6 0x18 0x740003 0x951 0x120 0x7d0007 0x1346 0xb0 0x0 0x860007 0x0 0x90 0x0 0x8f0007 0x0 0x58 0x0 0x980007 0x0 0x38 0x0 0xa00003 0x0 0x88 0xa80003 0x0 0x70 0xb10007 0x1346 0x58 0x0 0xba0007 0x0 0x38 0x0 0xc30003 0x0 0x18 0x0 0x0 0x0 0x0 0x0 0x0 0x0 0x0 0x0 0x0 0x0 0x0 0x0 0x0 0x0 0x9 0x1 0x0 oops 0 methods 0
ciMethodData com/sun/javafx/geom/transform/AffineBase isTranslateOrIdentity ()Z 2 16069 orig 80 0 0 0 0 0 0 0 0 0 0 0 0 251 127 0 0 0 0 0 0 0 0 0 0 0 0 0 0 0 0 0 0 0 0 0 0 0 0 0 0 0 0 0 0 0 0 0 0 0 0 0 0 0 0 0 0 0 0 0 0 0 0 0 0 0 0 0 0 0 0 0 0 0 0 0 0 0 0 0 0 data 27 0x50007 0x3d8 0x78 0x39e5 0x90005 0x0 0x0 0x2a7ca492160 0x20eb 0x2a7ca928380 0x18fa 0xd0007 0x39e5 0x38 0x0 0x110003 0x3d8 0x18 0x0 0x0 0x0 0x0 0x0 0x0 0x9 0x1 0x0 oops 2 7 com/sun/javafx/geom/transform/Affine3D 9 com/sun/javafx/geom/transform/Affine2D methods 0
ciMethodData com/sun/prism/impl/BaseContext checkDisposed ()Z 2 57363 orig 80 0 0 0 0 0 0 0 0 0 0 0 0 251 127 0 0 0 0 0 0 0 0 0 0 0 0 0 0 0 0 0 0 0 0 0 0 0 0 0 0 0 0 0 0 0 0 0 0 0 0 0 0 0 0 0 0 0 0 0 0 0 0 0 0 0 0 0 0 0 0 0 0 0 0 0 0 0 0 0 0 data 40 0x30007 0xde8b 0xc0 0x0 0x70005 0x0 0x0 0x0 0x0 0x0 0x0 0xa0007 0x0 0x68 0x0 0x140002 0x0 0x1a0005 0x0 0x0 0x0 0x0 0x0 0x0 0x1e0005 0xde8b 0x0 0x0 0x0 0x0 0x0 0x0 0x0 0x0 0x0 0x0 0x0 0x9 0x1 0x0 oops 0 methods 0
ciMethodData com/sun/prism/impl/ManagedResource assertLocked ()V 2 37161 orig 80 0 0 0 0 0 0 0 0 0 0 0 0 251 127 0 0 0 0 0 0 0 0 0 0 0 0 0 0 0 0 0 0 0 0 0 0 0 0 0 0 0 0 0 0 0 0 0 0 0 0 0 0 0 0 0 0 0 0 0 0 0 0 0 0 0 0 0 0 0 0 0 0 0 0 0 0 0 0 0 0 data 13 0x40007 0x9028 0x30 0x0 0xd0002 0x0 0x0 0x0 0x0 0x0 0x9 0x1 0x0 oops 0 methods 0
ciMethodData com/sun/javafx/geom/transform/AffineBase updateState ()V 2 11362 orig 80 0 0 0 0 0 0 0 0 0 0 0 0 251 127 0 0 0 0 0 0 0 0 0 0 0 0 0 0 0 0 0 0 0 0 0 0 0 0 0 0 0 0 0 0 0 0 0 0 0 0 0 0 0 0 0 0 0 0 0 0 0 0 0 0 0 0 0 0 0 0 0 0 0 0 0 0 0 0 0 0 data 16 0x10005 0x0 0x0 0x2a7ca928380 0xa0d 0x2a7ca492160 0x20d4 0x0 0x0 0x0 0x0 0x0 0x0 0x9 0x1 0x0 oops 2 3 com/sun/javafx/geom/transform/Affine2D 5 com/sun/javafx/geom/transform/Affine3D methods 0
ciMethodData com/sun/prism/d3d/D3DContext validate (I)V 2 5523 orig 80 0 0 0 0 0 0 0 0 0 0 0 0 251 127 0 0 0 0 0 0 0 0 0 0 0 0 0 0 0 0 0 0 0 0 0 0 0 0 0 0 0 0 0 0 0 0 0 0 0 0 0 0 0 0 0 0 0 0 0 0 0 0 0 0 0 0 0 0 0 0 0 0 0 0 0 0 0 0 0 0 data 43 0x30007 0x140c 0x110 0x0 0x70002 0x0 0xa0007 0x0 0xe0 0x0 0x120002 0x0 0x15000a 0x0 0x3 0x0 0x0 0x0 0x1a0005 0x0 0x0 0x0 0x0 0x0 0x0 0x230002 0x0 0x290005 0x0 0x0 0x0 0x0 0x0 0x0 0x0 0x0 0x0 0x0 0x0 0x0 0x9 0x1 0x0 oops 0 methods 0
ciMethodData com/sun/javafx/geom/transform/AffineBase isIdentity ()Z 2 5522 orig 80 0 0 0 0 0 0 0 0 0 0 0 0 251 127 0 0 0 0 0 0 0 0 0 0 0 0 0 0 0 0 0 0 0 0 0 0 0 0 0 0 0 0 0 0 0 0 0 0 0 0 0 0 0 0 0 0 0 0 0 0 0 0 0 0 0 0 0 0 0 0 0 0 0 0 0 0 0 0 0 0 data 27 0x40007 0x292 0x78 0x117b 0x80005 0x0 0x0 0x2a7ca492160 0x80f 0x2a7ca928380 0x96c 0xb0007 0x117b 0x38 0x0 0xf0003 0x292 0x18 0x0 0x0 0x0 0x0 0x0 0x0 0x9 0x1 0xffffffffffffffff oops 2 7 com/sun/javafx/geom/transform/Affine3D 9 com/sun/javafx/geom/transform/Affine2D methods 0
ciMethodData com/sun/javafx/geom/transform/Affine3D updateState ()V 2 8619 orig 80 0 0 0 0 0 0 0 0 0 0 0 0 251 127 0 0 0 0 0 0 0 0 0 0 0 0 0 0 0 0 0 0 0 0 0 0 0 0 0 0 0 0 0 0 0 0 0 0 0 0 0 0 0 0 0 0 0 0 0 0 0 0 0 0 0 0 0 0 0 0 0 0 0 0 0 0 0 0 0 0 data 51 0x10002 0x2029 0x80002 0x202a 0xb0007 0x0 0x110 0x202a 0x120002 0x202a 0x150007 0x0 0xe0 0x202a 0x1c0002 0x202a 0x1f0007 0x0 0xb0 0x202a 0x260002 0x202a 0x290007 0x0 0x80 0x202a 0x300002 0x202a 0x330007 0x0 0x50 0x202a 0x3a0002 0x202a 0x3d0007 0x202a 0x40 0x0 0x500007 0x0 0x20 0x0 0x0 0x0 0x0 0x0 0x0 0x0 0x9 0x1 0x0 oops 0 methods 0
ciMethodData com/sun/javafx/geom/transform/Affine3D almostOne (D)Z 2 8620 orig 80 0 0 0 0 0 0 0 0 0 0 0 0 167 2 0 0 0 0 0 0 0 0 0 0 0 0 0 0 0 0 0 0 0 0 0 0 0 0 0 0 0 0 0 0 0 0 0 0 0 0 0 0 0 0 0 0 0 0 0 0 0 0 0 0 0 0 0 0 0 0 0 0 0 0 0 0 0 0 0 0 data 18 0x50007 0x0 0x58 0x2024 0xd0007 0x0 0x38 0x2024 0x110003 0x2024 0x18 0x0 0x0 0x0 0x9 0x2 0x0 0x0 oops 0 methods 0
ciMethodData com/sun/javafx/geom/transform/Affine3D concatenate (Lcom/sun/javafx/geom/transform/BaseTransform;)V 2 5385 orig 80 0 0 0 0 0 0 0 0 0 0 0 0 167 2 0 0 0 0 0 0 0 0 0 0 0 0 0 0 0 0 0 0 0 0 0 0 0 0 0 0 0 0 0 0 0 0 0 0 0 0 0 0 0 0 0 0 0 0 0 0 0 0 0 0 0 0 0 0 0 0 0 0 0 0 0 0 0 0 0 0 data 226 0x40005 0xab3 0x0 0x2a7fd868080 0x5ab 0x2a7c96a3a80 0x3ad 0x70005 0x140b 0x0 0x0 0x0 0x0 0x0 0xb0008 0xc 0x0 0x298 0x5ab 0x70 0x3ad 0x70 0x0 0x118 0x46e 0x1f8 0x645 0x268 0x2f0005 0x0 0x0 0x2a7c96a3a80 0x3ad 0x0 0x0 0x330005 0x0 0x0 0x2a7c96a3a80 0x3ad 0x0 0x0 0x360005 0x0 0x0 0x2a7ca492160 0x3ad 0x0 0x0 0x3c0005 0x0 0x0 0x0 0x0 0x0 0x0 0x400005 0x0 0x0 0x0 0x0 0x0 0x0 0x440005 0x0 0x0 0x0 0x0 0x0 0x0 0x470005 0x0 0x0 0x0 0x0 0x0 0x0 0x4c0005 0x0 0x0 0x2a7ca492160 0x46e 0x0 0x0 0x4f0007 0x46e 0x38 0x0 0x520003 0x0 0x48 0x5c0007 0x0 0x30 0xab3 0x610002 0xab3 0x660005 0x0 0x0 0x0 0x0 0x0 0x0 0x6b0005 0x0 0x0 0x0 0x0 0x0 0x0 0x710005 0x0 0x0 0x0 0x0 0x0 0x0 0x770005 0x0 0x0 0x0 0x0 0x0 0x0 0x7d0005 0x0 0x0 0x0 0x0 0x0 0x0 0x830005 0x0 0x0 0x0 0x0 0x0 0x0 0x890005 0x0 0x0 0x0 0x0 0x0 0x0 0x8f0005 0x0 0x0 0x0 0x0 0x0 0x0 0x950005 0x0 0x0 0x0 0x0 0x0 0x0 0x9b0005 0x0 0x0 0x0 0x0 0x0 0x0 0xa10005 0x0 0x0 0x0 0x0 0x0 0x0 0xa70005 0x0 0x0 0x0 0x0 0x0 0x0 0x22d0005 0x0 0x0 0x0 0x0 0x0 0x0 0x0 0x0 0x0 0x0 0x0 0x0 0x0 0x0 0x0 0x0 0x0 0x0 0x0 0x0 0x0 0x0 0x0 0x0 0x0 0x0 0x0 0x0 0x0 0x0 0x0 0x0 0x0 0x0 0x0 0x0 0x0 0x0 0x0 0x0 0x9 0x2 0x0 0x0 oops 6 3 com/sun/javafx/geom/transform/Identity 5 com/sun/javafx/geom/transform/Translate2D 31 com/sun/javafx/geom/transform/Translate2D 38 com/sun/javafx/geom/transform/Translate2D 45 com/sun/javafx/geom/transform/Affine3D 80 com/sun/javafx/geom/transform/Affine3D methods 0
ciMethodData com/sun/prism/impl/BaseContext flushVertexBuffer ()V 2 15135 orig 80 0 0 0 0 0 0 0 0 0 0 0 0 251 127 0 0 0 0 0 0 0 0 0 0 0 0 0 0 0 0 0 0 0 0 0 0 0 0 0 0 0 0 0 0 0 0 0 0 0 0 0 0 0 0 0 0 0 0 0 0 0 0 0 0 0 0 0 0 0 0 0 0 0 0 0 0 0 0 0 0 data 27 0x10005 0x0 0x0 0x2a7ca06fe60 0x399b 0x0 0x0 0x40007 0x399b 0x20 0x0 0xc0005 0x399b 0x0 0x0 0x0 0x0 0x0 0x0 0x0 0x0 0x0 0x0 0x0 0x9 0x1 0x0 oops 1 3 com/sun/prism/d3d/D3DContext methods 0
ciMethodData com/sun/prism/impl/VertexBuffer flush ()V 2 5882 orig 80 0 0 0 0 0 0 0 0 0 0 0 0 167 2 0 0 0 0 0 0 0 0 0 0 0 0 0 0 0 0 0 0 0 0 0 0 0 0 0 0 0 0 0 0 0 0 0 0 0 0 0 0 0 0 0 0 0 0 0 0 0 0 0 0 0 0 0 0 0 0 0 0 0 0 0 0 0 0 0 0 data 20 0x40007 0xf7a 0x58 0x5f8 0x170005 0x0 0x0 0x2a7ca06fe60 0x5f8 0x0 0x0 0x0 0x0 0x0 0x0 0x0 0x0 0x9 0x1 0x0 oops 1 7 com/sun/prism/d3d/D3DContext methods 0
ciMethodData com/sun/prism/impl/BaseContext drawQuads ([F[BI)V 2 1615 orig 80 0 0 0 0 0 0 0 0 0 0 0 0 251 127 0 0 0 0 0 0 0 0 0 0 0 0 0 0 0 0 0 0 0 0 0 0 0 0 0 0 0 0 0 0 0 0 0 0 0 0 0 0 0 0 0 0 0 0 0 0 0 0 0 0 0 0 0 0 0 0 0 0 0 0 0 0 0 0 0 0 data 26 0x10005 0x5f7 0x0 0x0 0x0 0x0 0x0 0x80005 0x0 0x0 0x2a7ca06fe60 0x5f7 0x0 0x0 0x0 0x0 0x0 0x0 0x0 0x0 0x9 0x4 0x0 0x0 0x0 0x0 oops 1 10 com/sun/prism/d3d/D3DContext methods 0
ciMethodData com/sun/prism/impl/BaseContext flushMask ()V 2 1615 orig 80 0 0 0 0 0 0 0 0 0 0 0 0 167 2 0 0 0 0 0 0 0 0 0 0 0 0 0 0 0 0 0 0 0 0 0 0 0 0 0 0 0 0 0 0 0 0 0 0 0 0 0 0 0 0 0 0 0 0 0 0 0 0 0 0 0 0 0 0 0 0 0 0 0 0 0 0 0 0 0 0 data 54 0x40007 0x0 0x40 0x5f7 0xb0007 0x53d 0x138 0xba 0x120005 0x0 0x0 0x2a7c9740770 0xba 0x0 0x0 0x230005 0x0 0x0 0x2a7c9740770 0xba 0x0 0x0 0x380005 0x0 0x0 0x2a7c9740770 0xba 0x0 0x0 0x3e0005 0x0 0x0 0x2a7c9740770 0xba 0x0 0x0 0x470005 0x0 0x0 0x2a7c9740770 0xba 0x0 0x0 0x0 0x0 0x0 0x0 0x0 0x0 0x0 0x0 0x9 0x1 0x0 oops 5 11 com/sun/prism/d3d/D3DTexture 18 com/sun/prism/d3d/D3DTexture 25 com/sun/prism/d3d/D3DTexture 32 com/sun/prism/d3d/D3DTexture 39 com/sun/prism/d3d/D3DTexture methods 0
ciMethodData com/sun/prism/d3d/D3DContext renderQuads ([F[BI)V 2 1615 orig 80 0 0 0 0 0 0 0 0 0 0 0 0 167 2 0 0 0 0 0 0 0 0 0 0 0 0 0 0 0 0 0 0 0 0 0 0 0 0 0 0 0 0 0 0 0 0 0 0 0 0 0 0 0 0 0 0 0 0 0 0 0 0 0 0 0 0 0 0 0 0 0 0 0 0 0 0 0 0 0 0 data 16 0x70002 0x5f7 0xe0002 0x5f7 0x0 0x0 0x0 0x0 0x0 0x0 0x9 0x4 0x0 0x0 0x0 0x0 oops 0 methods 0
ciMethodData com/sun/prism/impl/ManagedResource getResource ()Ljava/lang/Object; 2 25963 orig 80 0 0 0 0 0 0 0 0 0 0 0 0 251 127 0 0 0 0 0 0 0 0 0 0 0 0 0 0 0 0 0 0 0 0 0 0 0 0 0 0 0 0 0 0 0 0 0 0 0 0 0 0 0 0 0 0 0 0 0 0 0 0 0 0 0 0 0 0 0 0 0 0 0 0 0 0 0 0 0 0 data 16 0x10005 0x646a 0x0 0x0 0x0 0x0 0x0 0x0 0x0 0x0 0x0 0x0 0x0 0x9 0x1 0x0 oops 0 methods 0
ciMethodData com/sun/prism/impl/BaseTexture assertLocked ()V 2 5549 orig 80 0 0 0 0 0 0 0 0 0 0 0 0 251 127 0 0 0 0 0 0 0 0 0 0 0 0 0 0 0 0 0 0 0 0 0 0 0 0 0 0 0 0 0 0 0 0 0 0 0 0 0 0 0 0 0 0 0 0 0 0 0 0 0 0 0 0 0 0 0 0 0 0 0 0 0 0 0 0 0 0 data 16 0x40005 0x14a7 0x0 0x0 0x0 0x0 0x0 0x0 0x0 0x0 0x0 0x0 0x0 0x9 0x1 0x0 oops 0 methods 0
ciMethodData com/sun/javafx/geom/transform/Affine3D translate (DD)V 2 4452 orig 80 0 0 0 0 0 0 0 0 0 0 0 0 167 2 0 0 0 0 0 0 0 0 0 0 0 0 0 0 0 0 0 0 0 0 0 0 0 0 0 0 0 0 0 0 0 0 0 0 0 0 0 0 0 0 0 0 0 0 0 0 0 0 0 0 0 0 0 0 0 0 0 0 0 0 0 0 0 0 0 0 data 29 0x70007 0x0 0x48 0x110b 0xd0002 0x110b 0x100003 0x110b 0x50 0x170005 0x0 0x0 0x0 0x0 0x0 0x0 0x0 0x0 0x0 0x0 0x0 0x0 0x9 0x5 0x0 0x0 0x0 0x0 0x0 oops 0 methods 0
ciMethodData com/sun/prism/impl/BaseGraphics validateTransformAndPaint ()V 2 5517 orig 80 0 0 0 0 0 0 0 0 0 0 0 0 251 127 0 0 0 0 0 0 0 0 0 0 0 0 0 0 0 0 0 0 0 0 0 0 0 0 0 0 0 0 0 0 0 0 0 0 0 0 0 0 0 0 0 0 0 0 0 0 0 0 0 0 0 0 0 0 0 0 0 0 0 0 0 0 0 0 0 0 data 48 0x40005 0x0 0x0 0x2a7ca492160 0x148d 0x0 0x0 0x70007 0x10b5 0x100 0x3d8 0xe0005 0x3d8 0x0 0x0 0x0 0x0 0x0 0x140007 0x29 0xa8 0x3af 0x210005 0x0 0x0 0x2a7ca492160 0x3af 0x0 0x0 0x2d0005 0x0 0x0 0x2a7ca492160 0x3af 0x0 0x0 0x340003 0x3af 0x18 0x0 0x0 0x0 0x0 0x0 0x0 0x9 0x1 0x2c oops 3 3 com/sun/javafx/geom/transform/Affine3D 25 com/sun/javafx/geom/transform/Affine3D 32 com/sun/javafx/geom/transform/Affine3D methods 0
ciMethodData com/sun/javafx/geom/transform/AffineBase translate (DD)V 2 5409 orig 80 1 0 0 0 0 0 0 0 0 0 0 0 251 127 0 0 0 0 0 0 0 0 0 0 0 0 0 0 0 0 0 0 0 0 0 0 0 0 0 1 0 0 0 0 0 0 0 0 0 0 0 0 0 0 0 0 0 0 0 0 0 0 0 0 0 0 0 0 0 0 0 0 0 0 0 0 0 0 0 0 data 153 0x40008 0x12 0x0 0xa0 0xc8b 0x2d0 0x11a 0x290 0x201 0x250 0x313 0x1f0 0x0 0x1b0 0x0 0x150 0x0 0x110 0x167 0xb0 0x340002 0x0 0x690007 0x167 0x60 0x0 0x720007 0x0 0x40 0x0 0x800007 0x0 0x20 0x0 0xb70007 0x0 0x40 0x0 0xc00007 0x0 0x20 0x0 0xf80007 0x0 0x60 0x0 0x1010007 0x0 0x40 0x0 0x10e0007 0x0 0x20 0x0 0x1370007 0x0 0x40 0x0 0x1400007 0x0 0x20 0x0 0x1770007 0x313 0x60 0x0 0x1800007 0x0 0x40 0x0 0x18d0007 0x0 0x20 0x0 0x8000000601b60007 0x200 0x40 0x2 0x1bf0007 0x0 0x20 0x2 0x1ec0007 0x11a 0x40 0x0 0x1f50007 0x0 0x20 0x0 0x2100007 0xc8b 0x40 0x0 0x2160007 0x0 0x20 0x0 0x0 0x0 0x0 0x0 0x0 0x0 0x0 0x0 0x0 0x0 0x0 0x0 0x0 0x0 0x0 0x0 0x0 0x0 0x0 0x0 0x0 0x0 0x0 0x0 0x0 0x0 0x0 0x0 0x0 0x0 0x0 0x0 0x0 0x0 0x0 0x0 0x0 0x0 0x0 0x0 0x0 0x0 0x0 0x0 0x0 0x0 0x0 0x0 0x9 0x5 0x0 0x0 0x0 0x0 0x0 oops 0 methods 0
ciMethodData javafx/scene/layout/Background isEmpty ()Z 2 6981 orig 80 0 0 0 0 0 0 0 0 0 0 0 0 251 127 0 0 0 0 0 0 0 0 0 0 0 0 0 0 0 0 0 0 0 0 0 0 0 0 0 0 0 0 0 0 0 0 0 0 0 0 0 0 0 0 0 0 0 0 0 0 0 0 0 0 0 0 0 0 0 0 0 0 0 0 0 0 0 0 0 0 data 34 0x40005 0x0 0x0 0x2a7caa04550 0x778 0x2a7caa04600 0x12cc 0x90007 0x12cc 0x90 0x778 0x100005 0x0 0x0 0x2a7caa04550 0x778 0x0 0x0 0x150007 0x0 0x38 0x778 0x190003 0x778 0x18 0x0 0x0 0x0 0x0 0x0 0x0 0x9 0x1 0x0 oops 3 3 java/util/Collections$EmptyList 5 com/sun/javafx/UnmodifiableArrayList 14 java/util/Collections$EmptyList methods 0
ciMethodData javafx/scene/layout/Border isEmpty ()Z 2 7094 orig 80 0 0 0 0 0 0 0 0 0 0 0 0 251 127 0 0 0 0 0 0 0 0 0 0 0 0 0 0 0 0 0 0 0 0 0 0 0 0 0 0 0 0 0 0 0 0 0 0 0 0 0 0 0 0 0 0 0 0 0 0 0 0 0 0 0 0 0 0 0 0 0 0 0 0 0 0 0 0 0 0 data 34 0x40005 0x0 0x0 0x2a7caa04550 0x1931 0x2a7caa04600 0x184 0x90007 0x184 0x90 0x1931 0x100005 0x0 0x0 0x2a7caa04550 0x1931 0x0 0x0 0x150007 0x0 0x38 0x1931 0x190003 0x1931 0x18 0x0 0x0 0x0 0x0 0x0 0x0 0x9 0x1 0x0 oops 3 3 java/util/Collections$EmptyList 5 com/sun/javafx/UnmodifiableArrayList 14 java/util/Collections$EmptyList methods 0
ciMethodData com/sun/prism/impl/ps/BaseShaderContext setTexture (ILcom/sun/prism/Texture;)V 2 5540 orig 80 0 0 0 0 0 0 0 0 0 0 0 0 251 127 0 0 0 0 0 0 0 0 0 0 0 0 0 0 0 0 0 0 0 0 0 0 0 0 0 0 0 0 0 0 0 0 0 0 0 0 0 0 0 0 0 0 0 0 0 0 0 0 0 0 0 0 0 0 0 0 0 0 0 0 0 0 0 0 0 0 data 58 0x10005 0x0 0x0 0x2a7ca06fe60 0x1424 0x0 0x0 0x40007 0x1424 0x20 0x0 0x90007 0xac9 0x58 0x95b 0xd0005 0x0 0x0 0x2a7c9740770 0x5ad 0x2a7c973e2e0 0x3ae 0x1c0007 0xa8c 0xc8 0x998 0x200005 0x0 0x0 0x2a7ca06fe60 0x998 0x0 0x0 0x260005 0x0 0x0 0x2a7ca06fe60 0x998 0x0 0x0 0x320104 0x0 0x0 0x2a7c9740770 0x570 0x2a7c973e2e0 0x3ae 0x0 0x0 0x0 0x0 0x0 0x0 0x9 0x3 0x0 0x0 0x0 oops 7 3 com/sun/prism/d3d/D3DContext 18 com/sun/prism/d3d/D3DTexture 20 com/sun/prism/d3d/D3DRTTexture 29 com/sun/prism/d3d/D3DContext 36 com/sun/prism/d3d/D3DContext 43 com/sun/prism/d3d/D3DTexture 45 com/sun/prism/d3d/D3DRTTexture methods 0
ciMethodData com/sun/prism/d3d/D3DContext updateTexture (ILcom/sun/prism/Texture;)V 2 2648 orig 80 0 0 0 0 0 0 0 0 0 0 0 0 251 127 0 0 0 0 0 0 0 0 0 0 0 0 0 0 0 0 0 0 0 0 0 0 0 0 0 0 0 0 0 0 0 0 0 0 0 0 0 0 0 0 0 0 0 0 0 0 0 0 0 0 0 0 0 0 0 0 0 0 0 0 0 0 0 0 0 0 data 104 0x10007 0x7a 0x2c8 0x91e 0x50004 0x0 0x0 0x2a7c9740770 0x570 0x2a7c973e2e0 0x3ae 0xc0005 0x0 0x0 0x2a7c9740770 0x570 0x2a7c973e2e0 0x3ae 0x110005 0x0 0x0 0x2a7c9740770 0x570 0x2a7c973e2e0 0x3ae 0x1c0005 0x0 0x0 0x2a7c9740770 0x570 0x2a7c973e2e0 0x3ae 0x210005 0x91e 0x0 0x0 0x0 0x0 0x0 0x250008 0x10 0x0 0xf0 0x376 0x90 0x2db 0xa8 0x0 0xa8 0x0 0xa8 0x2cd 0xc0 0x0 0xd8 0x0 0xd8 0x530003 0x376 0xe8 0x590003 0x2db 0xd0 0x5f0003 0x2cd 0xb8 0x650003 0x0 0xa0 0x6d0005 0x0 0x0 0x0 0x0 0x0 0x0 0x720002 0x0 0x75000a 0x0 0x3 0x0 0x0 0x2a7fd607d70 0x7a0002 0x0 0x7e0003 0x91e 0x18 0x930002 0x998 0x960002 0x998 0x0 0x0 0x0 0x0 0x0 0x0 0x9 0x3 0x0 0x0 0x0 oops 9 7 com/sun/prism/d3d/D3DTexture 9 com/sun/prism/d3d/D3DRTTexture 14 com/sun/prism/d3d/D3DTexture 16 com/sun/prism/d3d/D3DRTTexture 21 com/sun/prism/d3d/D3DTexture 23 com/sun/prism/d3d/D3DRTTexture 28 com/sun/prism/d3d/D3DTexture 30 com/sun/prism/d3d/D3DRTTexture 83 java/lang/String methods 0
ciMethodData com/sun/prism/impl/ps/BaseShaderContext checkState (Lcom/sun/prism/impl/ps/BaseShaderGraphics;ILcom/sun/javafx/geom/transform/BaseTransform;Lcom/sun/prism/ps/Shader;)V 2 5740 orig 80 0 0 0 0 0 0 0 0 0 0 0 0 251 127 0 0 0 0 0 0 0 0 0 0 0 0 0 0 0 0 0 0 0 0 0 0 0 0 0 0 0 0 0 0 0 0 0 0 0 0 0 0 0 0 0 0 0 0 0 0 0 0 0 0 0 0 0 0 0 0 0 0 0 0 0 0 0 0 0 0 data 158 0x10005 0x0 0x0 0x2a7ca06fe60 0x156c 0x0 0x0 0x40007 0x156c 0x20 0x0 0xa0005 0x0 0x0 0x2a7ca06fe60 0x156c 0x0 0x0 0x100007 0x5f0 0xb0 0xf7c 0x1c0007 0x281 0x90 0xcfb 0x200005 0x0 0x0 0x2a7ca06fe60 0xcfb 0x0 0x0 0x250005 0x0 0x0 0x2a7c9d40cd0 0xcfb 0x0 0x0 0x420007 0x5f0 0x140 0xf7c 0x4c0007 0xea1 0x78 0xdb 0x570005 0x0 0x0 0x2a7ca492160 0xdb 0x0 0x0 0x5a0007 0xdb 0xc8 0x0 0x5e0005 0x0 0x0 0x2a7ca06fe60 0xea1 0x0 0x0 0x650005 0x0 0x0 0x2a7ca06fe60 0xea1 0x0 0x0 0x700005 0x0 0x0 0x2a7ca492160 0xea1 0x0 0x0 0x7e0007 0x0 0xe8 0x156c 0x820005 0x0 0x0 0x2a7ca4920b0 0x156c 0x0 0x0 0x900007 0x12da 0x90 0x292 0x940005 0x0 0x0 0x2a7ca06fe60 0x292 0x0 0x0 0x9a0005 0x0 0x0 0x2a7ca06fe60 0x292 0x0 0x0 0xaa0007 0x5f0 0xe8 0xf7c 0xae0005 0x0 0x0 0x2a7ca4920b0 0xf7c 0x0 0x0 0xbc0007 0xd5f 0x90 0x21d 0xc00005 0x0 0x0 0x2a7ca06fe60 0x21d 0x0 0x0 0xc60005 0x0 0x0 0x2a7ca06fe60 0x21d 0x0 0x0 0x0 0x0 0x0 0x0 0x0 0x0 0x0 0x0 0x0 0x0 0x0 0x0 0x0 0x9 0x5 0x0 0x0 0x0 0x0 0x0 oops 14 3 com/sun/prism/d3d/D3DContext 14 com/sun/prism/d3d/D3DContext 29 com/sun/prism/d3d/D3DContext 36 com/sun/prism/d3d/D3DShader 51 com/sun/javafx/geom/transform/Affine3D 62 com/sun/prism/d3d/D3DContext 69 com/sun/prism/d3d/D3DContext 76 com/sun/javafx/geom/transform/Affine3D 87 com/sun/prism/d3d/D3DGraphics 98 com/sun/prism/d3d/D3DContext 105 com/sun/prism/d3d/D3DContext 116 com/sun/prism/d3d/D3DGraphics 127 com/sun/prism/d3d/D3DContext 134 com/sun/prism/d3d/D3DContext methods 0
ciMethodData com/sun/javafx/geom/transform/Affine3D transform (Lcom/sun/javafx/geom/BaseBounds;Lcom/sun/javafx/geom/BaseBounds;)Lcom/sun/javafx/geom/BaseBounds; 2 4395 orig 80 0 0 0 0 0 0 0 0 0 0 0 0 251 127 0 0 0 0 0 0 0 0 0 0 0 0 0 0 0 0 0 0 0 0 0 0 0 0 0 0 0 0 0 0 0 0 0 0 0 0 0 0 0 0 0 0 0 0 0 0 0 0 0 0 0 0 0 0 0 0 0 0 0 0 0 0 0 0 0 0 data 222 0x70007 0x0 0x30 0x1028 0xd0002 0x1028 0x170008 0x12 0x0 0xa0 0x0 0x5b8 0x0 0x418 0x0 0x278 0x0 0xd8 0x0 0xa0 0x0 0xa0 0x0 0xa0 0x0 0xa0 0x480002 0x0 0x500002 0x0 0x540003 0x0 0x550 0x590005 0x0 0x0 0x0 0x0 0x0 0x0 0x690005 0x0 0x0 0x0 0x0 0x0 0x0 0x790005 0x0 0x0 0x0 0x0 0x0 0x0 0x890005 0x0 0x0 0x0 0x0 0x0 0x0 0x990005 0x0 0x0 0x0 0x0 0x0 0x0 0xa90005 0x0 0x0 0x0 0x0 0x0 0x0 0xb80005 0x0 0x0 0x0 0x0 0x0 0x0 0xbc0003 0x0 0x3b0 0xc10005 0x0 0x0 0x0 0x0 0x0 0x0 0xcc0005 0x0 0x0 0x0 0x0 0x0 0x0 0xd70005 0x0 0x0 0x0 0x0 0x0 0x0 0xe20005 0x0 0x0 0x0 0x0 0x0 0x0 0xed0005 0x0 0x0 0x0 0x0 0x0 0x0 0xf80005 0x0 0x0 0x0 0x0 0x0 0x0 0x1020005 0x0 0x0 0x0 0x0 0x0 0x0 0x1060003 0x0 0x210 0x10b0005 0x0 0x0 0x0 0x0 0x0 0x0 0x1160005 0x0 0x0 0x0 0x0 0x0 0x0 0x1210005 0x0 0x0 0x0 0x0 0x0 0x0 0x12c0005 0x0 0x0 0x0 0x0 0x0 0x0 0x1370005 0x0 0x0 0x0 0x0 0x0 0x0 0x1420005 0x0 0x0 0x0 0x0 0x0 0x0 0x14c0005 0x0 0x0 0x0 0x0 0x0 0x0 0x1500003 0x0 0x70 0x1550007 0x0 0x58 0x0 0x15a0005 0x0 0x0 0x0 0x0 0x0 0x0 0x0 0x0 0x0 0x0 0x0 0x0 0x0 0x0 0x0 0x0 0x0 0x0 0x0 0x0 0x0 0x0 0x0 0x9 0x3 0x0 0x0 0x0 oops 0 methods 0
ciMethodData com/sun/prism/d3d/D3DTexture getNativeSourceHandle ()J 2 5745 orig 80 0 0 0 0 0 0 0 0 0 0 0 0 251 127 0 0 0 0 0 0 0 0 0 0 0 0 0 0 0 0 0 0 0 0 0 0 0 0 0 0 0 0 0 0 0 0 0 0 0 0 0 0 0 0 0 0 0 0 0 0 0 0 0 0 0 0 0 0 0 0 0 0 0 0 0 0 0 0 0 0 data 37 0x40004 0x0 0x0 0x2a7ca3daf20 0x152d 0x0 0x0 0x70005 0x152d 0x0 0x0 0x0 0x0 0x0 0xa0004 0x0 0x0 0x2a7ca3db150 0x152d 0x0 0x0 0xd0005 0x0 0x0 0x2a7ca3db150 0x152d 0x0 0x0 0x0 0x0 0x0 0x0 0x0 0x0 0x9 0x1 0x0 oops 3 3 com/sun/prism/d3d/D3DTextureResource 17 com/sun/prism/d3d/D3DTextureData 24 com/sun/prism/d3d/D3DTextureData methods 0
ciMethodData com/sun/javafx/sg/prism/NGGroup needsBlending ()Z 2 5882 orig 80 0 0 0 0 0 0 0 0 0 0 0 0 251 127 0 0 0 0 0 0 0 0 0 0 0 0 0 0 0 0 0 0 0 0 0 0 0 0 0 0 0 0 0 0 0 0 0 0 0 0 0 0 0 0 0 0 0 0 0 0 0 0 0 0 0 0 0 0 0 0 0 0 0 0 0 0 0 0 0 0 data 23 0x10005 0x159e 0x0 0x0 0x0 0x0 0x0 0x60007 0x159e 0x38 0x0 0xa0003 0x0 0x18 0x0 0x0 0x0 0x0 0x0 0x0 0x9 0x1 0x0 oops 0 methods 0
ciMethodData com/sun/prism/impl/ManagedResource lock ()Ljava/lang/Object; 2 5641 orig 80 0 0 0 0 0 0 0 0 0 0 0 0 251 127 0 0 0 0 0 0 0 0 0 0 0 0 0 0 0 0 0 0 0 0 0 0 0 0 0 0 0 0 0 0 0 0 0 0 0 0 0 0 0 0 0 0 0 0 0 0 0 0 0 0 0 0 0 0 0 0 0 0 0 0 0 0 0 0 0 0 data 7 0x0 0x0 0x0 0x0 0x9 0x1 0x0 oops 0 methods 0
ciMethodData com/sun/javafx/geom/transform/AffineBase is2D ()Z 2 8735 orig 80 0 0 0 0 0 0 0 0 0 0 0 0 251 127 0 0 0 0 0 0 0 0 0 0 0 0 0 0 0 0 0 0 0 0 0 0 0 0 0 0 0 0 0 0 0 0 0 0 0 0 0 0 0 0 0 0 0 0 0 0 0 0 0 0 0 0 0 0 0 0 0 0 0 0 0 0 0 0 0 0 data 27 0x60007 0x209f 0x78 0x0 0xa0005 0x0 0x0 0x0 0x0 0x0 0x0 0xf0007 0x0 0x38 0x0 0x130003 0x209f 0x18 0x0 0x0 0x0 0x0 0x0 0x0 0x9 0x1 0x0 oops 0 methods 0
ciMethodData com/sun/prism/impl/BaseGraphics isAlphaTestShader ()Z 2 8845 orig 80 0 0 0 0 0 0 0 0 0 0 0 0 251 127 0 0 0 0 0 0 0 0 0 0 0 0 0 0 0 0 0 0 0 0 0 0 0 0 0 0 0 0 0 0 0 0 0 0 0 0 0 0 0 0 0 0 0 0 0 0 0 0 0 0 0 0 0 0 0 0 0 0 0 0 0 0 0 0 0 0 data 38 0x30007 0x0 0xd0 0x210d 0x70005 0x0 0x0 0x2a7ca4920b0 0x210d 0x0 0x0 0xa0007 0xd7d 0x90 0x1390 0xe0005 0x0 0x0 0x2a7ca4920b0 0x1390 0x0 0x0 0x110007 0x1390 0x38 0x0 0x150003 0x0 0x18 0x0 0x0 0x0 0x0 0x0 0x0 0x9 0x1 0x0 oops 2 7 com/sun/prism/d3d/D3DGraphics 18 com/sun/prism/d3d/D3DGraphics methods 0
ciMethodData com/sun/javafx/geom/transform/AffineBase setToIdentity ()V 2 4065 orig 80 0 0 0 0 0 0 0 0 0 0 0 0 251 127 0 0 0 0 0 0 0 0 0 0 0 0 0 0 0 0 0 0 0 0 0 0 0 0 0 0 0 0 0 0 0 0 0 0 0 0 0 0 0 0 0 0 0 0 0 0 0 0 0 0 0 0 0 0 0 0 0 0 0 0 0 0 0 0 0 0 data 16 0x1f0005 0x0 0x0 0x2a7ca492160 0xd45 0x2a7ca928380 0x180 0x0 0x0 0x0 0x0 0x0 0x0 0x9 0x1 0x0 oops 2 3 com/sun/javafx/geom/transform/Affine3D 5 com/sun/javafx/geom/transform/Affine2D methods 0
ciMethodData com/sun/prism/impl/BaseTexture lock ()V 2 5626 orig 80 0 0 0 0 0 0 0 0 0 0 0 0 251 127 0 0 0 0 0 0 0 0 0 0 0 0 0 0 0 0 0 0 0 0 0 0 0 0 0 0 0 0 0 0 0 0 0 0 0 0 0 0 0 0 0 0 0 0 0 0 0 0 0 0 0 0 0 0 0 0 0 0 0 0 0 0 0 0 0 0 data 16 0x40005 0x147a 0x0 0x0 0x0 0x0 0x0 0x0 0x0 0x0 0x0 0x0 0x0 0x9 0x1 0x0 oops 0 methods 0
ciMethodData com/sun/prism/impl/ps/BaseShaderContext updatePerVertexColor (Lcom/sun/prism/paint/Paint;F)V 2 6677 orig 80 0 0 0 0 0 0 0 0 0 0 0 0 251 127 0 0 0 0 0 0 0 0 0 0 0 0 0 0 0 0 0 0 0 0 0 0 0 0 0 0 0 0 0 0 0 0 0 0 0 0 0 0 0 0 0 0 0 0 0 0 0 0 0 0 0 0 0 0 0 0 0 0 0 0 0 0 0 0 0 0 data 75 0x10005 0x0 0x0 0x2a7ca06fe60 0x1816 0x0 0x0 0x40007 0x1816 0x20 0x0 0x90007 0xb91 0x138 0xc85 0xd0005 0xc85 0x0 0x0 0x0 0x0 0x0 0x130007 0x118 0xe0 0xb6d 0x170005 0x0 0x0 0x2a7ca06fe60 0xb6d 0x0 0x0 0x1b0004 0x0 0x0 0x2a7c9554f60 0xb6d 0x0 0x0 0x1f0005 0xb6d 0x0 0x0 0x0 0x0 0x0 0x220003 0xb6d 0x88 0x260005 0x0 0x0 0x2a7ca06fe60 0xca9 0x0 0x0 0x2a0005 0xca9 0x0 0x0 0x0 0x0 0x0 0x0 0x0 0x0 0x0 0x0 0x0 0x9 0x3 0x0 0x0 0x0 oops 4 3 com/sun/prism/d3d/D3DContext 29 com/sun/prism/d3d/D3DContext 36 com/sun/prism/paint/Color 53 com/sun/prism/d3d/D3DContext methods 0
ciMethodData com/sun/prism/impl/VertexBuffer setPerVertexColor (F)V 2 1549 orig 80 0 0 0 0 0 0 0 0 0 0 0 0 0 0 0 0 0 0 0 0 0 0 0 0 0 0 0 0 0 0 0 0 0 0 0 0 0 0 0 0 0 0 0 0 0 0 0 0 0 0 0 0 0 0 0 0 0 0 0 0 0 0 0 0 0 0 0 0 0 0 0 0 0 0 0 0 0 0 0 0 data 8 0x0 0x0 0x0 0x0 0x9 0x2 0x0 0x0 oops 0 methods 0
ciMethodData com/sun/prism/impl/BaseTexture unlock ()V 2 5640 orig 80 0 0 0 0 0 0 0 0 0 0 0 0 251 127 0 0 0 0 0 0 0 0 0 0 0 0 0 0 0 0 0 0 0 0 0 0 0 0 0 0 0 0 0 0 0 0 0 0 0 0 0 0 0 0 0 0 0 0 0 0 0 0 0 0 0 0 0 0 0 0 0 0 0 0 0 0 0 0 0 0 data 16 0x40005 0x1409 0x0 0x0 0x0 0x0 0x0 0x0 0x0 0x0 0x0 0x0 0x0 0x9 0x1 0x0 oops 0 methods 0
ciMethodData com/sun/prism/impl/ManagedResource unlock ()V 2 5640 orig 80 0 0 0 0 0 0 0 0 0 0 0 0 0 0 0 0 0 0 0 0 0 0 0 0 0 0 0 0 0 0 0 0 0 0 0 0 0 0 0 0 0 0 0 0 0 0 0 0 0 0 0 0 0 0 0 0 0 0 0 0 0 0 0 0 0 0 0 0 0 0 0 0 0 0 0 0 0 0 0 0 data 16 0x10005 0x1409 0x0 0x0 0x0 0x0 0x0 0x0 0x0 0x0 0x0 0x0 0x0 0x9 0x1 0x0 oops 0 methods 0
ciMethodData com/sun/javafx/sg/prism/NGNode doRender (Lcom/sun/prism/Graphics;)V 2 6016 orig 80 1 0 0 0 0 0 0 0 0 0 0 0 0 0 0 0 0 0 0 0 0 0 0 2 0 0 0 0 0 0 0 0 0 0 0 0 0 0 0 0 0 0 0 0 0 0 0 0 0 0 0 0 0 0 0 0 0 0 0 0 0 0 0 0 0 0 0 0 0 0 0 0 0 0 0 0 0 0 0 0 data 466 0x20005 0x0 0x0 0x2a7ca491f50 0x1334 0x2a7ca492000 0x24d 0x50005 0x0 0x0 0x2a7ca4920b0 0x1581 0x0 0x0 0xf0007 0x0 0x128 0x1581 0x130005 0x0 0x0 0x2a7ca4920b0 0x1581 0x0 0x0 0x180007 0x106e 0xd0 0x513 0x200005 0x0 0x0 0x2a7ca4920b0 0x513 0x0 0x0 0x2c0007 0x434 0x20 0xdf 0x330007 0x356 0x58 0xde 0x380005 0x0 0x0 0x2a7ca4920b0 0xde 0x0 0x0 0x400005 0x0 0x0 0x2a7ca4920b0 0x14a2 0x0 0x0 0x480005 0x14a2 0x0 0x0 0x0 0x0 0x0 0x4b0005 0x0 0x0 0x2a7ca4920b0 0x14a2 0x0 0x0 0x510005 0x0 0x0 0x2a7ca4920b0 0x14a2 0x0 0x0 0x5a0005 0x0 0x0 0x2a7ca492160 0x14a2 0x0 0x0 0x610005 0x0 0x0 0x2a7ca492160 0x14a2 0x0 0x0 0x680005 0x0 0x0 0x2a7ca492160 0x14a2 0x0 0x0 0x6f0005 0x0 0x0 0x2a7ca492160 0x14a2 0x0 0x0 0x760005 0x0 0x0 0x2a7ca492160 0x14a2 0x0 0x0 0x7d0005 0x0 0x0 0x2a7ca492160 0x14a2 0x0 0x0 0x840005 0x0 0x0 0x2a7ca492160 0x14a2 0x0 0x0 0x8b0005 0x0 0x0 0x2a7ca492160 0x14a2 0x0 0x0 0x920005 0x0 0x0 0x2a7ca492160 0x14a2 0x0 0x0 0x990005 0x0 0x0 0x2a7ca492160 0x14a2 0x0 0x0 0xa00005 0x0 0x0 0x2a7ca492160 0x14a2 0x0 0x0 0xa70005 0x0 0x0 0x2a7ca492160 0x14a2 0x0 0x0 0xae0005 0x14a2 0x0 0x0 0x0 0x0 0x0 0xb10005 0x0 0x0 0x2a7ca4920b0 0x14a2 0x0 0x0 0xba0005 0x0 0x0 0x2a7ca491f50 0x1327 0x2a7ca492000 0x17b 0xbd0007 0x0 0x120 0x14a2 0xc10004 0x0 0x0 0x2a7ca4920b0 0x14a2 0x0 0x0 0xc40007 0x0 0xc8 0x14a2 0x700c80005 0x2 0x0 0x2a7ca491f50 0x1327 0x2a7ca492000 0x17b 0xcb0007 0x14a4 0x70 0x0 0xd00005 0x0 0x0 0x0 0x0 0x0 0x0 0xd60003 0x0 0x590 0xda0005 0x2 0x0 0x2a7ca491f50 0x1327 0x2a7ca492000 0x17b 0xdd0007 0x0 0xc8 0x14a4 0xe10005 0x14a4 0x0 0x0 0x0 0x0 0x0 0xe60007 0x8e7 0x70 0xbbd 0xeb0005 0xbbd 0x0 0x0 0x0 0x0 0x0 0xf10003 0xbc1 0x490 0xf50005 0x2 0x0 0x2a7ca491f50 0x776 0x2a7ca492000 0x16f 0xf80007 0x0 0xc8 0x8e7 0xfc0005 0x8e7 0x0 0x0 0x0 0x0 0x0 0xff0007 0x8e7 0x70 0x0 0x1040005 0x0 0x0 0x0 0x0 0x0 0x0 0x10a0003 0x0 0x390 0x10e0005 0x2 0x0 0x2a7ca491f50 0x776 0x2a7ca492000 0x16f 0x1110007 0x0 0xc8 0x8e7 0x1150005 0x8e7 0x0 0x0 0x0 0x0 0x0 0x1180007 0x8e7 0x70 0x0 0x11d0005 0x0 0x0 0x0 0x0 0x0 0x0 0x1230003 0x0 0x290 0x1270005 0x2 0x0 0x2a7ca491f50 0x776 0x2a7ca492000 0x16f 0x12a0007 0x0 0x120 0x8e7 0x12e0005 0x8e7 0x0 0x0 0x0 0x0 0x0 0x1310007 0x8e7 0xc8 0x0 0x1370005 0x0 0x0 0x0 0x0 0x0 0x0 0x13a0007 0x0 0x70 0x0 0x13f0005 0x0 0x0 0x0 0x0 0x0 0x0 0x1450003 0x0 0x138 0x14a0005 0x2 0x0 0x2a7ca491f50 0x776 0x2a7ca492000 0x16f 0x1500007 0x8e7 0xe8 0x0 0x1540004 0x0 0x0 0x0 0x0 0x0 0x0 0x1570007 0x0 0x78 0x0 0x15b0004 0x0 0x0 0x0 0x0 0x0 0x0 0x15e0007 0x0 0x38 0x0 0x1620003 0x0 0x18 0x1690007 0x13c8 0x58 0xe0 0x16e0005 0x0 0x0 0x2a7ca4920b0 0xe0 0x0 0x0 0x18c0005 0x0 0x0 0x2a7ca4920b0 0x14a8 0x0 0x0 0x1930005 0x0 0x0 0x2a7ca4920b0 0x14a8 0x0 0x0 0x19b0007 0x14a8 0x30 0x0 0x1a10002 0x0 0x1a70007 0x14a8 0xc8 0x0 0x1ac0007 0x0 0x70 0x0 0x1b60005 0x0 0x0 0x0 0x0 0x0 0x0 0x1c20003 0x0 0x50 0x1cc0005 0x0 0x0 0x0 0x0 0x0 0x0 0x0 0x0 0x0 0x0 0x0 0x0 0x0 0x0 0x0 0x0 0x0 0x9 0x2 0x0 0x0 oops 40 3 com/sun/javafx/sg/prism/NGRegion 5 com/sun/javafx/sg/prism/NGImageView 10 com/sun/prism/d3d/D3DGraphics 21 com/sun/prism/d3d/D3DGraphics 32 com/sun/prism/d3d/D3DGraphics 47 com/sun/prism/d3d/D3DGraphics 54 com/sun/prism/d3d/D3DGraphics 68 com/sun/prism/d3d/D3DGraphics 75 com/sun/prism/d3d/D3DGraphics 82 com/sun/javafx/geom/transform/Affine3D 89 com/sun/javafx/geom/transform/Affine3D 96 com/sun/javafx/geom/transform/Affine3D 103 com/sun/javafx/geom/transform/Affine3D 110 com/sun/javafx/geom/transform/Affine3D 117 com/sun/javafx/geom/transform/Affine3D 124 com/sun/javafx/geom/transform/Affine3D 131 com/sun/javafx/geom/transform/Affine3D 138 com/sun/javafx/geom/transform/Affine3D 145 com/sun/javafx/geom/transform/Affine3D 152 com/sun/javafx/geom/transform/Affine3D 159 com/sun/javafx/geom/transform/Affine3D 173 com/sun/prism/d3d/D3DGraphics 180 com/sun/javafx/sg/prism/NGRegion 182 com/sun/javafx/sg/prism/NGImageView 191 com/sun/prism/d3d/D3DGraphics 202 com/sun/javafx/sg/prism/NGRegion 204 com/sun/javafx/sg/prism/NGImageView 223 com/sun/javafx/sg/prism/NGRegion 225 com/sun/javafx/sg/prism/NGImageView 255 com/sun/javafx/sg/prism/NGRegion 257 com/sun/javafx/sg/prism/NGImageView 287 com/sun/javafx/sg/prism/NGRegion 289 com/sun/javafx/sg/prism/NGImageView 319 com/sun/javafx/sg/prism/NGRegion 321 com/sun/javafx/sg/prism/NGImageView 362 com/sun/javafx/sg/prism/NGRegion 364 com/sun/javafx/sg/prism/NGImageView 402 com/sun/prism/d3d/D3DGraphics 409 com/sun/prism/d3d/D3DGraphics 416 com/sun/prism/d3d/D3DGraphics methods 0
ciMethodData com/sun/prism/impl/BaseGraphics transform (Lcom/sun/javafx/geom/transform/BaseTransform;)V 2 8786 orig 80 0 0 0 0 0 0 0 0 0 0 0 0 167 2 0 0 0 0 0 0 0 0 0 0 0 0 0 0 0 0 0 0 0 0 0 0 0 0 0 0 0 0 0 0 0 0 0 0 0 0 0 0 0 0 0 0 0 0 0 0 0 0 0 0 0 0 0 0 0 0 0 0 0 0 0 0 0 0 0 0 data 24 0x50005 0x0 0x0 0x2a7ca492160 0x2053 0x0 0x0 0x90005 0x2053 0x0 0x0 0x0 0x0 0x0 0x0 0x0 0x0 0x0 0x0 0x0 0x9 0x2 0x0 0x0 oops 1 3 com/sun/javafx/geom/transform/Affine3D methods 0
ciMethodData com/sun/prism/impl/ps/BaseShaderGraphics drawTexture (Lcom/sun/prism/Texture;FFFFFFFF)V 2 4334 orig 80 0 0 0 0 0 0 0 0 0 0 0 0 167 2 0 0 0 0 0 0 0 0 0 0 0 0 0 0 0 0 0 0 0 0 0 0 0 0 0 0 0 0 0 0 0 0 0 0 0 0 0 0 0 0 0 0 0 0 0 0 0 0 0 0 0 0 0 0 0 0 0 0 0 0 0 0 0 0 0 0 data 48 0x10004 0xfffffffffffff111 0x0 0x2a7c9740770 0x1 0x2a7c973e2e0 0x1 0x40007 0xeef 0xa8 0x0 0x90004 0x0 0x0 0x0 0x0 0x0 0x0 0x1a0005 0x0 0x0 0x0 0x0 0x0 0x0 0x1d0003 0x0 0x28 0x300002 0xeef 0x0 0x0 0x0 0x0 0x0 0x0 0x9 0xa 0x0 0x0 0x0 0x0 0x0 0x0 0x0 0x0 0x0 0x0 oops 2 3 com/sun/prism/d3d/D3DTexture 5 com/sun/prism/d3d/D3DRTTexture methods 0
ciMethodData com/sun/prism/impl/BaseGraphics drawTexture (Lcom/sun/prism/Texture;FFFFFFFF)V 2 4334 orig 80 0 0 0 0 0 0 0 0 0 0 0 0 0 0 0 0 0 0 0 0 0 0 0 0 0 0 0 0 0 0 0 0 0 0 0 0 0 0 0 0 0 0 0 0 0 0 0 0 0 0 0 0 0 0 0 0 0 0 0 0 0 0 0 0 0 0 0 0 0 0 0 0 0 0 0 0 0 0 0 0 data 128 0x40007 0x22e 0x38 0xcc1 0xa0003 0xcc1 0x50 0xe0005 0x0 0x0 0x2a7ca4920b0 0x22e 0x0 0x0 0x140005 0x0 0x0 0x2a7c9740770 0x1f6 0x2a7c973e2e0 0xcf9 0x200007 0xeef 0x70 0x0 0x350005 0x0 0x0 0x0 0x0 0x0 0x0 0x380003 0x0 0x50 0x450005 0x0 0x0 0x2a7ca06fe60 0xeef 0x0 0x0 0x4c0007 0x22e 0x20 0xcc1 0x700005 0x0 0x0 0x2a7c9740770 0x1f6 0x2a7c973e2e0 0xcf9 0x790005 0x0 0x0 0x2a7c9740770 0x1f6 0x2a7c973e2e0 0xcf9 0x820005 0x0 0x0 0x2a7c9740770 0x1f6 0x2a7c973e2e0 0xcf9 0x8b0005 0x0 0x0 0x2a7c9740770 0x1f6 0x2a7c973e2e0 0xcf9 0xbf0005 0x0 0x0 0x2a7ca06fe60 0xeef 0x0 0x0 0xc80005 0x0 0x0 0x2a7ca06fe60 0xeef 0x0 0x0 0xcb0007 0xeef 0x70 0x0 0xdf0005 0x0 0x0 0x0 0x0 0x0 0x0 0xe20003 0x0 0x50 0xf50005 0xeef 0x0 0x0 0x0 0x0 0x0 0x0 0x0 0x0 0x0 0x0 0x0 0x0 0x9 0xa 0x0 0x0 0x0 0x0 0x0 0x0 0x0 0x0 0x0 0x0 oops 14 10 com/sun/prism/d3d/D3DGraphics 17 com/sun/prism/d3d/D3DTexture 19 com/sun/prism/d3d/D3DRTTexture 38 com/sun/prism/d3d/D3DContext 49 com/sun/prism/d3d/D3DTexture 51 com/sun/prism/d3d/D3DRTTexture 56 com/sun/prism/d3d/D3DTexture 58 com/sun/prism/d3d/D3DRTTexture 63 com/sun/prism/d3d/D3DTexture 65 com/sun/prism/d3d/D3DRTTexture 70 com/sun/prism/d3d/D3DTexture 72 com/sun/prism/d3d/D3DRTTexture 77 com/sun/prism/d3d/D3DContext 84 com/sun/prism/d3d/D3DContext methods 0
ciMethodData com/sun/prism/impl/ps/BaseShaderContext validateTextureOp (Lcom/sun/prism/impl/BaseGraphics;Lcom/sun/javafx/geom/transform/BaseTransform;Lcom/sun/prism/Texture;Lcom/sun/prism/PixelFormat;)V 2 4334 orig 80 0 0 0 0 0 0 0 0 0 0 0 0 251 127 0 0 0 0 0 0 0 0 0 0 0 0 0 0 0 0 0 0 0 0 0 0 0 0 0 0 0 0 0 0 0 0 0 0 0 0 0 0 0 0 0 0 0 0 0 0 0 0 0 0 0 0 0 0 0 0 0 0 0 0 0 0 0 0 0 0 data 27 0x20004 0x0 0x0 0x2a7ca4920b0 0xeef 0x0 0x0 0xa0005 0x0 0x0 0x2a7ca06fe60 0xeef 0x0 0x0 0x0 0x0 0x0 0x0 0x0 0x0 0x9 0x5 0x0 0x0 0x0 0x0 0x0 oops 2 3 com/sun/prism/d3d/D3DGraphics 10 com/sun/prism/d3d/D3DContext methods 0
ciMethodData com/sun/prism/impl/ps/BaseShaderContext validateTextureOp (Lcom/sun/prism/impl/ps/BaseShaderGraphics;Lcom/sun/javafx/geom/transform/BaseTransform;Lcom/sun/prism/Texture;Lcom/sun/prism/Texture;Lcom/sun/prism/PixelFormat;)Lcom/sun/prism/ps/Shader; 2 4334 orig 80 0 0 0 0 0 0 0 0 0 0 0 0 251 127 0 0 0 0 0 0 0 0 0 0 0 0 0 0 0 0 0 0 0 0 0 0 0 0 0 0 0 0 0 0 0 0 0 0 0 0 0 0 0 0 0 0 0 0 0 0 0 0 0 0 0 0 0 0 0 0 0 0 0 0 0 0 0 0 0 0 data 153 0x10005 0x0 0x0 0x2a7ca06fe60 0xeef 0x0 0x0 0x40007 0xeef 0x20 0x0 0xd0007 0x0 0x2e0 0xeef 0x150005 0xeef 0x0 0x0 0x0 0x0 0x0 0x190008 0x10 0x0 0x238 0xcf9 0x90 0x1f6 0x90 0x0 0x90 0x0 0x90 0x0 0x90 0x0 0x238 0x0 0x238 0x480005 0x0 0x0 0x2a7c9d27fa0 0xeef 0x0 0x0 0x4d0007 0xeef 0x120 0x0 0x550005 0x0 0x0 0x0 0x0 0x0 0x0 0x5a0007 0x0 0xc8 0x0 0x5f0007 0x0 0xa8 0x0 0x670005 0x0 0x0 0x0 0x0 0x0 0x0 0x700005 0x0 0x0 0x0 0x0 0x0 0x0 0x770003 0x0 0xb8 0x7f0005 0xeef 0x0 0x0 0x0 0x0 0x0 0x840003 0xeef 0x68 0x8d0002 0x0 0x90000a 0x0 0x3 0x0 0x0 0x2a7fd607d70 0x950002 0x0 0xa60005 0xeef 0x0 0x0 0x0 0x0 0x0 0xac0005 0xeef 0x0 0x0 0x0 0x0 0x0 0xb30005 0xeef 0x0 0x0 0x0 0x0 0x0 0xb90005 0x0 0x0 0x2a7ca4920b0 0xeef 0x0 0x0 0xbc0005 0xeef 0x0 0x0 0x0 0x0 0x0 0x0 0x0 0x0 0x0 0x0 0x0 0x0 0x9 0x6 0x0 0x0 0x0 0x0 0x0 0x0 oops 4 3 com/sun/prism/d3d/D3DContext 43 com/sun/prism/d3d/D3DResourceFactory 100 java/lang/String 127 com/sun/prism/d3d/D3DGraphics methods 0
ciMethodData com/sun/prism/impl/ps/BaseShaderContext getSpecialShader (Lcom/sun/prism/impl/BaseGraphics;Lcom/sun/prism/impl/ps/BaseShaderContext$SpecialShaderType;)Lcom/sun/prism/ps/Shader; 2 4338 orig 80 0 0 0 0 0 0 0 0 0 0 0 0 251 127 0 0 0 0 0 0 0 0 0 0 0 0 0 0 0 0 0 0 0 0 0 0 0 0 0 0 0 0 0 0 0 0 0 0 0 0 0 0 0 0 0 0 0 0 0 0 0 0 0 0 0 0 0 0 0 0 0 0 0 0 0 0 0 0 0 0 data 107 0x10005 0x0 0x0 0x2a7ca06fe60 0xef3 0x0 0x0 0x40007 0xef3 0x20 0x0 0xa0005 0x0 0x0 0x2a7ca4920b0 0xef3 0x0 0x0 0xf0007 0xef3 0x38 0x0 0x160003 0x0 0x18 0x220005 0xef3 0x0 0x0 0x0 0x0 0x0 0x2a0007 0x2 0xb0 0xef1 0x2f0005 0x0 0x0 0x2a7c9d40cd0 0xef1 0x0 0x0 0x340007 0xef1 0x58 0x0 0x390005 0x0 0x0 0x0 0x0 0x0 0x0 0x430007 0xef1 0x150 0x2 0x470005 0x2 0x0 0x0 0x0 0x0 0x0 0x4d0007 0x2 0x50 0x0 0x52000a 0x0 0x3 0x0 0x0 0x2a7fd607d70 0x5c0005 0x2 0x0 0x0 0x0 0x0 0x0 0x650005 0x0 0x0 0x2a7c9d27fa0 0x2 0x0 0x0 0x6d0004 0x0 0x0 0x2a7c9d40cd0 0x2 0x0 0x0 0x0 0x0 0x0 0x0 0x0 0x0 0x9 0x3 0x0 0x0 0x0 oops 6 3 com/sun/prism/d3d/D3DContext 14 com/sun/prism/d3d/D3DGraphics 39 com/sun/prism/d3d/D3DShader 74 java/lang/String 85 com/sun/prism/d3d/D3DResourceFactory 92 com/sun/prism/d3d/D3DShader methods 0
ciMethodData com/sun/prism/impl/ps/BaseShaderContext isSuperShaderEnabled ()Z 2 4337 orig 80 0 0 0 0 0 0 0 0 0 0 0 0 251 127 0 0 0 0 0 0 0 0 0 0 0 0 0 0 0 0 0 0 0 0 0 0 0 0 0 0 0 0 0 0 0 0 0 0 0 0 0 0 0 0 0 0 0 0 0 0 0 0 0 0 0 0 0 0 0 0 0 0 0 0 0 0 0 0 0 0 data 45 0x10005 0x0 0x0 0x2a7ca06fe60 0xef2 0x0 0x0 0x40007 0xef2 0x20 0x0 0x170005 0xef2 0x0 0x0 0x0 0x0 0x0 0x1b0007 0x0 0x78 0xef2 0x2c0005 0xef2 0x0 0x0 0x0 0x0 0x0 0x300007 0xef2 0x38 0x0 0x340003 0x0 0x18 0x0 0x0 0x0 0x0 0x0 0x0 0x9 0x1 0x0 oops 1 3 com/sun/prism/d3d/D3DContext methods 0
ciMethodData com/sun/prism/impl/VertexBuffer addQuad (FFFFFFFF)V 2 5634 orig 80 0 0 0 0 0 0 0 0 0 0 0 0 251 127 0 0 0 0 0 0 0 0 0 0 0 0 0 0 0 0 0 0 0 0 0 0 0 0 0 0 0 0 0 0 0 0 0 0 0 0 0 0 0 0 0 0 0 0 0 0 0 0 0 0 0 0 0 0 0 0 0 0 0 0 0 0 0 0 0 0 data 40 0xe0007 0x1403 0x58 0x0 0x1f0005 0x0 0x0 0x0 0x0 0x0 0x0 0x0 0x0 0x0 0x0 0x0 0x0 0x0 0x0 0x0 0x0 0x0 0x0 0x0 0x0 0x0 0x0 0x0 0x0 0x9 0x9 0x0 0x0 0x0 0x0 0x0 0x0 0x0 0x0 0x0 oops 0 methods 0
ciMethodData com/sun/prism/impl/BaseGraphics setTransform3D (DDDDDDDDDDDD)V 2 5823 orig 80 0 0 0 0 0 0 0 0 0 0 0 0 236 0 0 0 0 0 0 0 0 0 0 0 0 0 0 0 0 0 0 0 0 0 0 0 0 0 0 0 0 0 0 0 0 0 0 0 0 0 0 0 0 0 0 0 0 0 0 0 0 0 0 0 0 0 0 0 0 0 0 0 0 0 0 0 0 0 0 0 data 47 0x1a0005 0x0 0x0 0x2a7ca492160 0x14c0 0x0 0x0 0x1e0005 0x14c0 0x0 0x0 0x0 0x0 0x0 0x0 0x0 0x0 0x0 0x0 0x0 0x9 0x19 0x2c 0x0 0x0 0x0 0x0 0x0 0x0 0x0 0x0 0x0 0x0 0x0 0x0 0x0 0x0 0x0 0x0 0x0 0x0 0x0 0x0 0x0 0x0 0x0 0x0 oops 1 3 com/sun/javafx/geom/transform/Affine3D methods 0
ciMethodData com/sun/prism/d3d/D3DResourceFactory createStockShader (Ljava/lang/String;)Lcom/sun/prism/ps/Shader; 1 8 orig 80 0 0 0 0 0 0 0 0 0 0 0 0 251 127 0 0 0 0 0 0 0 0 0 0 0 0 0 0 0 0 0 0 0 0 0 0 0 0 0 0 0 0 0 0 0 0 0 0 0 0 0 0 0 0 0 0 0 0 0 0 0 0 0 0 0 0 0 0 0 0 0 0 0 0 0 0 0 0 0 0 data 103 0x10007 0x6 0x30 0x0 0xb0002 0x0 0x10000a 0x6 0x3 0x0 0x2a7fd607d70 0x2a7c9752990 0x150002 0x6 0x180004 0x0 0x0 0x2a7ca4d3c10 0x6 0x0 0x0 0x1d000a 0x6 0x3 0x0 0x2a7fd607d70 0x2a7fd607d70 0x220002 0x6 0x330004 0x0 0x0 0x2a7fd607e00 0x6 0x0 0x0 0x390004 0x0 0x0 0x2a7fd607e00 0x6 0x0 0x0 0x3a0005 0x6 0x0 0x0 0x0 0x0 0x0 0x490004 0x0 0x0 0x2a7c9d27fa0 0x6 0x0 0x0 0x4d0004 0x0 0x0 0x2a7ca4d3c10 0x6 0x0 0x0 0x4e0005 0x6 0x0 0x0 0x0 0x0 0x0 0x510004 0x0 0x0 0x2a7c9d40cd0 0x6 0x0 0x0 0x570005 0x0 0x0 0x0 0x0 0x0 0x0 0x5f000a 0x0 0x3 0x0 0x0 0x0 0x640002 0x0 0x0 0x0 0x0 0x0 0x0 0x0 0x9 0x2 0xffffffffffffffff 0xffffffffffffffff oops 10 10 java/lang/String 11 com/sun/prism/d3d/D3DResourceFactory$$Lambda$238+0x000002a7811825e8 17 java/util/zip/ZipFile$ZipFileInflaterInputStream 25 java/lang/String 26 java/lang/String 32 java/lang/Class 39 java/lang/Class 53 com/sun/prism/d3d/D3DResourceFactory 60 java/util/zip/ZipFile$ZipFileInflaterInputStream 74 com/sun/prism/d3d/D3DShader methods 0
ciMethodData com/sun/javafx/sg/prism/NGNode isShape3D ()Z 2 22893 orig 80 0 0 0 0 0 0 0 0 0 0 0 0 167 2 0 0 0 0 0 0 0 0 0 0 0 0 0 0 0 0 0 0 0 0 0 0 0 0 0 0 0 0 0 0 0 0 0 0 0 0 0 0 0 0 0 0 0 0 0 0 0 0 0 0 0 0 0 0 0 0 0 0 0 0 0 0 0 0 0 0 data 4 0x0 0x9 0x1 0x0 oops 0 methods 0
ciMethodData com/sun/javafx/sg/prism/NGNode renderOpacity (Lcom/sun/prism/Graphics;)V 2 3005 orig 80 0 0 0 0 0 0 0 0 0 0 0 0 167 2 0 0 0 0 0 0 4 0 0 0 0 0 0 0 0 0 0 0 0 0 0 0 0 0 0 0 0 0 0 0 0 0 0 0 0 0 0 0 0 0 0 0 0 0 0 0 0 0 0 0 0 0 0 0 0 0 0 0 0 0 0 0 0 0 0 0 data 303 0x10005 0xbbd 0x0 0x0 0x0 0x0 0x0 0x40007 0x0 0x128 0xbbd 0x80005 0xbbd 0x0 0x0 0x0 0x0 0x0 0xb0007 0x0 0xd0 0xbbd 0xf0005 0xbbd 0x0 0x0 0x0 0x0 0x0 0x120007 0x0 0x78 0xbbd 0x8000000400160005 0x0 0x0 0x2a7ca491f50 0xbb1 0x2a7ca492000 0x10 0x190007 0xbb1 0x330 0x10 0x1d0005 0x0 0x0 0x2a7ca4920b0 0x10 0x0 0x0 0x260005 0x10 0x0 0x0 0x0 0x0 0x0 0x2a0005 0x0 0x0 0x2a7ca4920b0 0x10 0x0 0x0 0x300005 0x10 0x0 0x0 0x0 0x0 0x0 0x330007 0x10 0x70 0x0 0x380005 0x0 0x0 0x0 0x0 0x0 0x0 0x3b0003 0x0 0x1a0 0x3f0005 0x10 0x0 0x0 0x0 0x0 0x0 0x420007 0x10 0x70 0x0 0x470005 0x0 0x0 0x0 0x0 0x0 0x0 0x4a0003 0x0 0xf8 0x4e0005 0x10 0x0 0x0 0x0 0x0 0x0 0x510007 0x10 0x70 0x0 0x560005 0x0 0x0 0x0 0x0 0x0 0x0 0x590003 0x0 0x50 0x5e0005 0x0 0x0 0x2a7ca492000 0x10 0x0 0x0 0x630005 0x0 0x0 0x2a7ca4920b0 0x10 0x0 0x0 0x6a0002 0xbb1 0x6f0005 0x0 0x0 0x2a7ca4920b0 0xbb1 0x0 0x0 0x7a0002 0xbb1 0x7e0005 0x0 0x0 0x2a7ca491f50 0xbb1 0x0 0x0 0x890002 0xbb1 0x910002 0xbb1 0x940005 0x0 0x0 0x2a7c99e29c0 0xbb1 0x0 0x0 0xa20002 0xbb1 0xa50004 0x0 0x0 0x2a7c99e6380 0x18d 0x0 0x0 0xac0007 0xbb1 0x20 0x0 0xb20005 0x0 0x0 0x2a7c99e6380 0xbb1 0x0 0x0 0xba0005 0x0 0x0 0x2a7ca4920b0 0xbb1 0x0 0x0 0xbf0005 0x0 0x0 0x2a7ca4920b0 0xbb1 0x0 0x0 0xc70005 0x0 0x0 0x2a7ca4920b0 0xbb1 0x0 0x0 0xcc0005 0x0 0x0 0x2a7ca4920b0 0xbb1 0x0 0x0 0xe10005 0x0 0x0 0x2a7ca4920b0 0xbb1 0x0 0x0 0xe90005 0x0 0x0 0x2a7ca4920b0 0xbb1 0x0 0x0 0xf10005 0x0 0x0 0x2a7ca491f50 0xbb1 0x0 0x0 0xf60005 0x0 0x0 0x2a7ca4920b0 0xbb1 0x0 0x0 0xfc0005 0x0 0x0 0x2a7ca4920b0 0xbb1 0x0 0x0 0x1050005 0xbb1 0x0 0x0 0x0 0x0 0x0 0x10b0005 0x0 0x0 0x2a7ca4920b0 0xbb1 0x0 0x0 0x1130005 0x0 0x0 0x2a7c99e6380 0xbb1 0x0 0x0 0x12e0005 0x0 0x0 0x2a7ca4920b0 0xbb1 0x0 0x0 0x1360005 0x0 0x0 0x2a7ca4920b0 0xbb1 0x0 0x0 0x13e0002 0xbb1 0x0 0x0 0x0 0x0 0x0 0x0 0x0 0x0 0x9 0x2 0x0 0x0 oops 24 36 com/sun/javafx/sg/prism/NGRegion 38 com/sun/javafx/sg/prism/NGImageView 47 com/sun/prism/d3d/D3DGraphics 61 com/sun/prism/d3d/D3DGraphics 131 com/sun/javafx/sg/prism/NGImageView 138 com/sun/prism/d3d/D3DGraphics 147 com/sun/prism/d3d/D3DGraphics 156 com/sun/javafx/sg/prism/NGRegion 167 com/sun/javafx/geom/Rectangle 176 com/sun/scenario/effect/impl/prism/ps/PPSDrawable 187 com/sun/scenario/effect/impl/prism/ps/PPSDrawable 194 com/sun/prism/d3d/D3DGraphics 201 com/sun/prism/d3d/D3DGraphics 208 com/sun/prism/d3d/D3DGraphics 215 com/sun/prism/d3d/D3DGraphics 222 com/sun/prism/d3d/D3DGraphics 229 com/sun/prism/d3d/D3DGraphics 236 com/sun/javafx/sg/prism/NGRegion 243 com/sun/prism/d3d/D3DGraphics 250 com/sun/prism/d3d/D3DGraphics 264 com/sun/prism/d3d/D3DGraphics 271 com/sun/scenario/effect/impl/prism/ps/PPSDrawable 278 com/sun/prism/d3d/D3DGraphics 285 com/sun/prism/d3d/D3DGraphics methods 0
ciMethodData com/sun/javafx/sg/prism/NGNode renderClip (Lcom/sun/prism/Graphics;)V 1 0 orig 80 0 0 0 0 0 0 0 0 0 0 0 0 251 127 0 0 0 0 0 0 0 0 0 0 0 0 0 0 0 0 0 0 0 0 0 0 0 0 0 0 0 0 0 0 0 0 0 0 0 0 0 0 0 0 0 0 0 0 0 0 0 0 0 0 0 0 0 0 0 0 0 0 0 0 0 0 0 0 0 0 data 379 0x10005 0x0 0x0 0x0 0x0 0x0 0x0 0x40005 0x0 0x0 0x0 0x0 0x0 0x0 0xa0007 0x0 0x58 0x0 0xe0005 0x0 0x0 0x0 0x0 0x0 0x0 0x130005 0x0 0x0 0x0 0x0 0x0 0x0 0x1e0002 0x0 0x220005 0x0 0x0 0x0 0x0 0x0 0x0 0x270005 0x0 0x0 0x0 0x0 0x0 0x0 0x2a0007 0x0 0x58 0x0 0x2e0005 0x0 0x0 0x0 0x0 0x0 0x0 0x330005 0x0 0x0 0x0 0x0 0x0 0x0 0x360004 0x0 0x0 0x0 0x0 0x0 0x0 0x390007 0x0 0x120 0x0 0x3d0005 0x0 0x0 0x0 0x0 0x0 0x0 0x400004 0x0 0x0 0x0 0x0 0x0 0x0 0x490005 0x0 0x0 0x0 0x0 0x0 0x0 0x4c0007 0x0 0x58 0x0 0x530005 0x0 0x0 0x0 0x0 0x0 0x0 0x5c0002 0x0 0x640002 0x0 0x670005 0x0 0x0 0x0 0x0 0x0 0x0 0x6b0005 0x0 0x0 0x0 0x0 0x0 0x0 0x6e0007 0x0 0x1e8 0x0 0x720005 0x0 0x0 0x0 0x0 0x0 0x0 0x7c0005 0x0 0x0 0x0 0x0 0x0 0x0 0x860005 0x0 0x0 0x0 0x0 0x0 0x0 0x8c0002 0x0 0x990002 0x0 0xa90002 0x0 0xb40002 0x0 0xb90005 0x0 0x0 0x0 0x0 0x0 0x0 0xbe0005 0x0 0x0 0x0 0x0 0x0 0x0 0xc40005 0x0 0x0 0x0 0x0 0x0 0x0 0xca0005 0x0 0x0 0x0 0x0 0x0 0x0 0xcf0002 0x0 0xe00002 0x0 0xe30004 0x0 0x0 0x0 0x0 0x0 0x0 0xea0007 0x0 0x58 0x0 0xee0005 0x0 0x0 0x0 0x0 0x0 0x0 0xf40005 0x0 0x0 0x0 0x0 0x0 0x0 0xfc0005 0x0 0x0 0x0 0x0 0x0 0x0 0x1010005 0x0 0x0 0x0 0x0 0x0 0x0 0x1090005 0x0 0x0 0x0 0x0 0x0 0x0 0x10e0005 0x0 0x0 0x0 0x0 0x0 0x0 0x1160005 0x0 0x0 0x0 0x0 0x0 0x0 0x11b0005 0x0 0x0 0x0 0x0 0x0 0x0 0x1300005 0x0 0x0 0x0 0x0 0x0 0x0 0x1380005 0x0 0x0 0x0 0x0 0x0 0x0 0x1400005 0x0 0x0 0x0 0x0 0x0 0x0 0x14f0002 0x0 0x1520004 0x0 0x0 0x0 0x0 0x0 0x0 0x1590007 0x0 0xa0 0x0 0x15d0005 0x0 0x0 0x0 0x0 0x0 0x0 0x1600005 0x0 0x0 0x0 0x0 0x0 0x0 0x1670002 0x0 0x16d0005 0x0 0x0 0x0 0x0 0x0 0x0 0x1820005 0x0 0x0 0x0 0x0 0x0 0x0 0x18a0005 0x0 0x0 0x0 0x0 0x0 0x0 0x1900005 0x0 0x0 0x0 0x0 0x0 0x0 0x1950005 0x0 0x0 0x0 0x0 0x0 0x0 0x19a0005 0x0 0x0 0x0 0x0 0x0 0x0 0x1ae0002 0x0 0x1b90002 0x0 0x1bc0002 0x0 0x1c70002 0x0 0x1ce0002 0x0 0x1d50002 0x0 0x0 0x0 0x0 0x0 0x0 0x0 0x0 0x0 0x0 0x0 0x0 0x0 0x9 0x2 0x0 0x0 oops 0 methods 0
ciMethodData com/sun/prism/d3d/D3DGraphics create (Lcom/sun/prism/RenderTarget;Lcom/sun/prism/d3d/D3DContext;)Lcom/sun/prism/Graphics; 2 5579 orig 80 0 0 0 0 0 0 0 0 0 0 0 0 251 127 0 0 0 0 0 0 0 0 0 0 0 0 0 0 0 0 0 0 0 0 0 0 0 0 0 0 0 0 0 0 0 0 0 0 0 0 0 0 0 0 0 0 0 0 0 0 0 0 0 0 0 0 0 0 0 0 0 0 0 0 0 0 0 0 0 0 data 56 0x10007 0x144b 0x20 0x0 0x70004 0x0 0x0 0x2a7c96a08e0 0xe8 0x2a7c973e2e0 0x1363 0xa0005 0x0 0x0 0x2a7c96a08e0 0xe8 0x2a7c973e2e0 0x1363 0x130007 0x144b 0x20 0x0 0x1b0007 0x144b 0xb0 0x0 0x1f0005 0x0 0x0 0x0 0x0 0x0 0x0 0x220007 0x0 0x58 0x0 0x2a0005 0x0 0x0 0x0 0x0 0x0 0x0 0x330002 0x144b 0x0 0x0 0x0 0x0 0x0 0x0 0x9 0x2 0xffffffffffffffff 0xffffffffffffffff oops 4 7 com/sun/prism/d3d/D3DSwapChain 9 com/sun/prism/d3d/D3DRTTexture 14 com/sun/prism/d3d/D3DSwapChain 16 com/sun/prism/d3d/D3DRTTexture methods 0
ciMethod com/sun/scenario/effect/impl/prism/PrEffectHelper getGraphicsClipNoClone (Lcom/sun/prism/Graphics;)Lcom/sun/javafx/geom/Rectangle; 120 0 2993 0 0
ciMethod com/sun/scenario/effect/impl/Renderer getAccelType ()Lcom/sun/scenario/effect/Effect$AccelType; 0 0 1 0 -1
ciMethod com/sun/scenario/effect/impl/Renderer getCompatibleWidth (I)I 0 0 1 0 -1
ciMethod com/sun/scenario/effect/impl/Renderer getCompatibleHeight (I)I 0 0 1 0 -1
ciMethod com/sun/scenario/effect/impl/Renderer createCompatibleImage (II)Lcom/sun/scenario/effect/impl/PoolFilterable; 0 0 1 0 -1
ciMethod com/sun/scenario/effect/impl/Renderer getCompatibleImage (II)Lcom/sun/scenario/effect/impl/PoolFilterable; 1024 0 2993 0 0
ciMethod com/sun/scenario/effect/impl/Renderer releaseCompatibleImage (Lcom/sun/scenario/effect/Filterable;)V 792 0 2993 0 0
ciMethod com/sun/scenario/effect/impl/Renderer clearImage (Lcom/sun/scenario/effect/Filterable;)V 0 0 1 0 -1
ciMethod com/sun/scenario/effect/impl/Renderer getRendererState ()Lcom/sun/scenario/effect/impl/Renderer$RendererState; 0 0 1 0 -1
ciMethod com/sun/scenario/effect/impl/Renderer getBackupRenderer ()Lcom/sun/scenario/effect/impl/Renderer; 0 0 1 0 -1
ciMethod com/sun/scenario/effect/impl/Renderer getRenderer (Lcom/sun/scenario/effect/FilterContext;)Lcom/sun/scenario/effect/impl/Renderer; 1024 0 5986 0 1920
ciMethod com/sun/scenario/effect/impl/RendererFactory createRenderer (Lcom/sun/scenario/effect/FilterContext;)Lcom/sun/scenario/effect/impl/Renderer; 2 0 1 0 -1
ciMethod com/sun/scenario/effect/impl/PoolFilterable setImagePool (Lcom/sun/scenario/effect/impl/ImagePool;)V 0 0 1 0 -1
ciMethod com/sun/scenario/effect/impl/PoolFilterable getImagePool ()Lcom/sun/scenario/effect/impl/ImagePool; 0 0 1 0 -1
ciMethod com/sun/scenario/effect/impl/prism/PrDrawable getImagePool ()Lcom/sun/scenario/effect/impl/ImagePool; 1024 0 2993 0 0
ciMethod com/sun/scenario/effect/impl/prism/PrDrawable createGraphics ()Lcom/sun/prism/Graphics; 0 0 1 0 -1
ciMethod com/sun/scenario/effect/impl/prism/PrTexture unlock ()V 1022 0 2993 0 0
ciMethod com/sun/scenario/effect/impl/prism/PrTexture getTextureObject ()Lcom/sun/prism/Texture; 264 0 132 0 0
ciMethod com/sun/scenario/effect/impl/prism/ps/PPSRenderer validate ()Z 514 0 5418 0 480
ciMethod com/sun/scenario/effect/impl/prism/ps/PPSRenderer getRendererState ()Lcom/sun/scenario/effect/impl/Renderer$RendererState; 290 0 145 0 0
ciMethod com/sun/scenario/effect/impl/prism/ps/PPSRenderer dispose ()V 0 0 1 0 -1
ciMethod com/sun/scenario/effect/impl/prism/ps/PPSRenderer markLost ()V 0 0 1 0 -1
ciMethod com/sun/scenario/effect/impl/prism/ps/PPSRenderer getCompatibleImage (II)Lcom/sun/scenario/effect/impl/prism/ps/PPSDrawable; 790 0 2993 0 0
ciMethod com/sun/scenario/effect/impl/prism/ps/PPSRenderer getCompatibleImage (II)Lcom/sun/scenario/effect/impl/PoolFilterable; 790 0 2993 0 0
ciMethod com/sun/scenario/effect/impl/prism/ps/PPSDrawable createGraphics ()Lcom/sun/prism/ps/ShaderGraphics; 790 0 5983 0 0
ciMethod com/sun/scenario/effect/impl/prism/ps/PPSDrawable createGraphics ()Lcom/sun/prism/Graphics; 790 0 5983 0 0
ciMethod com/sun/scenario/effect/impl/ImagePool checkOut (Lcom/sun/scenario/effect/impl/Renderer;II)Lcom/sun/scenario/effect/impl/PoolFilterable; 1024 1620 2993 0 -1
ciMethod com/sun/scenario/effect/impl/ImagePool checkIn (Lcom/sun/scenario/effect/impl/PoolFilterable;)V 1024 938 2993 0 0
ciMethod com/sun/scenario/effect/impl/ImagePool pruneCache ()V 0 0 1 0 -1
ciMethod com/sun/scenario/effect/impl/ImagePool dispose ()V 0 0 1 0 -1
ciMethodData com/sun/javafx/sg/prism/NGRegion renderAsShape (Lcom/sun/prism/Graphics;)V 2 3204 orig 80 0 0 0 0 0 0 0 0 0 0 0 0 167 2 0 0 0 0 0 0 0 0 0 0 0 0 0 0 0 0 0 0 0 0 0 0 0 0 0 0 0 0 0 0 0 0 0 0 0 0 0 0 0 0 0 0 0 0 0 0 0 0 0 0 0 0 0 0 0 0 0 0 0 0 0 0 0 0 0 0 data 387 0x40005 0xc4c 0x0 0x0 0x0 0x0 0x0 0x70007 0x0 0x848 0xc4c 0xe0005 0xc4c 0x0 0x0 0x0 0x0 0x0 0x140005 0xc4c 0x0 0x0 0x0 0x0 0x0 0x1a0005 0xc4c 0x0 0x0 0x0 0x0 0x0 0x200005 0xc4c 0x0 0x0 0x0 0x0 0x0 0x260005 0xc4c 0x0 0x0 0x0 0x0 0x0 0x2b0005 0xc4c 0x0 0x0 0x0 0x0 0x0 0x300005 0x0 0x0 0x2a7caa36640 0xc4c 0x0 0x0 0x370005 0xc4c 0x0 0x0 0x0 0x0 0x0 0x3a0002 0xc4c 0x410005 0xc4c 0x0 0x0 0x0 0x0 0x0 0x440002 0xc4c 0x530007 0x0 0x458 0xc4c 0x570005 0x0 0x0 0x2a7ca4920b0 0xc4c 0x0 0x0 0x5c0005 0x0 0x0 0x2a7ca492160 0xc4c 0x0 0x0 0x5f0007 0xc4c 0x3c8 0x0 0x630004 0x0 0x0 0x0 0x0 0x0 0x0 0x660007 0x0 0x370 0x0 0x6b0005 0x0 0x0 0x0 0x0 0x0 0x0 0x760005 0x0 0x0 0x0 0x0 0x0 0x0 0x790007 0x0 0x2e0 0x0 0x810005 0x0 0x0 0x0 0x0 0x0 0x0 0x970005 0x0 0x0 0x0 0x0 0x0 0x0 0xa90005 0x0 0x0 0x0 0x0 0x0 0x0 0xb00005 0x0 0x0 0x0 0x0 0x0 0x0 0xb30007 0x0 0x58 0x0 0xb80005 0x0 0x0 0x0 0x0 0x0 0x0 0xbf0007 0x0 0x188 0x0 0xc40007 0x0 0x168 0x0 0xc90005 0x0 0x0 0x0 0x0 0x0 0x0 0xda0005 0x0 0x0 0x0 0x0 0x0 0x0 0xe60005 0x0 0x0 0x0 0x0 0x0 0x0 0xea0005 0x0 0x0 0x0 0x0 0x0 0x0 0xf20005 0x0 0x0 0x0 0x0 0x0 0x0 0xf80007 0x0 0x30 0x0 0xfe0002 0x0 0x1030007 0xc4c 0x180 0x0 0x1080005 0x0 0x0 0x0 0x0 0x0 0x0 0x10f0005 0x0 0x0 0x0 0x0 0x0 0x0 0x1160005 0x0 0x0 0x0 0x0 0x0 0x0 0x11d0005 0x0 0x0 0x0 0x0 0x0 0x0 0x1550005 0x0 0x0 0x0 0x0 0x0 0x0 0x15d0007 0x0 0x30 0x0 0x1630002 0x0 0x1660003 0x0 0x50 0x16b0005 0xc4c 0x0 0x0 0x0 0x0 0x0 0x1720005 0xc4c 0x0 0x0 0x0 0x0 0x0 0x1750007 0xc4c 0x2f8 0x0 0x17c0005 0x0 0x0 0x0 0x0 0x0 0x0 0x1830005 0x0 0x0 0x0 0x0 0x0 0x0 0x18d0007 0x0 0x268 0x0 0x1920005 0x0 0x0 0x0 0x0 0x0 0x0 0x1970004 0x0 0x0 0x0 0x0 0x0 0x0 0x1a40005 0x0 0x0 0x0 0x0 0x0 0x0 0x1a90005 0x0 0x0 0x0 0x0 0x0 0x0 0x1b20005 0x0 0x0 0x0 0x0 0x0 0x0 0x1b80005 0x0 0x0 0x0 0x0 0x0 0x0 0x1be0005 0x0 0x0 0x0 0x0 0x0 0x0 0x1c40005 0x0 0x0 0x0 0x0 0x0 0x0 0x1c80005 0x0 0x0 0x0 0x0 0x0 0x0 0x1cb0005 0x0 0x0 0x0 0x0 0x0 0x0 0x1d30003 0x0 0xfffffffffffffdb0 0x0 0x0 0x0 0x0 0x0 0x0 0x0 0x0 0x0 0x9 0x2 0x0 0x0 oops 3 56 com/sun/javafx/geom/Path2D 85 com/sun/prism/d3d/D3DGraphics 92 com/sun/javafx/geom/transform/Affine3D methods 0
ciMethodData com/sun/javafx/sg/prism/NGGroup renderContent (Lcom/sun/prism/Graphics;)V 2 5764 orig 80 0 0 0 0 0 0 0 0 0 0 0 0 0 0 0 0 0 0 0 0 0 0 0 0 0 0 0 0 0 0 0 0 0 0 0 0 0 0 0 0 0 0 0 0 0 0 0 0 0 0 0 0 0 0 0 0 0 0 0 0 0 0 0 0 0 0 0 0 0 0 0 0 0 0 0 0 0 0 0 0 data 345 0x10005 0x128d 0x0 0x0 0x0 0x0 0x0 0x60007 0x128d 0x20 0x0 0xb0005 0x0 0x0 0x2a7ca4920b0 0x128d 0x0 0x0 0x150007 0x11a5 0x250 0xe8 0x190005 0x0 0x0 0x2a7caa47620 0xe8 0x0 0x0 0x1c0007 0xe8 0x1c0 0x0 0x200005 0x0 0x0 0x0 0x0 0x0 0x0 0x250005 0x0 0x0 0x0 0x0 0x0 0x0 0x280005 0x0 0x0 0x0 0x0 0x0 0x0 0x360007 0x0 0xe0 0x0 0x3c0005 0x0 0x0 0x0 0x0 0x0 0x0 0x410004 0x0 0x0 0x0 0x0 0x0 0x0 0x440005 0x0 0x0 0x0 0x0 0x0 0x0 0x4a0003 0x0 0xffffffffffffff38 0x4d0003 0x0 0x50 0x520005 0x0 0x0 0x2a7ca4920b0 0xe8 0x0 0x0 0x5e0007 0x128d 0x78 0x0 0x620005 0x0 0x0 0x0 0x0 0x0 0x0 0x680007 0x0 0x170 0x0 0x720005 0x0 0x0 0x2a7fd60b080 0x2633 0x0 0x0 0x770007 0x128d 0x118 0x13a6 0x7d0005 0x0 0x0 0x2a7fd60b080 0x13a6 0x0 0x0 0x820004 0x0 0x0 0x2a7ca491f50 0x1180 0x2a7ca492000 0x224 0x870003 0x13a6 0x18 0x910007 0x0 0x58 0x13a6 0x970005 0x13a6 0x0 0x0 0x0 0x0 0x0 0x9d0003 0x13a6 0xfffffffffffffec8 0xab0002 0x0 0xb10002 0x0 0xbd0005 0x0 0x0 0x0 0x0 0x0 0x0 0xc20005 0x0 0x0 0x0 0x0 0x0 0x0 0xc90007 0x0 0x58 0x0 0xce0005 0x0 0x0 0x0 0x0 0x0 0x0 0xd50002 0x0 0xe10005 0x0 0x0 0x0 0x0 0x0 0x0 0xe60007 0x0 0x208 0x0 0xec0005 0x0 0x0 0x0 0x0 0x0 0x0 0xf10004 0x0 0x0 0x0 0x0 0x0 0x0 0xff0002 0x0 0x1060007 0x0 0x38 0x0 0x10d0003 0x0 0x130 0x1210004 0x0 0x0 0x0 0x0 0x0 0x0 0x1260004 0x0 0x0 0x0 0x0 0x0 0x0 0x1270005 0x0 0x0 0x0 0x0 0x0 0x0 0x12e0005 0x0 0x0 0x0 0x0 0x0 0x0 0x1330005 0x0 0x0 0x0 0x0 0x0 0x0 0x13d0003 0x0 0xfffffffffffffdd8 0x1420007 0x0 0x200 0x0 0x1490005 0x0 0x0 0x0 0x0 0x0 0x0 0x14f0007 0x0 0x1a8 0x0 0x1540005 0x0 0x0 0x0 0x0 0x0 0x0 0x15b0005 0x0 0x0 0x0 0x0 0x0 0x0 0x15e0004 0x0 0x0 0x0 0x0 0x0 0x0 0x1660005 0x0 0x0 0x0 0x0 0x0 0x0 0x1690005 0x0 0x0 0x0 0x0 0x0 0x0 0x1710005 0x0 0x0 0x0 0x0 0x0 0x0 0x18c0005 0x0 0x0 0x0 0x0 0x0 0x0 0x1930007 0x0 0xfffffffffffffae8 0x0 0x1980007 0x0 0xfffffffffffffac8 0x0 0x19d0007 0x0 0x58 0x0 0x1a20005 0x0 0x0 0x0 0x0 0x0 0x0 0x0 0x0 0x0 0x0 0x0 0x0 0x9 0x2 0x0 0x0 oops 7 14 com/sun/prism/d3d/D3DGraphics 25 com/sun/javafx/sg/prism/NodePath 88 com/sun/prism/d3d/D3DGraphics 110 java/util/ArrayList 121 java/util/ArrayList 128 com/sun/javafx/sg/prism/NGRegion 130 com/sun/javafx/sg/prism/NGImageView methods 0
ciMethodData com/sun/javafx/sg/prism/NGRegion renderBackgroundRectangle (Lcom/sun/prism/Graphics;)V 1 1040 orig 80 0 0 0 0 0 0 0 0 0 0 0 0 167 2 0 0 0 0 0 0 0 0 0 0 0 0 0 0 0 0 0 0 0 0 0 0 0 0 0 0 0 0 0 0 0 0 0 0 0 0 0 0 0 0 0 0 0 0 0 0 0 0 0 0 0 0 0 0 0 0 0 0 0 0 0 0 0 0 0 0 data 779 0x40007 0x32a 0x58 0x2 0x80005 0x2 0x0 0x0 0x0 0x0 0x0 0xf0005 0x32c 0x0 0x0 0x0 0x0 0x0 0x190005 0x32c 0x0 0x0 0x0 0x0 0x0 0x240005 0x32c 0x0 0x0 0x0 0x0 0x0 0x2f0005 0x32c 0x0 0x0 0x0 0x0 0x0 0x3c0005 0x32c 0x0 0x0 0x0 0x0 0x0 0x470007 0x106 0x30 0x226 0x510002 0x226 0x5c0005 0x32c 0x0 0x0 0x0 0x0 0x0 0x670007 0x106 0x30 0x226 0x720002 0x226 0x7b0005 0x32c 0x0 0x0 0x0 0x0 0x0 0x830005 0x32c 0x0 0x0 0x0 0x0 0x0 0x860005 0x32c 0x0 0x0 0x0 0x0 0x0 0x8e0005 0x32c 0x0 0x0 0x0 0x0 0x0 0x910005 0x32c 0x0 0x0 0x0 0x0 0x0 0x990005 0x32c 0x0 0x0 0x0 0x0 0x0 0x9c0005 0x32c 0x0 0x0 0x0 0x0 0x0 0xa40005 0x32c 0x0 0x0 0x0 0x0 0x0 0xa70005 0x32c 0x0 0x0 0x0 0x0 0x0 0xc40005 0x32c 0x0 0x0 0x0 0x0 0x0 0xc70005 0x0 0x0 0x2a7caa04600 0x32c 0x0 0x0 0xcd0007 0x32c 0x140 0x0 0xd40007 0x0 0x120 0x0 0xd80005 0x0 0x0 0x0 0x0 0x0 0x0 0xdd0005 0x0 0x0 0x0 0x0 0x0 0x0 0xe00007 0x0 0x90 0x0 0xe40004 0x0 0x0 0x0 0x0 0x0 0x0 0xe70007 0x0 0x38 0x0 0xeb0003 0x0 0x18 0xf90007 0x32c 0x300 0x0 0xfe0005 0x0 0x0 0x0 0x0 0x0 0x0 0x1090005 0x0 0x0 0x0 0x0 0x0 0x0 0x10c0007 0x0 0x270 0x0 0x1140005 0x0 0x0 0x0 0x0 0x0 0x0 0x12a0005 0x0 0x0 0x0 0x0 0x0 0x0 0x13c0005 0x0 0x0 0x0 0x0 0x0 0x0 0x1430005 0x0 0x0 0x0 0x0 0x0 0x0 0x1460007 0x0 0x58 0x0 0x14b0005 0x0 0x0 0x0 0x0 0x0 0x0 0x1520007 0x0 0x118 0x0 0x1570007 0x0 0xf8 0x0 0x15c0005 0x0 0x0 0x0 0x0 0x0 0x0 0x1770005 0x0 0x0 0x0 0x0 0x0 0x0 0x1850005 0x0 0x0 0x0 0x0 0x0 0x0 0x18b0007 0x0 0x30 0x0 0x1910002 0x0 0x1960007 0x32c 0x70 0x0 0x1b20005 0x0 0x0 0x0 0x0 0x0 0x0 0x1b50003 0x0 0x50 0x1c20005 0x32c 0x0 0x0 0x0 0x0 0x0 0x1c90005 0x32c 0x0 0x0 0x0 0x0 0x0 0x1d30005 0x0 0x0 0x2a7caa04550 0x32c 0x0 0x0 0x1de0007 0x32c 0xd98 0x0 0x1e50005 0x0 0x0 0x0 0x0 0x0 0x0 0x1ea0004 0x0 0x0 0x0 0x0 0x0 0x0 0x1ef0002 0x0 0x1f40005 0x0 0x0 0x0 0x0 0x0 0x0 0x1f70005 0x0 0x0 0x0 0x0 0x0 0x0 0x1fc0004 0x0 0x0 0x0 0x0 0x0 0x0 0x2030007 0x0 0x38 0x0 0x2060003 0x0 0xc18 0x20b0005 0x0 0x0 0x0 0x0 0x0 0x0 0x20e0005 0x0 0x0 0x0 0x0 0x0 0x0 0x2160005 0x0 0x0 0x0 0x0 0x0 0x0 0x2190005 0x0 0x0 0x0 0x0 0x0 0x0 0x2210005 0x0 0x0 0x0 0x0 0x0 0x0 0x2280005 0x0 0x0 0x0 0x0 0x0 0x0 0x22f0007 0x0 0xab0 0x0 0x2340007 0x0 0xa90 0x0 0x2390005 0x0 0x0 0x0 0x0 0x0 0x0 0x2400005 0x0 0x0 0x0 0x0 0x0 0x0 0x2430007 0x0 0x128 0x0 0x2560002 0x0 0x25c0005 0x0 0x0 0x0 0x0 0x0 0x0 0x2660005 0x0 0x0 0x0 0x0 0x0 0x0 0x28a0005 0x0 0x0 0x0 0x0 0x0 0x0 0x2910005 0x0 0x0 0x0 0x0 0x0 0x0 0x2960003 0x0 0x8f0 0x29b0005 0x0 0x0 0x0 0x0 0x0 0x0 0x29e0007 0x0 0x70 0x0 0x2a30005 0x0 0x0 0x0 0x0 0x0 0x0 0x2ac0003 0x0 0x50 0x2b10005 0x0 0x0 0x0 0x0 0x0 0x0 0x2b80005 0x0 0x0 0x0 0x0 0x0 0x0 0x2bb0007 0x0 0x70 0x0 0x2c00005 0x0 0x0 0x0 0x0 0x0 0x0 0x2c90003 0x0 0x50 0x2ce0005 0x0 0x0 0x0 0x0 0x0 0x0 0x2d50005 0x0 0x0 0x0 0x0 0x0 0x0 0x2d80007 0x0 0x68 0x0 0x2f30002 0x0 0x2ff0002 0x0 0x30b0002 0x0 0x3100003 0x0 0x150 0x3150005 0x0 0x0 0x0 0x0 0x0 0x0 0x31a0007 0x0 0x90 0x0 0x31f0005 0x0 0x0 0x0 0x0 0x0 0x0 0x3240007 0x0 0x38 0x0 0x32f0003 0x0 0x88 0x3360007 0x0 0x38 0x0 0x34d0003 0x0 0x50 0x3540007 0x0 0x38 0x0 0x36b0003 0x0 0x18 0x37a0005 0x0 0x0 0x0 0x0 0x0 0x0 0x3810005 0x0 0x0 0x0 0x0 0x0 0x0 0x3870007 0x0 0xe0 0x0 0x38c0005 0x0 0x0 0x0 0x0 0x0 0x0 0x3930005 0x0 0x0 0x0 0x0 0x0 0x0 0x3960007 0x0 0x38 0x0 0x3a90003 0x0 0x18 0x3b00003 0x0 0xf8 0x3b50005 0x0 0x0 0x0 0x0 0x0 0x0 0x3b80007 0x0 0x70 0x0 0x3be0005 0x0 0x0 0x0 0x0 0x0 0x0 0x3d40003 0x0 0x50 0x3e10005 0x0 0x0 0x0 0x0 0x0 0x0 0x3e90005 0x0 0x0 0x0 0x0 0x0 0x0 0x3ef0007 0x0 0xe0 0x0 0x3f40005 0x0 0x0 0x0 0x0 0x0 0x0 0x3fb0005 0x0 0x0 0x0 0x0 0x0 0x0 0x3fe0007 0x0 0x38 0x0 0x4110003 0x0 0x18 0x4180003 0x0 0xf8 0x41d0005 0x0 0x0 0x0 0x0 0x0 0x0 0x4200007 0x0 0x70 0x0 0x4260005 0x0 0x0 0x0 0x0 0x0 0x0 0x43c0003 0x0 0x50 0x4490005 0x0 0x0 0x0 0x0 0x0 0x0 0x4550005 0x0 0x0 0x0 0x0 0x0 0x0 0x45a0005 0x0 0x0 0x0 0x0 0x0 0x0 0x45f0005 0x0 0x0 0x0 0x0 0x0 0x0 0x4640005 0x0 0x0 0x0 0x0 0x0 0x0 0x4830005 0x0 0x0 0x0 0x0 0x0 0x0 0x4890003 0x0 0xfffffffffffff280 0x0 0x0 0x0 0x0 0x0 0x0 0x0 0x0 0x0 0x0 0x0 0x0 0x0 0x0 0x0 0x0 0x0 0x0 0x0 0x0 0x0 0x0 0x0 0x0 0x0 0x0 0x0 0x9 0x2 0x0 0x0 oops 2 138 com/sun/javafx/UnmodifiableArrayList 309 java/util/Collections$EmptyList methods 0
ciMethodData com/sun/javafx/sg/prism/NGRegion renderBorderRectangle (Lcom/sun/prism/Graphics;)V 1 269 orig 80 0 0 0 0 0 0 0 0 0 0 0 0 167 2 0 0 0 0 0 0 0 0 0 0 0 0 0 0 0 0 0 0 0 0 0 0 0 0 0 0 0 0 0 0 0 0 0 0 0 0 0 0 0 0 0 0 0 0 0 0 0 0 0 0 0 0 0 0 0 0 0 0 0 0 0 0 0 0 0 0 data 1633 0x40005 0x108 0x0 0x0 0x0 0x0 0x0 0x90005 0x0 0x0 0x2a7caa04550 0x108 0x0 0x0 0xe0007 0x0 0x70 0x108 0x150005 0x108 0x0 0x0 0x0 0x0 0x0 0x180003 0x108 0x28 0x1b0002 0x0 0x230005 0x0 0x0 0x2a7caa04600 0x108 0x0 0x0 0x2e0007 0x108 0x1ef8 0x108 0x340005 0x0 0x0 0x2a7caa04600 0x108 0x0 0x0 0x390004 0x0 0x0 0x2a7c92cfa10 0x108 0x0 0x0 0x400005 0x108 0x0 0x0 0x0 0x0 0x0 0x480005 0x108 0x0 0x0 0x0 0x0 0x0 0x4f0005 0x108 0x0 0x0 0x0 0x0 0x0 0x560005 0x108 0x0 0x0 0x0 0x0 0x0 0x5d0005 0x108 0x0 0x0 0x0 0x0 0x0 0x640005 0x108 0x0 0x0 0x0 0x0 0x0 0x6b0005 0x108 0x0 0x0 0x0 0x0 0x0 0x720005 0x108 0x0 0x0 0x0 0x0 0x0 0x7a0005 0x108 0x0 0x0 0x0 0x0 0x0 0x820005 0x108 0x0 0x0 0x0 0x0 0x0 0x8a0005 0x108 0x0 0x0 0x0 0x0 0x0 0x920005 0x108 0x0 0x0 0x0 0x0 0x0 0x950007 0x108 0x70 0x0 0x9f0005 0x0 0x0 0x0 0x0 0x0 0x0 0xa30003 0x0 0x50 0xa80005 0x108 0x0 0x0 0x0 0x0 0x0 0xb00005 0x108 0x0 0x0 0x0 0x0 0x0 0xb30007 0x108 0x70 0x0 0xbd0005 0x0 0x0 0x0 0x0 0x0 0x0 0xc10003 0x0 0x50 0xc60005 0x108 0x0 0x0 0x0 0x0 0x0 0xce0005 0x108 0x0 0x0 0x0 0x0 0x0 0xd10007 0x108 0x70 0x0 0xdb0005 0x0 0x0 0x0 0x0 0x0 0x0 0xdf0003 0x0 0x50 0xe40005 0x108 0x0 0x0 0x0 0x0 0x0 0xec0005 0x108 0x0 0x0 0x0 0x0 0x0 0xef0007 0x108 0x70 0x0 0xf90005 0x0 0x0 0x0 0x0 0x0 0x0 0xfd0003 0x0 0x50 0x1020005 0x108 0x0 0x0 0x0 0x0 0x0 0x10a0005 0x108 0x0 0x0 0x0 0x0 0x0 0x1110005 0x108 0x0 0x0 0x0 0x0 0x0 0x1180005 0x108 0x0 0x0 0x0 0x0 0x0 0x11f0005 0x108 0x0 0x0 0x0 0x0 0x0 0x1260005 0x108 0x0 0x0 0x0 0x0 0x0 0x12d0005 0x108 0x0 0x0 0x0 0x0 0x0 0x1340005 0x108 0x0 0x0 0x0 0x0 0x0 0x13b0005 0x108 0x0 0x0 0x0 0x0 0x0 0x1470007 0x108 0x38 0x0 0x14f0003 0x0 0x50 0x1570007 0x0 0x38 0x108 0x15e0003 0x108 0x18 0x16c0007 0x108 0x38 0x0 0x1740003 0x0 0x50 0x17c0007 0x0 0x38 0x108 0x1830003 0x108 0x18 0x1910007 0x108 0x38 0x0 0x1990003 0x0 0x50 0x1a10007 0x0 0x38 0x108 0x1a80003 0x108 0x18 0x1b60007 0x108 0x38 0x0 0x1be0003 0x0 0x50 0x1c60007 0x0 0x38 0x108 0x1cd0003 0x108 0x18 0x1d60005 0x108 0x0 0x0 0x0 0x0 0x0 0x1de0005 0x108 0x0 0x0 0x0 0x0 0x0 0x1e10007 0x0 0x410 0x108 0x1e60004 0x0 0x0 0x2a7caa39d60 0x108 0x0 0x0 0x1e90007 0x0 0xb0 0x108 0x1ee0004 0x0 0x0 0x2a7caa39d60 0x108 0x0 0x0 0x1f10005 0x108 0x0 0x0 0x0 0x0 0x0 0x1f60007 0x0 0x1390 0x108 0x1fe0007 0x0 0x1370 0x108 0x21e0005 0x108 0x0 0x0 0x0 0x0 0x0 0x24a0007 0x0 0x298 0x108 0x2510007 0x0 0x278 0x108 0x25b0005 0x108 0x0 0x0 0x0 0x0 0x0 0x2600005 0x108 0x0 0x0 0x0 0x0 0x0 0x2630007 0x0 0x90 0x108 0x26a0007 0x108 0x70 0x0 0x2760005 0x0 0x0 0x0 0x0 0x0 0x0 0x27b0003 0x0 0x170 0x2800005 0x108 0x0 0x0 0x0 0x0 0x0 0x2830007 0x0 0xb0 0x108 0x2920007 0x108 0x20 0x0 0x29e0007 0x106 0x20 0x2 0x2b20005 0x0 0x0 0x2a7ca4920b0 0x108 0x0 0x0 0x2b70003 0x108 0x88 0x2ce0005 0x0 0x0 0x0 0x0 0x0 0x0 0x2d10005 0x0 0x0 0x0 0x0 0x0 0x0 0x2d60003 0x108 0x1080 0x2db0005 0x0 0x0 0x0 0x0 0x0 0x0 0x2de0007 0x0 0x9f8 0x0 0x2e50007 0x0 0x9d8 0x0 0x2ea0004 0x0 0x0 0x0 0x0 0x0 0x0 0x2ed0007 0x0 0xb0 0x0 0x2f20004 0x0 0x0 0x0 0x0 0x0 0x0 0x2f50005 0x0 0x0 0x0 0x0 0x0 0x0 0x2fa0007 0x0 0x1a0 0x0 0x3020007 0x0 0x180 0x0 0x3080002 0x0 0x30b0005 0x0 0x0 0x0 0x0 0x0 0x0 0x3150007 0x0 0x70 0x0 0x3290005 0x0 0x0 0x0 0x0 0x0 0x0 0x32e0003 0x0 0xc0 0x33e0005 0x0 0x0 0x0 0x0 0x0 0x0 0x3410005 0x0 0x0 0x0 0x0 0x0 0x0 0x3540005 0x0 0x0 0x0 0x0 0x0 0x0 0x35b0004 0x0 0x0 0x0 0x0 0x0 0x0 0x35e0007 0x0 0xb0 0x0 0x3630004 0x0 0x0 0x0 0x0 0x0 0x0 0x3660005 0x0 0x0 0x0 0x0 0x0 0x0 0x36b0007 0x0 0x1a0 0x0 0x3730007 0x0 0x180 0x0 0x3790002 0x0 0x37c0005 0x0 0x0 0x0 0x0 0x0 0x0 0x3860007 0x0 0x70 0x0 0x3a20005 0x0 0x0 0x0 0x0 0x0 0x0 0x3a70003 0x0 0xc0 0x3b70005 0x0 0x0 0x0 0x0 0x0 0x0 0x3ba0005 0x0 0x0 0x0 0x0 0x0 0x0 0x3d70005 0x0 0x0 0x0 0x0 0x0 0x0 0x3de0004 0x0 0x0 0x0 0x0 0x0 0x0 0x3e10007 0x0 0xb0 0x0 0x3e60004 0x0 0x0 0x0 0x0 0x0 0x0 0x3e90005 0x0 0x0 0x0 0x0 0x0 0x0 0x3ee0007 0x0 0x1a0 0x0 0x3f60007 0x0 0x180 0x0 0x3fc0002 0x0 0x3ff0005 0x0 0x0 0x0 0x0 0x0 0x0 0x4090007 0x0 0x70 0x0 0x4250005 0x0 0x0 0x0 0x0 0x0 0x0 0x42a0003 0x0 0xc0 0x43a0005 0x0 0x0 0x0 0x0 0x0 0x0 0x43d0005 0x0 0x0 0x0 0x0 0x0 0x0 0x45a0005 0x0 0x0 0x0 0x0 0x0 0x0 0x4610004 0x0 0x0 0x0 0x0 0x0 0x0 0x4640007 0x0 0xb0 0x0 0x4690004 0x0 0x0 0x0 0x0 0x0 0x0 0x46c0005 0x0 0x0 0x0 0x0 0x0 0x0 0x4710007 0x0 0x7f0 0x0 0x4790007 0x0 0x7d0 0x0 0x47f0002 0x0 0x4820005 0x0 0x0 0x0 0x0 0x0 0x0 0x48c0007 0x0 0x70 0x0 0x4a00005 0x0 0x0 0x0 0x0 0x0 0x0 0x4a50003 0x0 0x710 0x4b50005 0x0 0x0 0x0 0x0 0x0 0x0 0x4b80005 0x0 0x0 0x0 0x0 0x0 0x0 0x4cb0005 0x0 0x0 0x0 0x0 0x0 0x0 0x4d00003 0x0 0x650 0x4de0005 0x0 0x0 0x0 0x0 0x0 0x0 0x4e80007 0x0 0x180 0x0 0x4ed0005 0x0 0x0 0x0 0x0 0x0 0x0 0x4f20005 0x0 0x0 0x0 0x0 0x0 0x0 0x5100005 0x0 0x0 0x0 0x0 0x0 0x0 0x5130005 0x0 0x0 0x0 0x0 0x0 0x0 0x51b0002 0x0 0x51e0005 0x0 0x0 0x0 0x0 0x0 0x0 0x5280005 0x0 0x0 0x0 0x0 0x0 0x0 0x5320007 0x0 0x180 0x0 0x5370005 0x0 0x0 0x0 0x0 0x0 0x0 0x53c0005 0x0 0x0 0x0 0x0 0x0 0x0 0x55a0005 0x0 0x0 0x0 0x0 0x0 0x0 0x55d0005 0x0 0x0 0x0 0x0 0x0 0x0 0x5650002 0x0 0x5680005 0x0 0x0 0x0 0x0 0x0 0x0 0x5720005 0x0 0x0 0x0 0x0 0x0 0x0 0x57c0007 0x0 0x180 0x0 0x5810005 0x0 0x0 0x0 0x0 0x0 0x0 0x5860005 0x0 0x0 0x0 0x0 0x0 0x0 0x5a40005 0x0 0x0 0x0 0x0 0x0 0x0 0x5a70005 0x0 0x0 0x0 0x0 0x0 0x0 0x5af0002 0x0 0x5b20005 0x0 0x0 0x0 0x0 0x0 0x0 0x5bc0005 0x0 0x0 0x0 0x0 0x0 0x0 0x5c60007 0x0 0x180 0x0 0x5cb0005 0x0 0x0 0x0 0x0 0x0 0x0 0x5d00005 0x0 0x0 0x0 0x0 0x0 0x0 0x5ee0005 0x0 0x0 0x0 0x0 0x0 0x0 0x5f10005 0x0 0x0 0x0 0x0 0x0 0x0 0x5f90002 0x0 0x5fc0005 0x0 0x0 0x0 0x0 0x0 0x0 0x6060005 0x0 0x0 0x0 0x0 0x0 0x0 0x60e0003 0x108 0xffffffffffffe120 0x6150005 0x0 0x0 0x2a7caa04550 0x108 0x0 0x0 0x6200007 0x108 0x10e0 0x0 0x6260005 0x0 0x0 0x0 0x0 0x0 0x0 0x62b0004 0x0 0x0 0x0 0x0 0x0 0x0 0x6300002 0x0 0x6350005 0x0 0x0 0x0 0x0 0x0 0x0 0x6380005 0x0 0x0 0x0 0x0 0x0 0x0 0x63d0004 0x0 0x0 0x0 0x0 0x0 0x0 0x6440007 0x0 0x38 0x0 0x6470003 0x0 0xf60 0x64c0005 0x0 0x0 0x0 0x0 0x0 0x0 0x6530005 0x0 0x0 0x0 0x0 0x0 0x0 0x65a0005 0x0 0x0 0x0 0x0 0x0 0x0 0x6610005 0x0 0x0 0x0 0x0 0x0 0x0 0x6680005 0x0 0x0 0x0 0x0 0x0 0x0 0x66f0005 0x0 0x0 0x0 0x0 0x0 0x0 0x6760005 0x0 0x0 0x0 0x0 0x0 0x0 0x6790002 0x0 0x6810005 0x0 0x0 0x0 0x0 0x0 0x0 0x6840002 0x0 0x68c0005 0x0 0x0 0x0 0x0 0x0 0x0 0x68f0002 0x0 0x6970005 0x0 0x0 0x0 0x0 0x0 0x0 0x69a0002 0x0 0x6a30005 0x0 0x0 0x0 0x0 0x0 0x0 0x6a80005 0x0 0x0 0x0 0x0 0x0 0x0 0x6af0005 0x0 0x0 0x0 0x0 0x0 0x0 0x6b70005 0x0 0x0 0x0 0x0 0x0 0x0 0x6bc0005 0x0 0x0 0x0 0x0 0x0 0x0 0x6c30005 0x0 0x0 0x0 0x0 0x0 0x0 0x6cb0005 0x0 0x0 0x0 0x0 0x0 0x0 0x6d00005 0x0 0x0 0x0 0x0 0x0 0x0 0x6d70005 0x0 0x0 0x0 0x0 0x0 0x0 0x6df0005 0x0 0x0 0x0 0x0 0x0 0x0 0x6e40005 0x0 0x0 0x0 0x0 0x0 0x0 0x6eb0005 0x0 0x0 0x0 0x0 0x0 0x0 0x6f30005 0x0 0x0 0x0 0x0 0x0 0x0 0x6f80005 0x0 0x0 0x0 0x0 0x0 0x0 0x7000005 0x0 0x0 0x0 0x0 0x0 0x0 0x7080005 0x0 0x0 0x0 0x0 0x0 0x0 0x70d0005 0x0 0x0 0x0 0x0 0x0 0x0 0x7150005 0x0 0x0 0x0 0x0 0x0 0x0 0x71d0005 0x0 0x0 0x0 0x0 0x0 0x0 0x7220005 0x0 0x0 0x0 0x0 0x0 0x0 0x72a0005 0x0 0x0 0x0 0x0 0x0 0x0 0x7320005 0x0 0x0 0x0 0x0 0x0 0x0 0x7370005 0x0 0x0 0x0 0x0 0x0 0x0 0x73f0005 0x0 0x0 0x0 0x0 0x0 0x0 0x7550007 0x0 0x798 0x0 0x7690007 0x0 0x38 0x0 0x76c0003 0x0 0x758 0x7810002 0x0 0x7930002 0x0 0x7ed0005 0x0 0x0 0x0 0x0 0x0 0x0 0x7f20005 0x0 0x0 0x0 0x0 0x0 0x0 0x7f80007 0x0 0x38 0x0 0x7fe0003 0x0 0x50 0x8030007 0x0 0x38 0x0 0x80e0003 0x0 0x18 0x8200005 0x0 0x0 0x0 0x0 0x0 0x0 0x84c0005 0x0 0x0 0x0 0x0 0x0 0x0 0x87d0005 0x0 0x0 0x0 0x0 0x0 0x0 0x8870005 0x0 0x0 0x0 0x0 0x0 0x0 0x88d0007 0x0 0x38 0x0 0x8930003 0x0 0x50 0x8980007 0x0 0x38 0x0 0x8a30003 0x0 0x18 0x8b30005 0x0 0x0 0x0 0x0 0x0 0x0 0x8dc0005 0x0 0x0 0x0 0x0 0x0 0x0 0x8e60005 0x0 0x0 0x0 0x0 0x0 0x0 0x8ec0007 0x0 0x38 0x0 0x8f20003 0x0 0x50 0x8f70007 0x0 0x38 0x0 0x9020003 0x0 0x18 0x9120005 0x0 0x0 0x0 0x0 0x0 0x0 0x93f0005 0x0 0x0 0x0 0x0 0x0 0x0 0x9700005 0x0 0x0 0x0 0x0 0x0 0x0 0x9750005 0x0 0x0 0x0 0x0 0x0 0x0 0x97b0007 0x0 0x38 0x0 0x9810003 0x0 0x50 0x9860007 0x0 0x38 0x0 0x9910003 0x0 0x18 0x9a30005 0x0 0x0 0x0 0x0 0x0 0x0 0x9d30005 0x0 0x0 0x0 0x0 0x0 0x0 0xa080005 0x0 0x0 0x0 0x0 0x0 0x0 0xa0d0005 0x0 0x0 0x0 0x0 0x0 0x0 0xa100007 0x0 0x1a8 0x0 0xa150005 0x0 0x0 0x0 0x0 0x0 0x0 0xa1b0007 0x0 0x38 0x0 0xa210003 0x0 0x18 0xa2b0005 0x0 0x0 0x0 0x0 0x0 0x0 0xa310007 0x0 0x38 0x0 0xa370003 0x0 0x18 0xa450005 0x0 0x0 0x0 0x0 0x0 0x0 0xa4a0005 0x0 0x0 0x0 0x0 0x0 0x0 0xa6d0005 0x0 0x0 0x0 0x0 0x0 0x0 0xa730003 0x0 0xffffffffffffef38 0x0 0x0 0x0 0x0 0x0 0x0 0x0 0x0 0x0 0x0 0x0 0x0 0x0 0x0 0x0 0x0 0x0 0x0 0x0 0x0 0x0 0x0 0x0 0x0 0x0 0x0 0x0 0x0 0x0 0x0 0x0 0x0 0x0 0x0 0x0 0x0 0x0 0x0 0x0 0x0 0x0 0x0 0x0 0x0 0x0 0x0 0x0 0x0 0x0 0x0 0x0 0x0 0x0 0x0 0x9 0x2 0x0 0x0 oops 8 10 java/util/Collections$EmptyList 33 com/sun/javafx/UnmodifiableArrayList 44 com/sun/javafx/UnmodifiableArrayList 51 javafx/scene/layout/BorderStroke 377 javafx/scene/paint/Color 388 javafx/scene/paint/Color 476 com/sun/prism/d3d/D3DGraphics 1031 java/util/Collections$EmptyList methods 0
ciMethodData com/sun/prism/d3d/D3DTexture getContext ()Lcom/sun/prism/d3d/D3DContext; 2 9212 orig 80 0 0 0 0 0 0 0 0 0 0 0 0 251 127 0 0 0 0 0 0 0 0 0 0 0 0 0 0 0 0 0 0 0 0 0 0 0 0 0 0 0 0 0 0 0 0 0 0 0 0 0 0 0 0 0 0 0 0 0 0 0 0 0 0 0 0 0 0 0 0 0 0 0 0 0 0 0 0 0 0 data 37 0x40004 0x0 0x0 0x2a7ca3daf20 0x22fc 0x0 0x0 0x70005 0x22fc 0x0 0x0 0x0 0x0 0x0 0xa0004 0x0 0x0 0x2a7ca3db150 0x22fc 0x0 0x0 0xd0005 0x0 0x0 0x2a7ca3db150 0x22fc 0x0 0x0 0x0 0x0 0x0 0x0 0x0 0x0 0x9 0x1 0x0 oops 3 3 com/sun/prism/d3d/D3DTextureResource 17 com/sun/prism/d3d/D3DTextureData 24 com/sun/prism/d3d/D3DTextureData methods 0
ciMethodData com/sun/scenario/effect/impl/prism/ps/PPSRenderer validate ()Z 2 5418 orig 80 0 0 0 0 0 0 0 0 0 0 0 0 0 0 0 0 0 0 0 0 0 0 0 0 0 0 0 0 0 0 0 0 0 0 0 0 0 0 0 0 0 0 0 0 0 0 0 0 0 0 0 0 0 0 0 0 0 0 0 0 0 0 0 0 0 0 0 0 0 0 0 0 0 0 0 0 0 0 0 0 data 98 0x10005 0x0 0x0 0x2a7c9aa3110 0x1429 0x0 0x0 0x90005 0x1429 0x0 0x0 0x0 0x0 0x0 0xd0008 0xa 0x0 0x238 0x0 0x60 0x1429 0x238 0x0 0x238 0x0 0x238 0x300007 0x0 0x88 0x0 0x340002 0x0 0x3b0005 0x0 0x0 0x0 0x0 0x0 0x0 0x450007 0x0 0x20 0x0 0x4e0005 0x0 0x0 0x0 0x0 0x0 0x0 0x530007 0x0 0x58 0x0 0x570005 0x0 0x0 0x0 0x0 0x0 0x0 0x640005 0x0 0x0 0x0 0x0 0x0 0x0 0x710005 0x0 0x0 0x0 0x0 0x0 0x0 0x760007 0x0 0x38 0x0 0x7a0003 0x0 0x18 0x8e0003 0x0 0x18 0x0 0x0 0x0 0x0 0x0 0x0 0x0 0x0 0x0 0x0 0x9 0x1 0x0 oops 1 3 com/sun/scenario/effect/impl/prism/ps/PPSRenderer methods 0
ciMethodData com/sun/glass/ui/Screen hashCode ()I 2 6406 orig 80 0 0 0 0 0 0 0 0 0 0 0 0 251 127 0 0 0 0 0 0 0 0 0 0 0 0 0 0 0 0 0 0 0 0 0 0 0 0 0 0 0 0 0 0 0 0 0 0 0 0 0 0 0 0 0 0 0 0 0 0 0 0 0 0 0 0 0 0 0 0 0 0 0 0 0 0 0 0 0 0 data 52 0x980007 0x0 0x48 0x1800 0x9f0002 0x1800 0xa20003 0x1800 0x18 0xb20007 0x0 0x48 0x1800 0xb90002 0x1800 0xbc0003 0x1800 0x18 0xcc0007 0x0 0x48 0x1800 0xd30002 0x1800 0xd60003 0x1800 0x18 0xe60007 0x0 0x48 0x1800 0xed0002 0x1800 0xf00003 0x1800 0x18 0x0 0x0 0x0 0x0 0x0 0x0 0x0 0x0 0x0 0x0 0x0 0x0 0x0 0x9 0x1 0x0 oops 0 methods 0
ciMethodData com/sun/javafx/geom/Rectangle <init> (IIII)V 1 1009 orig 80 0 0 0 0 0 0 0 0 0 0 0 0 251 127 0 0 0 0 0 0 0 0 0 0 0 0 0 0 0 0 0 0 0 0 0 0 0 0 0 0 0 0 0 0 0 0 0 0 0 0 0 0 0 0 0 0 0 0 0 0 0 0 0 0 0 0 0 0 0 0 0 0 0 0 0 0 0 0 0 0 data 13 0x10002 0x2f1 0x0 0x0 0x0 0x0 0x9 0x5 0x0 0x0 0x0 0x0 0x0 oops 0 methods 0
ciMethodData com/sun/prism/d3d/D3DRTTexture createGraphics ()Lcom/sun/prism/Graphics; 2 5991 orig 80 0 0 0 0 0 0 0 0 0 0 0 0 251 127 0 0 0 0 0 0 0 0 0 0 0 0 0 0 0 0 0 0 0 0 0 0 0 0 0 0 0 0 0 0 0 0 0 0 0 0 0 0 0 0 0 0 0 0 0 0 0 0 0 0 0 0 0 0 0 0 0 0 0 0 0 0 0 0 0 0 data 18 0x20005 0x0 0x0 0x2a7c973e2e0 0x15e6 0x0 0x0 0x50002 0x15e6 0x0 0x0 0x0 0x0 0x0 0x0 0x9 0x1 0x0 oops 1 3 com/sun/prism/d3d/D3DRTTexture methods 0
ciMethodData com/sun/javafx/geom/Rectangle setBounds (Lcom/sun/javafx/geom/BaseBounds;)V 2 5507 orig 80 0 0 0 0 0 0 0 0 0 0 0 0 251 127 0 0 0 0 0 0 0 0 0 0 0 0 0 0 0 0 0 0 0 0 0 0 0 0 0 0 0 0 0 0 0 0 0 0 0 0 0 0 0 0 0 0 0 0 0 0 0 0 0 0 0 0 0 0 0 0 0 0 0 0 0 0 0 0 0 0 data 46 0x20005 0x0 0x0 0x2a7c99e2520 0x1403 0x0 0x0 0x60002 0x1403 0xf0005 0x0 0x0 0x2a7c99e2520 0x1403 0x0 0x0 0x130002 0x1403 0x1b0005 0x0 0x0 0x2a7c99e2520 0x1403 0x0 0x0 0x1f0002 0x1403 0x250005 0x0 0x0 0x2a7c99e2520 0x1403 0x0 0x0 0x290002 0x1403 0x0 0x0 0x0 0x0 0x0 0x0 0x9 0x2 0x0 0x0 oops 4 3 com/sun/javafx/geom/RectBounds 12 com/sun/javafx/geom/RectBounds 21 com/sun/javafx/geom/RectBounds 30 com/sun/javafx/geom/RectBounds methods 0
ciMethodData com/sun/scenario/effect/impl/prism/ps/PPSDrawable createGraphics ()Lcom/sun/prism/Graphics; 2 5983 orig 80 0 0 0 0 0 0 0 0 0 0 0 0 251 127 0 0 0 0 0 0 0 0 0 0 0 0 0 0 0 0 0 0 0 0 0 0 0 0 0 0 0 0 0 0 0 0 0 0 0 0 0 0 0 0 0 0 0 0 0 0 0 0 0 0 0 0 0 0 0 0 0 0 0 0 0 0 0 0 0 0 data 16 0x10005 0x0 0x0 0x2a7c99e6380 0x15d4 0x0 0x0 0x0 0x0 0x0 0x0 0x0 0x0 0x9 0x1 0x0 oops 1 3 com/sun/scenario/effect/impl/prism/ps/PPSDrawable methods 0
ciMethodData com/sun/scenario/effect/impl/prism/ps/PPSDrawable createGraphics ()Lcom/sun/prism/ps/ShaderGraphics; 2 5983 orig 80 0 0 0 0 0 0 0 0 0 0 0 0 167 2 0 0 0 0 0 0 0 0 0 0 0 0 0 0 0 0 0 0 0 0 0 0 0 0 0 0 0 0 0 0 0 0 0 0 0 0 0 0 0 0 0 0 0 0 0 0 0 0 0 0 0 0 0 0 0 0 0 0 0 0 0 0 0 0 0 0 data 23 0x40005 0x0 0x0 0x2a7c973e2e0 0x15d4 0x0 0x0 0x90004 0x0 0x0 0x2a7ca4920b0 0x15d4 0x0 0x0 0x0 0x0 0x0 0x0 0x0 0x0 0x9 0x1 0x0 oops 2 3 com/sun/prism/d3d/D3DRTTexture 10 com/sun/prism/d3d/D3DGraphics methods 0
ciMethodData com/sun/prism/impl/BaseGraphics translate (FF)V 2 2993 orig 80 0 0 0 0 0 0 0 0 0 0 0 0 0 0 0 0 0 0 0 0 0 0 0 0 0 0 0 0 0 0 0 0 0 0 0 0 0 0 0 0 0 0 0 0 0 0 0 0 0 0 0 0 0 0 0 0 0 0 0 0 0 0 0 0 0 0 0 0 0 0 0 0 0 0 0 0 0 0 0 0 data 33 0x30007 0xa79 0x40 0x0 0x90007 0x0 0x90 0x0 0x140005 0x0 0x0 0x2a7ca492160 0xa79 0x0 0x0 0x180005 0xa79 0x0 0x0 0x0 0x0 0x0 0x0 0x0 0x0 0x0 0x0 0x0 0x9 0x3 0x0 0x0 0x0 oops 1 11 com/sun/javafx/geom/transform/Affine3D methods 0
ciMethodData com/sun/javafx/geom/Rectangle reshape (IIII)V 2 2993 orig 80 0 0 0 0 0 0 0 0 0 0 0 0 251 127 0 0 0 0 0 0 0 0 0 0 0 0 0 0 0 0 0 0 0 0 0 0 0 0 0 0 0 0 0 0 0 0 0 0 0 0 0 0 0 0 0 0 0 0 0 0 0 0 0 0 0 0 0 0 0 0 0 0 0 0 0 0 0 0 0 0 data 11 0x0 0x0 0x0 0x0 0x9 0x5 0x0 0x0 0x0 0x0 0x0 oops 0 methods 0
ciMethodData com/sun/javafx/geom/Rectangle <init> (II)V 1 686 orig 80 0 0 0 0 0 0 0 0 0 0 0 0 251 127 0 0 0 0 0 0 0 0 0 0 0 0 0 0 0 0 0 0 0 0 0 0 0 0 0 0 0 0 0 0 0 0 0 0 0 0 0 0 0 0 0 0 0 0 0 0 0 0 0 0 0 0 0 0 0 0 0 0 0 0 0 0 0 0 0 0 data 9 0x50002 0x1ac 0x0 0x0 0x9 0x3 0x0 0x0 0x0 oops 0 methods 0
ciMethodData com/sun/scenario/effect/impl/Renderer getRenderer (Lcom/sun/scenario/effect/FilterContext;)Lcom/sun/scenario/effect/impl/Renderer; 2 5986 orig 80 0 0 0 0 0 0 0 0 0 0 0 0 251 127 0 0 0 0 0 0 0 0 0 0 0 0 0 0 0 0 0 0 0 0 0 0 0 0 0 0 0 0 0 0 0 0 0 0 0 0 0 0 0 0 0 0 0 0 0 0 0 0 0 0 0 0 0 0 0 0 0 0 0 0 0 0 0 0 0 0 data 237 0x10007 0x1563 0x30 0x0 0xa0002 0x0 0x120005 0x0 0x0 0x2a7ca458560 0x1563 0x0 0x0 0x170004 0x0 0x0 0x2a7c9aa3110 0x1563 0x0 0x0 0x1c0007 0x0 0x1b8 0x1563 0x200005 0x0 0x0 0x2a7c9aa3110 0x1563 0x0 0x0 0x260007 0x1563 0x20 0x0 0x2c0005 0x0 0x0 0x2a7c9aa3110 0x1563 0x0 0x0 0x320007 0x0 0x20 0x1563 0x380005 0x0 0x0 0x0 0x0 0x0 0x0 0x3e0007 0x0 0x58 0x0 0x420005 0x0 0x0 0x0 0x0 0x0 0x0 0x470005 0x0 0x0 0x0 0x0 0x0 0x0 0x4d0007 0x0 0x20 0x0 0x530007 0x0 0x4b8 0x0 0x590005 0x0 0x0 0x0 0x0 0x0 0x0 0x600005 0x0 0x0 0x0 0x0 0x0 0x0 0x670005 0x0 0x0 0x0 0x0 0x0 0x0 0x6c0007 0x0 0x170 0x0 0x700005 0x0 0x0 0x0 0x0 0x0 0x0 0x750004 0x0 0x0 0x0 0x0 0x0 0x0 0x7c0005 0x0 0x0 0x0 0x0 0x0 0x0 0x820007 0x0 0x90 0x0 0x8a0005 0x0 0x0 0x0 0x0 0x0 0x0 0x8e0005 0x0 0x0 0x0 0x0 0x0 0x0 0x930003 0x0 0xfffffffffffffe70 0x970002 0x0 0x9c0007 0x0 0x30 0x0 0xa50002 0x0 0xac0007 0x0 0x208 0x0 0xb00005 0x0 0x0 0x0 0x0 0x0 0x0 0xb30005 0x0 0x0 0x0 0x0 0x0 0x0 0xbb0005 0x0 0x0 0x0 0x0 0x0 0x0 0xc00005 0x0 0x0 0x0 0x0 0x0 0x0 0xc60005 0x0 0x0 0x0 0x0 0x0 0x0 0xd10005 0x0 0x0 0x0 0x0 0x0 0x0 0xd40002 0x0 0xd90002 0x0 0xdc000a 0x0 0x5 0x0 0x0 0x1 0x0 0x0 0xe10005 0x0 0x0 0x0 0x0 0x0 0x0 0xe90005 0x0 0x0 0x0 0x0 0x0 0x0 0x0 0x0 0x0 0x0 0x0 0x0 0x0 0x0 0x9 0x1 0x0 oops 4 9 java/util/HashMap 16 com/sun/scenario/effect/impl/prism/ps/PPSRenderer 27 com/sun/scenario/effect/impl/prism/ps/PPSRenderer 38 com/sun/scenario/effect/impl/prism/ps/PPSRenderer methods 0
ciMethodData com/sun/scenario/effect/impl/prism/PrFilterContext hashCode ()I 2 5986 orig 80 0 0 0 0 0 0 0 0 0 0 0 0 251 127 0 0 0 0 0 0 0 0 0 0 0 0 0 0 0 0 0 0 0 0 0 0 0 0 0 0 0 0 0 0 0 0 0 0 0 0 0 0 0 0 0 0 0 0 0 0 0 0 0 0 0 0 0 0 0 0 0 0 0 0 0 0 0 0 0 0 data 25 0x10005 0x1563 0x0 0x0 0x0 0x0 0x0 0x40005 0x0 0x0 0x2a7ca06dfc0 0x1563 0x0 0x0 0xb0002 0x1563 0x0 0x0 0x0 0x0 0x0 0x0 0x9 0x1 0x0 oops 1 10 com/sun/glass/ui/Screen methods 0
ciMethodData com/sun/scenario/effect/impl/prism/PrFilterContext hashCode (Z)I 2 5986 orig 80 0 0 0 0 0 0 0 0 0 0 0 0 251 127 0 0 0 0 0 0 0 0 0 0 0 0 0 0 0 0 0 0 0 0 0 0 0 0 0 0 0 0 0 0 0 0 0 0 0 0 0 0 0 0 0 0 0 0 0 0 0 0 0 0 0 0 0 0 0 0 0 0 0 0 0 0 0 0 0 0 data 11 0x10007 0x1563 0x38 0x0 0x70003 0x0 0x18 0x0 0x9 0x1 0x0 oops 0 methods 0
ciMethodData com/sun/javafx/geom/Rectangle setBounds (IIII)V 2 2993 orig 80 0 0 0 0 0 0 0 0 0 0 0 0 167 2 0 0 0 0 0 0 0 0 0 0 0 0 0 0 0 0 0 0 0 0 0 0 0 0 0 0 0 0 0 0 0 0 0 0 0 0 0 0 0 0 0 0 0 0 0 0 0 0 0 0 0 0 0 0 0 0 0 0 0 0 0 0 0 0 0 0 data 20 0x60005 0xa79 0x0 0x0 0x0 0x0 0x0 0x0 0x0 0x0 0x0 0x0 0x0 0x9 0x5 0x0 0x0 0x0 0x0 0x0 oops 0 methods 0
ciMethodData com/sun/prism/d3d/D3DTexture update (Ljava/nio/Buffer;Lcom/sun/prism/PixelFormat;IIIIIIIZ)V 2 3219 orig 80 0 0 0 0 0 0 0 0 0 0 0 0 251 127 0 0 0 0 0 0 0 0 0 0 0 0 0 0 0 0 0 0 0 0 0 0 0 0 0 0 0 0 0 0 0 0 0 0 0 0 0 0 0 0 0 0 0 0 0 0 0 0 0 0 0 0 0 0 0 0 0 0 0 0 0 0 0 0 0 0 data 241 0x100005 0x0 0x0 0x2a7c9740770 0xb13 0x0 0x0 0x150007 0xb13 0x90 0x0 0x190005 0x0 0x0 0x0 0x0 0x0 0x0 0x1c0005 0x0 0x0 0x0 0x0 0x0 0x0 0x200005 0xb13 0x0 0x0 0x0 0x0 0x0 0x260005 0xb13 0x0 0x0 0x0 0x0 0x0 0x2c0005 0xb13 0x0 0x0 0x0 0x0 0x0 0x320005 0xb13 0x0 0x0 0x0 0x0 0x0 0x380005 0xb13 0x0 0x0 0x0 0x0 0x0 0x3e0005 0xb13 0x0 0x0 0x0 0x0 0x0 0x590005 0x0 0x0 0x2a7c9740770 0xb13 0x0 0x0 0x600005 0xb13 0x0 0x0 0x0 0x0 0x0 0x630005 0xb13 0x0 0x0 0x0 0x0 0x0 0x670008 0xa 0xb11 0x430 0x2 0x60 0x0 0x78 0x0 0x248 0x0 0x260 0x840003 0x2 0x3d0 0x8b0007 0x0 0x58 0x0 0x940007 0x0 0x38 0x0 0x980003 0x0 0x18 0xa20007 0x0 0x58 0x0 0xac0007 0x0 0x38 0x0 0xb00003 0x0 0x18 0xb80007 0x0 0x58 0x0 0xd60005 0x0 0x0 0x0 0x0 0x0 0x0 0xdb0007 0x0 0x2b0 0x0 0xf80005 0x0 0x0 0x0 0x0 0x0 0x0 0xfd0007 0x0 0x258 0x0 0x11f0005 0x0 0x0 0x0 0x0 0x0 0x0 0x1220003 0x0 0x200 0x1250003 0x0 0x1e8 0x12c0007 0x0 0x58 0x0 0x1300007 0x0 0x38 0x0 0x1340003 0x0 0x18 0x13e0007 0x0 0x58 0x0 0x1430007 0x0 0x38 0x0 0x1470003 0x0 0x18 0x14f0007 0x0 0x58 0x0 0x1680005 0x0 0x0 0x0 0x0 0x0 0x0 0x16d0007 0x0 0xc8 0x0 0x1850005 0x0 0x0 0x0 0x0 0x0 0x0 0x18a0007 0x0 0x70 0x0 0x1a20005 0x0 0x0 0x0 0x0 0x0 0x0 0x1a50003 0x0 0x18 0x0 0x0 0x0 0x0 0x0 0x0 0x9 0xb 0x0 0x0 0x0 0x0 0x0 0x0 0x0 0x0 0x0 0x0 0x0 oops 2 3 com/sun/prism/d3d/D3DTexture 70 com/sun/prism/d3d/D3DTexture methods 0
ciMethodData com/sun/javafx/sg/prism/NGNode getContentBounds (Lcom/sun/javafx/geom/BaseBounds;Lcom/sun/javafx/geom/transform/BaseTransform;)Lcom/sun/javafx/geom/BaseBounds; 2 2995 orig 80 0 0 0 0 0 0 0 0 0 0 0 0 251 127 0 0 0 0 0 0 0 0 0 0 0 0 0 0 0 0 0 0 0 0 0 0 0 0 0 0 0 0 0 0 0 0 0 0 0 0 0 0 0 0 0 0 0 0 0 0 0 0 0 0 0 0 0 0 0 0 0 0 0 0 0 0 0 0 0 0 data 117 0x10005 0x0 0x0 0x2a7ca492160 0xa26 0x2a7fd868080 0x2 0x40007 0xa26 0x2e0 0x2 0xc0005 0x0 0x0 0x2a7c99e2520 0x2 0x0 0x0 0x110005 0x0 0x0 0x2a7fd868080 0x2 0x0 0x0 0x140007 0x2 0x250 0x0 0x180005 0x0 0x0 0x0 0x0 0x0 0x0 0x1e0005 0x0 0x0 0x0 0x0 0x0 0x0 0x250005 0x0 0x0 0x0 0x0 0x0 0x0 0x2d0005 0x0 0x0 0x0 0x0 0x0 0x0 0x330005 0x0 0x0 0x0 0x0 0x0 0x0 0x3a0005 0x0 0x0 0x0 0x0 0x0 0x0 0x410005 0x0 0x0 0x0 0x0 0x0 0x0 0x470005 0x0 0x0 0x0 0x0 0x0 0x0 0x4e0005 0x0 0x0 0x0 0x0 0x0 0x0 0x540005 0x0 0x0 0x0 0x0 0x0 0x0 0x5d0005 0xa26 0x0 0x0 0x0 0x0 0x0 0x0 0x0 0x0 0x0 0x0 0x0 0x9 0x3 0x0 0x0 0x0 oops 4 3 com/sun/javafx/geom/transform/Affine3D 5 com/sun/javafx/geom/transform/Identity 14 com/sun/javafx/geom/RectBounds 21 com/sun/javafx/geom/transform/Identity methods 0
ciMethodData com/sun/javafx/geom/Rectangle <init> (Lcom/sun/javafx/geom/BaseBounds;)V 2 2993 orig 80 0 0 0 0 0 0 0 0 0 0 0 0 167 2 0 0 0 0 0 0 0 0 0 0 0 0 0 0 0 0 0 0 0 0 0 0 0 0 0 0 0 0 0 0 0 0 0 0 0 0 0 0 0 0 0 0 0 0 0 0 0 0 0 0 0 0 0 0 0 0 0 0 0 0 0 0 0 0 0 0 data 19 0x10002 0xa26 0x60005 0x0 0x0 0x2a7c99e29c0 0xa26 0x0 0x0 0x0 0x0 0x0 0x0 0x0 0x0 0x9 0x2 0x0 0x0 oops 1 5 com/sun/javafx/geom/Rectangle methods 0
ciMethodData com/sun/javafx/geom/Rectangle intersectWith (Lcom/sun/javafx/geom/Rectangle;)V 2 2993 orig 80 0 0 0 0 0 0 0 0 0 0 0 0 167 2 0 0 0 0 0 0 0 0 0 0 0 0 0 0 0 0 0 0 0 0 0 0 0 0 0 0 0 0 0 0 0 0 0 0 0 0 0 0 0 0 0 0 0 0 0 0 0 0 0 0 0 0 0 0 0 0 0 0 0 0 0 0 0 0 0 0 data 45 0x10007 0xa26 0x20 0x0 0x580007 0xa26 0x20 0x0 0x610007 0xa26 0x20 0x0 0x6c0007 0xa26 0x20 0x0 0x780007 0xa0f 0x20 0x17 0x930007 0xa26 0x20 0x0 0xa10007 0xa26 0x20 0x0 0xb20005 0x0 0x0 0x2a7c99e29c0 0xa26 0x0 0x0 0x0 0x0 0x0 0x0 0x0 0x0 0x9 0x2 0x0 0x0 oops 1 31 com/sun/javafx/geom/Rectangle methods 0
ciMethodData com/sun/scenario/effect/Effect getCompatibleImage (Lcom/sun/scenario/effect/FilterContext;II)Lcom/sun/scenario/effect/Filterable; 2 2993 orig 80 0 0 0 0 0 0 0 0 0 0 0 0 167 2 0 0 0 0 0 0 0 0 0 0 0 0 0 0 0 0 0 0 0 0 0 0 0 0 0 0 0 0 0 0 0 0 0 0 0 0 0 0 0 0 0 0 0 0 0 0 0 0 0 0 0 0 0 0 0 0 0 0 0 0 0 0 0 0 0 0 data 20 0x10002 0xa26 0x60005 0x0 0x0 0x2a7c9aa3110 0xa26 0x0 0x0 0x0 0x0 0x0 0x0 0x0 0x0 0x9 0x3 0x0 0x0 0x0 oops 1 5 com/sun/scenario/effect/impl/prism/ps/PPSRenderer methods 0
ciMethodData com/sun/scenario/effect/impl/prism/ps/PPSRenderer getCompatibleImage (II)Lcom/sun/scenario/effect/impl/PoolFilterable; 2 2993 orig 80 0 0 0 0 0 0 0 0 0 0 0 0 167 2 0 0 0 0 0 0 0 0 0 0 0 0 0 0 0 0 0 0 0 0 0 0 0 0 0 0 0 0 0 0 0 0 0 0 0 0 0 0 0 0 0 0 0 0 0 0 0 0 0 0 0 0 0 0 0 0 0 0 0 0 0 0 0 0 0 0 data 18 0x30005 0x0 0x0 0x2a7c9aa3110 0xa26 0x0 0x0 0x0 0x0 0x0 0x0 0x0 0x0 0x9 0x3 0x0 0x0 0x0 oops 1 3 com/sun/scenario/effect/impl/prism/ps/PPSRenderer methods 0
ciMethodData com/sun/scenario/effect/impl/prism/ps/PPSRenderer getCompatibleImage (II)Lcom/sun/scenario/effect/impl/prism/ps/PPSDrawable; 2 2993 orig 80 0 0 0 0 0 0 0 0 0 0 0 0 251 127 0 0 0 0 0 0 0 0 0 0 0 0 0 0 0 0 0 0 0 0 0 0 0 0 0 0 0 0 0 0 0 0 0 0 0 0 0 0 0 0 0 0 0 0 0 0 0 0 0 0 0 0 0 0 0 0 0 0 0 0 0 0 0 0 0 0 data 42 0x10005 0xa26 0x0 0x0 0x0 0x0 0x0 0x40007 0xa26 0x20 0x0 0xc0002 0xa26 0xf0004 0x0 0x0 0x2a7c99e6380 0xa26 0x0 0x0 0x140007 0xa26 0x58 0x0 0x180005 0x0 0x0 0x0 0x0 0x0 0x0 0x0 0x0 0x0 0x0 0x0 0x0 0x9 0x3 0x0 0x0 0x0 oops 1 16 com/sun/scenario/effect/impl/prism/ps/PPSDrawable methods 0
ciMethodData com/sun/scenario/effect/Effect releaseCompatibleImage (Lcom/sun/scenario/effect/FilterContext;Lcom/sun/scenario/effect/Filterable;)V 2 2993 orig 80 0 0 0 0 0 0 0 0 0 0 0 0 167 2 0 0 0 0 0 0 0 0 0 0 0 0 0 0 0 0 0 0 0 0 0 0 0 0 0 0 0 0 0 0 0 0 0 0 0 0 0 0 0 0 0 0 0 0 0 0 0 0 0 0 0 0 0 0 0 0 0 0 0 0 0 0 0 0 0 0 data 19 0x10002 0xa25 0x50005 0x0 0x0 0x2a7c9aa3110 0xa25 0x0 0x0 0x0 0x0 0x0 0x0 0x0 0x0 0x9 0x2 0x0 0x0 oops 1 5 com/sun/scenario/effect/impl/prism/ps/PPSRenderer methods 0
ciMethodData com/sun/scenario/effect/impl/Renderer releaseCompatibleImage (Lcom/sun/scenario/effect/Filterable;)V 2 2993 orig 80 0 0 0 0 0 0 0 0 0 0 0 0 251 127 0 0 0 0 0 0 0 0 0 0 0 0 0 0 0 0 0 0 0 0 0 0 0 0 0 0 0 0 0 0 0 0 0 0 0 0 0 0 0 0 0 0 0 0 0 0 0 0 0 0 0 0 0 0 0 0 0 0 0 0 0 0 0 0 0 0 data 60 0x10004 0x0 0x0 0x2a7c99e6380 0xa25 0x0 0x0 0x40007 0x0 0x120 0xa25 0x80004 0x0 0x0 0x2a7c99e6380 0xa25 0x0 0x0 0xb0005 0x0 0x0 0x2a7c99e6380 0xa25 0x0 0x0 0x120007 0x0 0x90 0xa25 0x170004 0x0 0x0 0x2a7c99e6380 0xa25 0x0 0x0 0x1a0005 0x0 0x0 0x2a7c9aa8080 0xa25 0x0 0x0 0x1f0005 0x0 0x0 0x0 0x0 0x0 0x0 0x0 0x0 0x0 0x0 0x0 0x0 0x9 0x2 0x0 0x0 oops 5 3 com/sun/scenario/effect/impl/prism/ps/PPSDrawable 14 com/sun/scenario/effect/impl/prism/ps/PPSDrawable 21 com/sun/scenario/effect/impl/prism/ps/PPSDrawable 32 com/sun/scenario/effect/impl/prism/ps/PPSDrawable 39 com/sun/scenario/effect/impl/ImagePool methods 0
ciMethodData com/sun/javafx/sg/prism/NGNode computeBounds (Lcom/sun/javafx/geom/BaseBounds;Lcom/sun/javafx/geom/transform/BaseTransform;)Lcom/sun/javafx/geom/BaseBounds; 2 2993 orig 80 0 0 0 0 0 0 0 0 0 0 0 0 0 0 0 0 0 0 0 0 0 0 0 0 0 0 0 0 0 0 0 0 0 0 0 0 0 0 0 0 0 0 0 0 0 0 0 0 0 0 0 0 0 0 0 0 0 0 0 0 0 0 0 0 0 0 0 0 0 0 0 0 0 0 0 0 0 0 0 0 data 25 0x50005 0x0 0x0 0x2a7c99e2520 0x9b2 0x0 0x0 0xf0005 0x0 0x0 0x2a7ca492160 0x9b2 0x0 0x0 0x0 0x0 0x0 0x0 0x0 0x0 0x9 0x3 0x0 0x0 0x0 oops 2 3 com/sun/javafx/geom/RectBounds 10 com/sun/javafx/geom/transform/Affine3D methods 0
ciMethodData com/sun/scenario/effect/impl/Renderer getCompatibleImage (II)Lcom/sun/scenario/effect/impl/PoolFilterable; 2 2993 orig 80 0 0 0 0 0 0 0 0 0 0 0 0 236 0 0 0 0 0 0 0 0 0 0 0 0 0 0 0 0 0 0 0 0 0 0 0 0 0 0 0 0 0 0 0 0 0 0 0 0 0 0 0 0 0 0 0 0 0 0 0 0 0 0 0 0 0 0 0 0 0 0 0 0 0 0 0 0 0 0 0 data 18 0x70005 0x0 0x0 0x2a7c9aa8080 0x9b2 0x0 0x0 0x0 0x0 0x0 0x0 0x0 0x0 0x9 0x3 0x0 0x0 0x0 oops 1 3 com/sun/scenario/effect/impl/ImagePool methods 0
ciMethodData com/sun/scenario/effect/impl/ImagePool checkOut (Lcom/sun/scenario/effect/impl/Renderer;II)Lcom/sun/scenario/effect/impl/PoolFilterable; 2 8108 orig 80 0 0 0 0 0 0 0 0 0 0 0 0 0 0 0 0 0 0 0 0 0 0 0 0 0 0 0 0 0 0 0 0 0 0 0 0 0 0 0 0 0 0 0 0 0 0 0 0 0 0 0 0 0 0 0 0 0 0 0 0 0 0 0 0 0 0 0 0 0 0 0 0 0 0 0 0 0 0 0 0 data 308 0x10007 0x0 0x40 0x9b2 0x50007 0x9b2 0x20 0x0 0x280005 0x0 0x0 0x2a7c9aa3110 0x9b2 0x0 0x0 0x2e0005 0x0 0x0 0x2a7c9aa3110 0x9b2 0x0 0x0 0x540005 0x0 0x0 0x2a7fd60b080 0x9b2 0x0 0x0 0x5d0005 0x0 0x0 0x2a7caf07400 0x2634 0x0 0x0 0x620007 0x9b2 0x3d0 0x1c82 0x670005 0x0 0x0 0x2a7caf07400 0x1c82 0x0 0x0 0x6c0004 0x0 0x0 0x2a7fd608de0 0x1c82 0x0 0x0 0x730005 0x0 0x0 0x2a7fd608de0 0x1c82 0x0 0x0 0x760004 0x0 0x0 0x2a7c99e6380 0x1c82 0x0 0x0 0x7d0007 0x1c82 0x70 0x0 0x820005 0x0 0x0 0x0 0x0 0x0 0x0 0x870003 0x0 0xfffffffffffffe70 0x8c0005 0x0 0x0 0x2a7c99e6380 0x1c82 0x0 0x0 0x950005 0x0 0x0 0x2a7c99e6380 0x1c82 0x0 0x0 0x9f0007 0xd 0x1d8 0x1c75 0xa50007 0xd 0x1b8 0x1c68 0xb20007 0x12b6 0x198 0x9b2 0xc20007 0x9b2 0x40 0x0 0xc90007 0x0 0x158 0x0 0xce0005 0x0 0x0 0x2a7c99e6380 0x9b2 0x0 0x0 0xd50005 0x0 0x0 0x2a7c99e6380 0x9b2 0x0 0x0 0xda0007 0x9b2 0x70 0x0 0xdf0005 0x0 0x0 0x0 0x0 0x0 0x0 0xe40003 0x0 0xfffffffffffffc80 0xe90007 0x9b2 0x58 0x0 0xee0005 0x0 0x0 0x0 0x0 0x0 0x0 0xff0003 0x1c82 0xfffffffffffffc10 0x1040007 0x0 0xc8 0x9b2 0x10d0005 0x0 0x0 0x2a7fd60b080 0x9b2 0x0 0x0 0x1190005 0x0 0x0 0x2a7fd60b080 0x9b2 0x0 0x0 0x1220005 0x0 0x0 0x2a7c9aa3110 0x9b2 0x0 0x0 0x12c0005 0x0 0x0 0x0 0x0 0x0 0x0 0x1350005 0x0 0x0 0x0 0x0 0x0 0x0 0x13a0007 0x0 0x170 0x0 0x13f0005 0x0 0x0 0x0 0x0 0x0 0x0 0x1440004 0x0 0x0 0x0 0x0 0x0 0x0 0x14b0005 0x0 0x0 0x0 0x0 0x0 0x0 0x14e0004 0x0 0x0 0x0 0x0 0x0 0x0 0x1550007 0x0 0x58 0x0 0x15a0005 0x0 0x0 0x0 0x0 0x0 0x0 0x15f0003 0x0 0xfffffffffffffe70 0x1680005 0x0 0x0 0x0 0x0 0x0 0x0 0x16d0003 0x0 0x18 0x1740007 0x0 0xa8 0x0 0x1780005 0x0 0x0 0x0 0x0 0x0 0x0 0x17e0005 0x0 0x0 0x0 0x0 0x0 0x0 0x1830003 0x0 0x18 0x18a0007 0x0 0xa0 0x0 0x1900005 0x0 0x0 0x0 0x0 0x0 0x0 0x19f0002 0x0 0x1a20005 0x0 0x0 0x0 0x0 0x0 0x0 0x0 0x0 0x0 0x0 0x0 0x0 0x0 0x0 0x9 0x4 0x0 0x0 0x0 0x0 oops 15 11 com/sun/scenario/effect/impl/prism/ps/PPSRenderer 18 com/sun/scenario/effect/impl/prism/ps/PPSRenderer 25 java/util/ArrayList 32 java/util/ArrayList$Itr 43 java/util/ArrayList$Itr 50 java/lang/ref/SoftReference 57 java/lang/ref/SoftReference 64 com/sun/scenario/effect/impl/prism/ps/PPSDrawable 85 com/sun/scenario/effect/impl/prism/ps/PPSDrawable 92 com/sun/scenario/effect/impl/prism/ps/PPSDrawable 119 com/sun/scenario/effect/impl/prism/ps/PPSDrawable 126 com/sun/scenario/effect/impl/prism/ps/PPSDrawable 165 java/util/ArrayList 172 java/util/ArrayList 179 com/sun/scenario/effect/impl/prism/ps/PPSRenderer methods 0
ciMethodData com/sun/scenario/effect/impl/prism/PrTexture unlock ()V 2 2993 orig 80 0 0 0 0 0 0 0 0 0 0 0 0 167 2 0 0 0 0 0 0 0 0 0 0 0 0 0 0 0 0 0 0 0 0 0 0 0 0 0 0 0 0 0 0 0 0 0 0 0 0 0 0 0 0 0 0 0 0 0 0 0 0 0 0 0 0 0 0 0 0 0 0 0 0 0 0 0 0 0 0 data 20 0x40007 0x0 0x58 0x9b2 0xb0005 0x0 0x0 0x2a7c973e2e0 0x9b2 0x0 0x0 0x0 0x0 0x0 0x0 0x0 0x0 0x9 0x1 0x0 oops 1 7 com/sun/prism/d3d/D3DRTTexture methods 0
ciMethodData com/sun/scenario/effect/impl/prism/PrDrawable getImagePool ()Lcom/sun/scenario/effect/impl/ImagePool; 2 2993 orig 80 0 0 0 0 0 0 0 0 0 0 0 0 251 127 0 0 0 0 0 0 0 0 0 0 0 0 0 0 0 0 0 0 0 0 0 0 0 0 0 0 0 0 0 0 0 0 0 0 0 0 0 0 0 0 0 0 0 0 0 0 0 0 0 0 0 0 0 0 0 0 0 0 0 0 0 0 0 0 0 0 data 30 0x40007 0x9b2 0x38 0x0 0x80003 0x0 0x88 0xf0005 0x0 0x0 0x2a7fd608e70 0x9b2 0x0 0x0 0x120004 0x0 0x0 0x2a7c9aa8080 0x9b2 0x0 0x0 0x0 0x0 0x0 0x0 0x0 0x0 0x9 0x1 0x0 oops 2 10 java/lang/ref/WeakReference 17 com/sun/scenario/effect/impl/ImagePool methods 0
ciMethodData com/sun/scenario/effect/impl/ImagePool checkIn (Lcom/sun/scenario/effect/impl/PoolFilterable;)V 2 2993 orig 80 0 0 0 0 0 0 0 0 0 0 0 0 0 0 0 0 0 0 0 0 0 0 0 0 0 0 0 0 0 0 0 0 0 0 0 0 0 0 0 0 0 0 0 0 0 0 0 0 0 0 0 0 0 0 0 0 0 0 0 0 0 0 0 0 0 0 0 0 0 0 0 0 0 0 0 0 0 0 0 0 data 126 0x80005 0x0 0x0 0x2a7fd60b080 0x9b2 0x0 0x0 0x110005 0x0 0x0 0x2a7caf07400 0xa45 0x0 0x0 0x160007 0x0 0x1f8 0xa45 0x1b0005 0x0 0x0 0x2a7caf07400 0xa45 0x0 0x0 0x200004 0x0 0x0 0x2a7fd608de0 0xa45 0x0 0x0 0x270005 0x0 0x0 0x2a7fd608de0 0xa45 0x0 0x0 0x2a0004 0x0 0x0 0x2a7c99e6380 0xa45 0x0 0x0 0x310007 0xa45 0x70 0x0 0x360005 0x0 0x0 0x0 0x0 0x0 0x0 0x3b0003 0x0 0x88 0x410007 0x93 0x70 0x9b2 0x4b0005 0x0 0x0 0x2a7c99e6380 0x9b2 0x0 0x0 0x500003 0x9b2 0x30 0x530003 0x93 0xfffffffffffffde8 0x570007 0x0 0x138 0x9b2 0x5f0005 0x0 0x0 0x2a7fd60b080 0x9b2 0x0 0x0 0x690007 0x9b2 0xa8 0x0 0x710005 0x0 0x0 0x0 0x0 0x0 0x0 0x7c0005 0x0 0x0 0x0 0x0 0x0 0x0 0x820003 0x0 0x50 0x8a0005 0x0 0x0 0x2a7fd60b080 0x9b2 0x0 0x0 0x0 0x0 0x0 0x0 0x0 0x0 0x9 0x2 0x0 0x0 oops 9 3 java/util/ArrayList 10 java/util/ArrayList$Itr 21 java/util/ArrayList$Itr 28 java/lang/ref/SoftReference 35 java/lang/ref/SoftReference 42 com/sun/scenario/effect/impl/prism/ps/PPSDrawable 67 com/sun/scenario/effect/impl/prism/ps/PPSDrawable 84 java/util/ArrayList 112 java/util/ArrayList methods 0
ciMethodData com/sun/javafx/sg/prism/NGImageView renderContent (Lcom/sun/prism/Graphics;)V 1 561 orig 80 0 0 0 0 0 0 0 0 0 0 0 0 251 127 0 0 0 0 0 0 0 0 0 0 0 0 0 0 0 0 0 0 0 0 0 0 0 0 0 0 0 0 0 0 0 0 0 0 0 0 0 0 0 0 0 0 0 0 0 0 0 0 0 0 0 0 0 0 0 0 0 0 0 0 0 0 0 0 0 0 data 123 0x40005 0x0 0x0 0x2a7c98aa160 0xb1 0x0 0x0 0xc0005 0x0 0x0 0x2a7c98aa160 0xb1 0x0 0x0 0x110005 0x0 0x0 0x2a7ca4920b0 0xb1 0x0 0x0 0x1b0005 0xb1 0x0 0x0 0x0 0x0 0x0 0x230007 0x18 0x170 0x99 0x290007 0x0 0x150 0x99 0x350005 0x0 0x0 0x2a7c9d27fa0 0x99 0x0 0x0 0x400007 0x0 0x70 0x99 0x660005 0x0 0x0 0x2a7ca4920b0 0x99 0x0 0x0 0x6b0003 0x99 0x50 0x7d0005 0x0 0x0 0x0 0x0 0x0 0x0 0x820005 0x0 0x0 0x2a7c9740770 0x99 0x0 0x0 0x870003 0x99 0xf0 0x8e0007 0x17 0x30 0x1 0x9c0002 0x1 0xa60007 0x17 0x40 0x1 0xc00002 0x1 0xc30002 0x1 0xcd0007 0x17 0x30 0x1 0xdd0002 0x1 0xf40005 0x0 0x0 0x2a7c98184b0 0x18 0x0 0x0 0x0 0x0 0x0 0x0 0x0 0x0 0x0 0x0 0x0 0x0 0x0 0x0 0x0 0x0 0x0 0x0 0x0 0x0 0x9 0x2 0x0 0x0 oops 7 3 com/sun/prism/Image 10 com/sun/prism/Image 17 com/sun/prism/d3d/D3DGraphics 39 com/sun/prism/d3d/D3DResourceFactory 50 com/sun/prism/d3d/D3DGraphics 67 com/sun/prism/d3d/D3DTexture 97 com/sun/prism/image/CompoundCoords methods 0
compile com/sun/javafx/sg/prism/NGNode doRender (Lcom/sun/prism/Graphics;)V -1 4 inline 312 0 -1 com/sun/javafx/sg/prism/NGNode doRender (Lcom/sun/prism/Graphics;)V 1 2 com/sun/javafx/sg/prism/NGNode isShape3D ()Z 1 5 com/sun/prism/impl/BaseGraphics setState3D (Z)V 1 19 com/sun/prism/impl/BaseGraphics hasPreCullingBits ()Z 1 32 com/sun/prism/impl/BaseGraphics getClipRectIndex ()I 1 56 com/sun/prism/impl/BaseGraphics setHasPreCullingBits (Z)V 1 64 com/sun/prism/impl/BaseGraphics isDepthTest ()Z 1 72 com/sun/javafx/sg/prism/NGNode isDepthTest ()Z 1 75 com/sun/prism/impl/BaseGraphics setDepthTest (Z)V 1 81 com/sun/prism/impl/BaseGraphics getTransformNoClone ()Lcom/sun/javafx/geom/transform/BaseTransform; 1 90 com/sun/javafx/geom/transform/AffineBase getMxx ()D 1 97 com/sun/javafx/geom/transform/AffineBase getMxy ()D 1 104 com/sun/javafx/geom/transform/Affine3D getMxz ()D 1 111 com/sun/javafx/geom/transform/AffineBase getMxt ()D 1 118 com/sun/javafx/geom/transform/AffineBase getMyx ()D 1 125 com/sun/javafx/geom/transform/AffineBase getMyy ()D 1 132 com/sun/javafx/geom/transform/Affine3D getMyz ()D 1 139 com/sun/javafx/geom/transform/AffineBase getMyt ()D 1 146 com/sun/javafx/geom/transform/Affine3D getMzx ()D 1 153 com/sun/javafx/geom/transform/Affine3D getMzy ()D 1 160 com/sun/javafx/geom/transform/Affine3D getMzz ()D 1 167 com/sun/javafx/geom/transform/Affine3D getMzt ()D 1 174 com/sun/javafx/sg/prism/NGNode getTransform ()Lcom/sun/javafx/geom/transform/BaseTransform; 1 177 com/sun/prism/impl/BaseGraphics transform (Lcom/sun/javafx/geom/transform/BaseTransform;)V 2 9 com/sun/prism/impl/BaseGraphics validateTransformAndPaint ()V 3 4 com/sun/javafx/geom/transform/AffineBase isTranslateOrIdentity ()Z 4 9 com/sun/javafx/geom/transform/AffineBase getType ()I 5 9 com/sun/javafx/geom/transform/Affine3D updateState ()V 6 1 com/sun/javafx/geom/transform/AffineBase updateState ()V 7 1 com/sun/javafx/geom/transform/AffineBase updateState2D ()V 6 8 com/sun/javafx/geom/transform/BaseTransform almostZero (D)Z 6 18 com/sun/javafx/geom/transform/BaseTransform almostZero (D)Z 6 28 com/sun/javafx/geom/transform/BaseTransform almostZero (D)Z 6 38 com/sun/javafx/geom/transform/BaseTransform almostZero (D)Z 6 48 com/sun/javafx/geom/transform/Affine3D almostOne (D)Z 6 58 com/sun/javafx/geom/transform/BaseTransform almostZero (D)Z 3 14 com/sun/prism/paint/Paint getType ()Lcom/sun/prism/paint/Paint$Type; 3 33 com/sun/javafx/geom/transform/AffineBase getMxt ()D 3 45 com/sun/javafx/geom/transform/AffineBase getMyt ()D 1 186 com/sun/javafx/sg/prism/NGNode isShape3D ()Z 1 200 com/sun/javafx/sg/prism/NGGroup needsBlending ()Z 2 1 com/sun/javafx/sg/prism/NGNode getNodeBlendMode ()Lcom/sun/scenario/effect/Blend$Mode; 1 218 com/sun/javafx/sg/prism/NGNode isShape3D ()Z 1 225 com/sun/javafx/sg/prism/NGNode getOpacity ()F 1 235 com/sun/javafx/sg/prism/NGNode renderOpacity (Lcom/sun/prism/Graphics;)V 2 15 com/sun/javafx/sg/prism/NGNode getClipNode ()Lcom/sun/javafx/sg/prism/NGNode; 2 22 com/sun/javafx/sg/prism/NGRegion hasOverlappingContents ()Z 2 22 com/sun/javafx/sg/prism/NGImageView hasOverlappingContents ()Z 2 106 com/sun/javafx/sg/prism/NGNode getFilterContext (Lcom/sun/prism/Graphics;)Lcom/sun/scenario/effect/FilterContext; 3 1 com/sun/prism/impl/BaseGraphics getAssociatedScreen ()Lcom/sun/glass/ui/Screen; 4 4 com/sun/prism/impl/BaseContext getAssociatedScreen ()Lcom/sun/glass/ui/Screen; 3 22 com/sun/scenario/effect/impl/prism/PrFilterContext getInstance (Lcom/sun/glass/ui/Screen;)Lcom/sun/scenario/effect/impl/prism/PrFilterContext; 4 18 java/util/WeakHashMap get (Ljava/lang/Object;)Ljava/lang/Object; 5 1 java/util/WeakHashMap maskNull (Ljava/lang/Object;)Ljava/lang/Object; 5 7 java/util/WeakHashMap hash (Ljava/lang/Object;)I 6 1 com/sun/glass/ui/Screen hashCode ()I 5 12 java/util/WeakHashMap getTable ()[Ljava/util/WeakHashMap$Entry; 6 1 java/util/WeakHashMap expungeStaleEntries ()V 7 4 java/lang/ref/ReferenceQueue poll ()Ljava/lang/ref/Reference; 8 17 java/lang/ref/ReferenceQueue reallyPoll ()Ljava/lang/ref/Reference; 5 21 java/util/WeakHashMap indexFor (II)I 5 51 java/util/WeakHashMap matchesKey (Ljava/util/WeakHashMap$Entry;Ljava/lang/Object;)Z 6 2 java/lang/ref/Reference refersTo (Ljava/lang/Object;)Z 7 2 java/lang/ref/Reference refersToImpl (Ljava/lang/Object;)Z 2 111 com/sun/prism/impl/BaseGraphics getTransformNoClone ()Lcom/sun/javafx/geom/transform/BaseTransform; 2 122 com/sun/javafx/geom/RectBounds <init> ()V 3 1 com/sun/javafx/geom/BaseBounds <init> ()V 4 1 java/lang/Object <init> ()V 2 126 com/sun/javafx/sg/prism/NGNode getContentBounds (Lcom/sun/javafx/geom/BaseBounds;Lcom/sun/javafx/geom/transform/BaseTransform;)Lcom/sun/javafx/geom/BaseBounds; 3 1 com/sun/javafx/geom/transform/AffineBase isTranslateOrIdentity ()Z 4 9 com/sun/javafx/geom/transform/AffineBase getType ()I 5 9 com/sun/javafx/geom/transform/Affine3D updateState ()V 6 1 com/sun/javafx/geom/transform/AffineBase updateState ()V 7 1 com/sun/javafx/geom/transform/AffineBase updateState2D ()V 6 8 com/sun/javafx/geom/transform/BaseTransform almostZero (D)Z 6 18 com/sun/javafx/geom/transform/BaseTransform almostZero (D)Z 6 28 com/sun/javafx/geom/transform/BaseTransform almostZero (D)Z 6 38 com/sun/javafx/geom/transform/BaseTransform almostZero (D)Z 6 48 com/sun/javafx/geom/transform/Affine3D almostOne (D)Z 6 58 com/sun/javafx/geom/transform/BaseTransform almostZero (D)Z 3 24 com/sun/javafx/geom/transform/AffineBase getMxt ()D 3 30 com/sun/javafx/geom/transform/AffineBase getMyt ()D 3 37 com/sun/javafx/geom/transform/Affine3D getMzt ()D 3 93 com/sun/javafx/sg/prism/NGNode computeBounds (Lcom/sun/javafx/geom/BaseBounds;Lcom/sun/javafx/geom/transform/BaseTransform;)Lcom/sun/javafx/geom/BaseBounds; 4 5 com/sun/javafx/geom/RectBounds deriveWithNewBounds (Lcom/sun/javafx/geom/BaseBounds;)Lcom/sun/javafx/geom/BaseBounds; 5 1 com/sun/javafx/geom/RectBounds isEmpty ()Z 5 8 com/sun/javafx/geom/RectBounds makeEmpty ()Lcom/sun/javafx/geom/RectBounds; 5 13 com/sun/javafx/geom/RectBounds getBoundsType ()Lcom/sun/javafx/geom/BaseBounds$BoundsType; 5 29 com/sun/javafx/geom/RectBounds getMinX ()F 5 37 com/sun/javafx/geom/RectBounds getMinY ()F 5 45 com/sun/javafx/geom/RectBounds getMaxX ()F 5 53 com/sun/javafx/geom/RectBounds getMaxY ()F 2 137 com/sun/javafx/geom/Rectangle <init> (Lcom/sun/javafx/geom/BaseBounds;)V 3 1 java/lang/Object <init> ()V 3 6 com/sun/javafx/geom/Rectangle setBounds (Lcom/sun/javafx/geom/BaseBounds;)V 4 2 com/sun/javafx/geom/RectBounds getMinX ()F 4 15 com/sun/javafx/geom/RectBounds getMinY ()F 4 27 com/sun/javafx/geom/RectBounds getMaxX ()F 4 37 com/sun/javafx/geom/RectBounds getMaxY ()F 2 145 com/sun/scenario/effect/impl/prism/PrEffectHelper getGraphicsClipNoClone (Lcom/sun/prism/Graphics;)Lcom/sun/javafx/geom/Rectangle; 3 1 com/sun/prism/impl/BaseGraphics getClipRectNoClone ()Lcom/sun/javafx/geom/Rectangle; 3 12 com/sun/prism/impl/BaseGraphics getRenderTarget ()Lcom/sun/prism/RenderTarget; 3 23 com/sun/prism/impl/BaseTexture getContentWidth ()I 3 29 com/sun/prism/impl/BaseTexture getContentHeight ()I 3 34 com/sun/javafx/geom/Rectangle <init> (II)V 4 5 com/sun/javafx/geom/Rectangle <init> (IIII)V 5 1 java/lang/Object <init> ()V 2 148 com/sun/javafx/geom/Rectangle intersectWith (Lcom/sun/javafx/geom/Rectangle;)V 3 178 com/sun/javafx/geom/Rectangle setBounds (IIII)V 4 6 com/sun/javafx/geom/Rectangle reshape (IIII)V 2 162 com/sun/scenario/effect/Effect getCompatibleImage (Lcom/sun/scenario/effect/FilterContext;II)Lcom/sun/scenario/effect/Filterable; 3 1 com/sun/scenario/effect/impl/Renderer getRenderer (Lcom/sun/scenario/effect/FilterContext;)Lcom/sun/scenario/effect/impl/Renderer; 4 18 java/util/HashMap get (Ljava/lang/Object;)Ljava/lang/Object; 5 2 java/util/HashMap getNode (Ljava/lang/Object;)Ljava/util/HashMap$Node; 6 23 java/util/HashMap hash (Ljava/lang/Object;)I 7 9 com/sun/scenario/effect/impl/prism/PrFilterContext hashCode ()I 8 1 com/sun/scenario/effect/FilterContext getReferent ()Ljava/lang/Object; 8 4 com/sun/glass/ui/Screen hashCode ()I 8 11 com/sun/scenario/effect/impl/prism/PrFilterContext hashCode (Z)I 4 32 com/sun/scenario/effect/impl/prism/ps/PPSRenderer getRendererState ()Lcom/sun/scenario/effect/impl/Renderer$RendererState; 4 44 com/sun/scenario/effect/impl/prism/ps/PPSRenderer getRendererState ()Lcom/sun/scenario/effect/impl/Renderer$RendererState; 3 6 com/sun/scenario/effect/impl/prism/ps/PPSRenderer getCompatibleImage (II)Lcom/sun/scenario/effect/impl/PoolFilterable; 4 3 com/sun/scenario/effect/impl/prism/ps/PPSRenderer getCompatibleImage (II)Lcom/sun/scenario/effect/impl/prism/ps/PPSDrawable; 5 1 com/sun/scenario/effect/impl/prism/ps/PPSRenderer validate ()Z 6 1 com/sun/scenario/effect/impl/prism/ps/PPSRenderer getRendererState ()Lcom/sun/scenario/effect/impl/Renderer$RendererState; 6 9 java/lang/Enum ordinal ()I 5 12 com/sun/scenario/effect/impl/Renderer getCompatibleImage (II)Lcom/sun/scenario/effect/impl/PoolFilterable; 2 178 com/sun/scenario/effect/impl/prism/ps/PPSDrawable createGraphics ()Lcom/sun/prism/Graphics; 3 1 com/sun/scenario/effect/impl/prism/ps/PPSDrawable createGraphics ()Lcom/sun/prism/ps/ShaderGraphics; 4 4 com/sun/prism/d3d/D3DRTTexture createGraphics ()Lcom/sun/prism/Graphics; 5 2 com/sun/prism/d3d/D3DTexture getContext ()Lcom/sun/prism/d3d/D3DContext; 6 7 com/sun/prism/impl/ManagedResource getResource ()Ljava/lang/Object; 7 1 com/sun/prism/impl/ManagedResource assertLocked ()V 6 13 com/sun/prism/d3d/D3DResource$D3DRecord getContext ()Lcom/sun/prism/d3d/D3DContext; 2 186 com/sun/prism/impl/BaseGraphics hasPreCullingBits ()Z 2 191 com/sun/prism/impl/BaseGraphics setHasPreCullingBits (Z)V 2 199 com/sun/prism/impl/BaseGraphics getClipRectIndex ()I 2 204 com/sun/prism/impl/BaseGraphics setClipRectIndex (I)V 2 225 com/sun/prism/impl/BaseGraphics translate (FF)V 3 20 com/sun/javafx/geom/transform/Affine3D translate (DD)V 3 24 com/sun/prism/impl/BaseGraphics validateTransformAndPaint ()V 4 4 com/sun/javafx/geom/transform/AffineBase isTranslateOrIdentity ()Z 5 9 com/sun/javafx/geom/transform/AffineBase getType ()I 6 9 com/sun/javafx/geom/transform/Affine3D updateState ()V 7 1 com/sun/javafx/geom/transform/AffineBase updateState ()V 8 1 com/sun/javafx/geom/transform/AffineBase updateState2D ()V 7 8 com/sun/javafx/geom/transform/BaseTransform almostZero (D)Z 7 18 com/sun/javafx/geom/transform/BaseTransform almostZero (D)Z 7 28 com/sun/javafx/geom/transform/BaseTransform almostZero (D)Z 7 38 com/sun/javafx/geom/transform/BaseTransform almostZero (D)Z 7 48 com/sun/javafx/geom/transform/Affine3D almostOne (D)Z 7 58 com/sun/javafx/geom/transform/BaseTransform almostZero (D)Z 4 14 com/sun/prism/paint/Paint getType ()Lcom/sun/prism/paint/Paint$Type; 4 33 com/sun/javafx/geom/transform/AffineBase getMxt ()D 4 45 com/sun/javafx/geom/transform/AffineBase getMyt ()D 2 233 com/sun/prism/impl/BaseGraphics transform (Lcom/sun/javafx/geom/transform/BaseTransform;)V 3 9 com/sun/prism/impl/BaseGraphics validateTransformAndPaint ()V 4 4 com/sun/javafx/geom/transform/AffineBase isTranslateOrIdentity ()Z 5 9 com/sun/javafx/geom/transform/AffineBase getType ()I 6 9 com/sun/javafx/geom/transform/Affine3D updateState ()V 7 1 com/sun/javafx/geom/transform/AffineBase updateState ()V 8 1 com/sun/javafx/geom/transform/AffineBase updateState2D ()V 7 8 com/sun/javafx/geom/transform/BaseTransform almostZero (D)Z 7 18 com/sun/javafx/geom/transform/BaseTransform almostZero (D)Z 7 28 com/sun/javafx/geom/transform/BaseTransform almostZero (D)Z 7 38 com/sun/javafx/geom/transform/BaseTransform almostZero (D)Z 7 48 com/sun/javafx/geom/transform/Affine3D almostOne (D)Z 7 58 com/sun/javafx/geom/transform/BaseTransform almostZero (D)Z 4 14 com/sun/prism/paint/Paint getType ()Lcom/sun/prism/paint/Paint$Type; 4 33 com/sun/javafx/geom/transform/AffineBase getMxt ()D 4 45 com/sun/javafx/geom/transform/AffineBase getMyt ()D 2 241 com/sun/javafx/sg/prism/NGRegion renderContent (Lcom/sun/prism/Graphics;)V 3 1 com/sun/prism/impl/BaseGraphics getTransformNoClone ()Lcom/sun/javafx/geom/transform/BaseTransform; 3 6 com/sun/javafx/geom/transform/AffineBase is2D ()Z 3 106 com/sun/javafx/sg/prism/NGRegion renderAsRectangle (Lcom/sun/prism/Graphics;)V 4 4 javafx/scene/layout/Background isEmpty ()Z 5 4 java/util/AbstractCollection isEmpty ()Z 6 1 com/sun/javafx/UnmodifiableArrayList size ()I 5 4 java/util/Collections$EmptyList isEmpty ()Z 5 16 java/util/Collections$EmptyList isEmpty ()Z 4 19 javafx/scene/layout/Border isEmpty ()Z 5 4 java/util/Collections$EmptyList isEmpty ()Z 5 4 java/util/AbstractCollection isEmpty ()Z 6 1 com/sun/javafx/UnmodifiableArrayList size ()I 5 16 java/util/Collections$EmptyList isEmpty ()Z 2 246 com/sun/prism/impl/BaseGraphics setTransform (Lcom/sun/javafx/geom/transform/BaseTransform;)V 3 8 com/sun/javafx/geom/transform/AffineBase setToIdentity ()V 4 31 com/sun/javafx/geom/transform/Affine3D reset3Delements ()V 3 23 com/sun/prism/impl/BaseGraphics validateTransformAndPaint ()V 4 4 com/sun/javafx/geom/transform/AffineBase isTranslateOrIdentity ()Z 4 14 com/sun/prism/paint/Paint getType ()Lcom/sun/prism/paint/Paint$Type; 4 33 com/sun/javafx/geom/transform/AffineBase getMxt ()D 4 45 com/sun/javafx/geom/transform/AffineBase getMyt ()D 2 252 com/sun/prism/impl/BaseGraphics getExtraAlpha ()F 2 261 com/sun/javafx/sg/prism/NGNode getOpacity ()F 2 267 com/sun/prism/impl/BaseGraphics setExtraAlpha (F)V 2 275 com/sun/scenario/effect/impl/prism/PrTexture getTextureObject ()Lcom/sun/prism/Texture; 2 302 com/sun/prism/impl/BaseGraphics drawTexture (Lcom/sun/prism/Texture;FFFF)V 3 18 com/sun/prism/impl/ps/BaseShaderGraphics drawTexture (Lcom/sun/prism/Texture;FFFFFFFF)V 4 48 com/sun/prism/impl/BaseGraphics drawTexture (Lcom/sun/prism/Texture;FFFFFFFF)V 5 14 com/sun/prism/impl/BaseGraphics getTransformNoClone ()Lcom/sun/javafx/geom/transform/BaseTransform; 5 20 com/sun/prism/impl/BaseTexture getPixelFormat ()Lcom/sun/prism/PixelFormat; 5 69 com/sun/prism/impl/ps/BaseShaderContext validateTextureOp (Lcom/sun/prism/impl/BaseGraphics;Lcom/sun/javafx/geom/transform/BaseTransform;Lcom/sun/prism/Texture;Lcom/sun/prism/PixelFormat;)V 6 10 com/sun/prism/impl/ps/BaseShaderContext validateTextureOp (Lcom/sun/prism/impl/ps/BaseShaderGraphics;Lcom/sun/javafx/geom/transform/BaseTransform;Lcom/sun/prism/Texture;Lcom/sun/prism/Texture;Lcom/sun/prism/PixelFormat;)Lcom/sun/prism/ps/Shader; 7 1 com/sun/prism/impl/BaseContext checkDisposed ()Z 8 30 com/sun/prism/impl/BaseContext isDisposed ()Z 7 21 java/lang/Enum ordinal ()I 7 72 com/sun/prism/impl/BaseResourceFactory isSuperShaderAllowed ()Z 7 127 com/sun/prism/impl/ps/BaseShaderContext getSpecialShader (Lcom/sun/prism/impl/BaseGraphics;Lcom/sun/prism/impl/ps/BaseShaderContext$SpecialShaderType;)Lcom/sun/prism/ps/Shader; 8 1 com/sun/prism/impl/BaseContext checkDisposed ()Z 9 30 com/sun/prism/impl/BaseContext isDisposed ()Z 8 10 com/sun/prism/impl/BaseGraphics isAlphaTestShader ()Z 9 7 com/sun/prism/impl/BaseGraphics isDepthTest ()Z 9 14 com/sun/prism/impl/BaseGraphics isDepthBuffer ()Z 8 34 java/lang/Enum ordinal ()I 8 47 com/sun/prism/d3d/D3DShader isValid ()Z 8 71 com/sun/prism/impl/ps/BaseShaderContext$SpecialShaderType getName ()Ljava/lang/String; 8 92 java/lang/Enum ordinal ()I 7 172 com/sun/prism/impl/ps/BaseShaderContext setTexture (ILcom/sun/prism/Texture;)V 8 1 com/sun/prism/impl/BaseContext checkDisposed ()Z 9 30 com/sun/prism/impl/BaseContext isDisposed ()Z 8 13 com/sun/prism/impl/BaseTexture assertLocked ()V 9 4 com/sun/prism/impl/ManagedResource assertLocked ()V 8 32 com/sun/prism/impl/BaseContext flushVertexBuffer ()V 9 1 com/sun/prism/impl/BaseContext checkDisposed ()Z 10 30 com/sun/prism/impl/BaseContext isDisposed ()Z 9 12 com/sun/prism/impl/VertexBuffer flush ()V 10 23 com/sun/prism/impl/BaseContext drawQuads ([F[BI)V 11 1 com/sun/prism/impl/BaseContext flushMask ()V 12 18 com/sun/prism/impl/BaseTexture lock ()V 13 4 com/sun/prism/impl/ManagedResource lock ()Ljava/lang/Object; 12 35 com/sun/prism/impl/BaseTexture getPixelFormat ()Lcom/sun/prism/PixelFormat; 12 56 com/sun/prism/impl/BaseTexture getContentWidth ()I 12 71 com/sun/prism/impl/BaseTexture unlock ()V 13 4 com/sun/prism/impl/ManagedResource unlock ()V 14 1 com/sun/prism/impl/ManagedResource assertLocked ()V 11 8 com/sun/prism/d3d/D3DContext renderQuads ([F[BI)V 12 14 com/sun/prism/d3d/D3DContext validate (I)V 8 38 com/sun/prism/d3d/D3DContext updateTexture (ILcom/sun/prism/Texture;)V 9 12 com/sun/prism/d3d/D3DTexture getNativeSourceHandle ()J 10 7 com/sun/prism/impl/ManagedResource getResource ()Ljava/lang/Object; 11 1 com/sun/prism/impl/ManagedResource assertLocked ()V 10 13 com/sun/prism/d3d/D3DResource$D3DRecord getResource ()J 9 17 com/sun/prism/impl/BaseTexture getLinearFiltering ()Z 9 28 com/sun/prism/impl/BaseTexture getWrapMode ()Lcom/sun/prism/Texture$WrapMode; 9 33 java/lang/Enum ordinal ()I 9 150 com/sun/prism/d3d/D3DContext validate (I)V 7 179 com/sun/prism/impl/ps/BaseShaderContext setTexture (ILcom/sun/prism/Texture;)V 8 1 com/sun/prism/impl/BaseContext checkDisposed ()Z 9 30 com/sun/prism/impl/BaseContext isDisposed ()Z 8 32 com/sun/prism/impl/BaseContext flushVertexBuffer ()V 9 1 com/sun/prism/impl/BaseContext checkDisposed ()Z 10 30 com/sun/prism/impl/BaseContext isDisposed ()Z 9 12 com/sun/prism/impl/VertexBuffer flush ()V 10 23 com/sun/prism/impl/BaseContext drawQuads ([F[BI)V 11 1 com/sun/prism/impl/BaseContext flushMask ()V 12 18 com/sun/prism/impl/BaseTexture lock ()V 13 4 com/sun/prism/impl/ManagedResource lock ()Ljava/lang/Object; 12 35 com/sun/prism/impl/BaseTexture getPixelFormat ()Lcom/sun/prism/PixelFormat; 12 56 com/sun/prism/impl/BaseTexture getContentWidth ()I 12 71 com/sun/prism/impl/BaseTexture unlock ()V 13 4 com/sun/prism/impl/ManagedResource unlock ()V 14 1 com/sun/prism/impl/ManagedResource assertLocked ()V 11 8 com/sun/prism/d3d/D3DContext renderQuads ([F[BI)V 12 14 com/sun/prism/d3d/D3DContext validate (I)V 8 38 com/sun/prism/d3d/D3DContext updateTexture (ILcom/sun/prism/Texture;)V 9 150 com/sun/prism/d3d/D3DContext validate (I)V 7 185 com/sun/prism/impl/BaseGraphics getExtraAlpha ()F 7 188 com/sun/prism/impl/ps/BaseShaderContext updatePerVertexColor (Lcom/sun/prism/paint/Paint;F)V 8 1 com/sun/prism/impl/BaseContext checkDisposed ()Z 9 30 com/sun/prism/impl/BaseContext isDisposed ()Z 8 38 com/sun/prism/impl/BaseContext getVertexBuffer ()Lcom/sun/prism/impl/VertexBuffer; 8 42 com/sun/prism/impl/VertexBuffer setPerVertexColor (F)V 5 112 com/sun/prism/impl/BaseTexture getPhysicalWidth ()I 5 121 com/sun/prism/impl/BaseTexture getPhysicalHeight ()I 5 130 com/sun/prism/impl/BaseTexture getContentX ()I 5 139 com/sun/prism/impl/BaseTexture getContentY ()I 5 191 com/sun/prism/impl/BaseContext getVertexBuffer ()Lcom/sun/prism/impl/VertexBuffer; 5 200 com/sun/prism/impl/ps/BaseShaderContext isSuperShaderEnabled ()Z 6 1 com/sun/prism/impl/BaseContext checkDisposed ()Z 7 30 com/sun/prism/impl/BaseContext isDisposed ()Z 6 23 java/lang/Enum ordinal ()I 6 44 java/lang/Enum ordinal ()I 2 310 com/sun/prism/impl/BaseGraphics setExtraAlpha (F)V 2 318 com/sun/scenario/effect/Effect releaseCompatibleImage (Lcom/sun/scenario/effect/FilterContext;Lcom/sun/scenario/effect/Filterable;)V 3 1 com/sun/scenario/effect/impl/Renderer getRenderer (Lcom/sun/scenario/effect/FilterContext;)Lcom/sun/scenario/effect/impl/Renderer; 4 18 java/util/HashMap get (Ljava/lang/Object;)Ljava/lang/Object; 5 2 java/util/HashMap getNode (Ljava/lang/Object;)Ljava/util/HashMap$Node; 6 23 java/util/HashMap hash (Ljava/lang/Object;)I 7 9 com/sun/scenario/effect/impl/prism/PrFilterContext hashCode ()I 8 1 com/sun/scenario/effect/FilterContext getReferent ()Ljava/lang/Object; 8 4 com/sun/glass/ui/Screen hashCode ()I 8 11 com/sun/scenario/effect/impl/prism/PrFilterContext hashCode (Z)I 4 32 com/sun/scenario/effect/impl/prism/ps/PPSRenderer getRendererState ()Lcom/sun/scenario/effect/impl/Renderer$RendererState; 4 44 com/sun/scenario/effect/impl/prism/ps/PPSRenderer getRendererState ()Lcom/sun/scenario/effect/impl/Renderer$RendererState; 3 5 com/sun/scenario/effect/impl/Renderer releaseCompatibleImage (Lcom/sun/scenario/effect/Filterable;)V 4 11 com/sun/scenario/effect/impl/prism/PrDrawable getImagePool ()Lcom/sun/scenario/effect/impl/ImagePool; 4 26 com/sun/scenario/effect/impl/ImagePool checkIn (Lcom/sun/scenario/effect/impl/PoolFilterable;)V 5 8 java/util/ArrayList iterator ()Ljava/util/Iterator; 6 5 java/util/ArrayList$Itr <init> (Ljava/util/ArrayList;)V 7 6 java/lang/Object <init> ()V 5 17 java/util/ArrayList$Itr hasNext ()Z 5 27 java/util/ArrayList$Itr next ()Ljava/lang/Object; 6 1 java/util/ArrayList$Itr checkForComodification ()V 5 39 java/lang/ref/SoftReference get ()Ljava/lang/Object; 5 75 com/sun/scenario/effect/impl/prism/PrTexture unlock ()V 6 11 com/sun/prism/impl/BaseTexture unlock ()V 7 4 com/sun/prism/impl/ManagedResource unlock ()V 8 1 com/sun/prism/impl/ManagedResource assertLocked ()V 5 95 java/util/ArrayList remove (Ljava/lang/Object;)Z 6 50 java/lang/Object equals (Ljava/lang/Object;)Z 6 71 java/util/ArrayList fastRemove ([Ljava/lang/Object;I)V
