#
# There is insufficient memory for the Java Runtime Environment to continue.
# Native memory allocation (mmap) failed to map 134217728 bytes for G1 virtual space
# Possible reasons:
#   The system is out of physical RAM or swap space
#   The process is running with CompressedOops enabled, and the Java Heap may be blocking the growth of the native heap
# Possible solutions:
#   Reduce memory load on the system
#   Increase physical memory or swap space
#   Check if swap backing store is full
#   Decrease Java heap size (-Xmx/-Xms)
#   Decrease number of Java threads
#   Decrease Java thread stack sizes (-Xss)
#   Set larger code cache with -XX:ReservedCodeCacheSize=
#   JVM is running with Unscaled Compressed Oops mode in which the Java heap is
#     placed in the first 4GB address space. The Java Heap base address is the
#     maximum limit for the native heap growth. Please use -XX:HeapBaseMinAddress
#     to set the Java Heap base and to place the Java Heap above 4GB virtual address.
# This output file may be truncated or incomplete.
#
#  Out of Memory Error (os_windows.cpp:3550), pid=1848, tid=6840
#
# JRE version: Java(TM) SE Runtime Environment (17.0.8+9) (build 17.0.8+9-LTS-211)
# Java VM: Java HotSpot(TM) 64-Bit Server VM (17.0.8+9-LTS-211, mixed mode, sharing, tiered, compressed oops, compressed class ptrs, g1 gc, windows-amd64)
# No core dump will be written. Minidumps are not enabled by default on client versions of Windows
#

---------------  S U M M A R Y ------------

Command Line: --module-path=C:/javafx-sdk-21.0.7/lib --add-modules=javafx.controls,javafx.fxml -XX:+ShowCodeDetailsInExceptionMessages com.login.Main

Host: Intel(R) Core(TM) i5-7200U CPU @ 2.50GHz, 4 cores, 7G,  Windows 10 , 64 bit Build 19041 (10.0.19041.5915)
Time: Wed Jul 23 15:10:49 2025 India Standard Time elapsed time: 8.232155 seconds (0d 0h 0m 8s)

---------------  T H R E A D  ---------------

Current thread (0x00000298f8022e90):  VMThread "VM Thread" [stack: 0x0000009a12a00000,0x0000009a12b00000] [id=6840]

Stack: [0x0000009a12a00000,0x0000009a12b00000]
Native frames: (J=compiled Java code, j=interpreted, Vv=VM code, C=native code)
V  [jvm.dll+0x677d0a]
V  [jvm.dll+0x7d8c54]
V  [jvm.dll+0x7da3fe]
V  [jvm.dll+0x7daa63]
V  [jvm.dll+0x245c5f]
V  [jvm.dll+0x674bb9]
V  [jvm.dll+0x6694f2]
V  [jvm.dll+0x3031d6]
V  [jvm.dll+0x30a756]
V  [jvm.dll+0x359f9e]
V  [jvm.dll+0x35a1cf]
V  [jvm.dll+0x2da3e8]
V  [jvm.dll+0x2dd486]
V  [jvm.dll+0x2e7c88]
V  [jvm.dll+0x31b6e0]
V  [jvm.dll+0x7df26b]
V  [jvm.dll+0x7dffa4]
V  [jvm.dll+0x7e04bd]
V  [jvm.dll+0x7e0894]
V  [jvm.dll+0x7e0960]
V  [jvm.dll+0x788bba]
V  [jvm.dll+0x676b35]
C  [ucrtbase.dll+0x21bb2]
C  [KERNEL32.DLL+0x17374]
C  [ntdll.dll+0x4cc91]

VM_Operation (0x0000009a126ff7f0): G1Concurrent, mode: safepoint, requested by thread 0x00000298da89b6d0


---------------  P R O C E S S  ---------------

Threads class SMR info:
_java_thread_list=0x00000298fec21b40, length=19, elements={
0x00000298da82b0c0, 0x00000298f8028250, 0x00000298f8028ec0, 0x00000298f803d0e0,
0x00000298f803eaa0, 0x00000298f803f450, 0x00000298f803fe00, 0x00000298f8040ae0,
0x00000298f8055260, 0x00000298f81d0060, 0x00000298f8013290, 0x00000298f8332b60,
0x00000298f83b7350, 0x00000298f8523380, 0x00000298fd0075c0, 0x00000298fd00cb80,
0x00000298fd24c570, 0x00000298fd6bfb10, 0x00000298fd1a4250
}

Java Threads: ( => current thread )
  0x00000298da82b0c0 JavaThread "main" [_thread_blocked, id=2820, stack(0x0000009a12400000,0x0000009a12500000)]
  0x00000298f8028250 JavaThread "Reference Handler" daemon [_thread_blocked, id=9144, stack(0x0000009a12b00000,0x0000009a12c00000)]
  0x00000298f8028ec0 JavaThread "Finalizer" daemon [_thread_blocked, id=5992, stack(0x0000009a12c00000,0x0000009a12d00000)]
  0x00000298f803d0e0 JavaThread "Signal Dispatcher" daemon [_thread_blocked, id=7516, stack(0x0000009a12d00000,0x0000009a12e00000)]
  0x00000298f803eaa0 JavaThread "Attach Listener" daemon [_thread_blocked, id=6736, stack(0x0000009a12e00000,0x0000009a12f00000)]
  0x00000298f803f450 JavaThread "Service Thread" daemon [_thread_blocked, id=11276, stack(0x0000009a12f00000,0x0000009a13000000)]
  0x00000298f803fe00 JavaThread "Monitor Deflation Thread" daemon [_thread_blocked, id=1560, stack(0x0000009a13000000,0x0000009a13100000)]
  0x00000298f8040ae0 JavaThread "C2 CompilerThread0" daemon [_thread_blocked, id=6496, stack(0x0000009a13100000,0x0000009a13200000)]
  0x00000298f8055260 JavaThread "C1 CompilerThread0" daemon [_thread_blocked, id=9756, stack(0x0000009a13200000,0x0000009a13300000)]
  0x00000298f81d0060 JavaThread "Sweeper thread" daemon [_thread_blocked, id=6792, stack(0x0000009a13300000,0x0000009a13400000)]
  0x00000298f8013290 JavaThread "Common-Cleaner" daemon [_thread_blocked, id=12900, stack(0x0000009a13400000,0x0000009a13500000)]
  0x00000298f8332b60 JavaThread "Notification Thread" daemon [_thread_blocked, id=13076, stack(0x0000009a13500000,0x0000009a13600000)]
  0x00000298f83b7350 JavaThread "JavaFX-Launcher" [_thread_blocked, id=4620, stack(0x0000009a13700000,0x0000009a13800000)]
  0x00000298f8523380 JavaThread "QuantumRenderer-0" daemon [_thread_blocked, id=2112, stack(0x0000009a13800000,0x0000009a13900000)]
  0x00000298fd0075c0 JavaThread "InvokeLaterDispatcher" daemon [_thread_blocked, id=4260, stack(0x0000009a13900000,0x0000009a13a00000)]
  0x00000298fd00cb80 JavaThread "JavaFX Application Thread" [_thread_blocked, id=8372, stack(0x0000009a13a00000,0x0000009a13b00000)]
  0x00000298fd24c570 JavaThread "Thread-2" daemon [_thread_blocked, id=6304, stack(0x0000009a14100000,0x0000009a14200000)]
  0x00000298fd6bfb10 JavaThread "Prism Font Disposer" daemon [_thread_blocked, id=13424, stack(0x0000009a14300000,0x0000009a14400000)]
  0x00000298fd1a4250 JavaThread "Cleaner-0" daemon [_thread_blocked, id=10596, stack(0x0000009a14900000,0x0000009a14a00000)]

Other Threads:
=>0x00000298f8022e90 VMThread "VM Thread" [stack: 0x0000009a12a00000,0x0000009a12b00000] [id=6840]
  0x00000298f8301ce0 WatcherThread [stack: 0x0000009a13600000,0x0000009a13700000] [id=7544]
  0x00000298da88ac90 GCTaskThread "GC Thread#0" [stack: 0x0000009a12500000,0x0000009a12600000] [id=7952]
  0x00000298fd237dd0 GCTaskThread "GC Thread#1" [stack: 0x0000009a13e00000,0x0000009a13f00000] [id=11280]
  0x00000298fd20bb90 GCTaskThread "GC Thread#2" [stack: 0x0000009a13f00000,0x0000009a14000000] [id=15064]
  0x00000298fd20be40 GCTaskThread "GC Thread#3" [stack: 0x0000009a14000000,0x0000009a14100000] [id=4216]
  0x00000298da89b6d0 ConcurrentGCThread "G1 Main Marker" [stack: 0x0000009a12600000,0x0000009a12700000] [id=6192]
  0x00000298da89c780 ConcurrentGCThread "G1 Conc#0" [stack: 0x0000009a12700000,0x0000009a12800000] [id=9684]
  0x00000298da8e7070 ConcurrentGCThread "G1 Refine#0" [stack: 0x0000009a12800000,0x0000009a12900000] [id=9016]
  0x00000298fd5761e0 ConcurrentGCThread "G1 Refine#1" [stack: 0x0000009a14200000,0x0000009a14300000] [id=8300]
  0x00000298da8e89a0 ConcurrentGCThread "G1 Service" [stack: 0x0000009a12900000,0x0000009a12a00000] [id=11260]

Threads with active compile tasks:

VM state: at safepoint (normal execution)

VM Mutex/Monitor currently owned by a thread:  ([mutex/lock_event])
[0x00000298da8254f0] Threads_lock - owner thread: 0x00000298f8022e90
[0x00000298da823f00] Heap_lock - owner thread: 0x00000298da89b6d0

Heap address: 0x0000000082000000, size: 2016 MB, Compressed Oops mode: 32-bit

CDS archive(s) mapped at: [0x0000029880000000-0x0000029880bd0000-0x0000029880bd0000), size 12386304, SharedBaseAddress: 0x0000029880000000, ArchiveRelocationMode: 1.
Compressed class space mapped at: 0x0000029881000000-0x00000298c1000000, reserved size: 1073741824
Narrow klass base: 0x0000029880000000, Narrow klass shift: 0, Narrow klass range: 0x100000000

GC Precious Log:
 CPUs: 4 total, 4 available
 Memory: 8058M
 Large Page Support: Disabled
 NUMA Support: Disabled
 Compressed Oops: Enabled (32-bit)
 Heap Region Size: 1M
 Heap Min Capacity: 8M
 Heap Initial Capacity: 126M
 Heap Max Capacity: 2016M
 Pre-touch: Disabled
 Parallel Workers: 4
 Concurrent Workers: 1
 Concurrent Refinement Workers: 4
 Periodic GC: Disabled

Heap:
 garbage-first heap   total 423936K, used 331872K [0x0000000082000000, 0x0000000100000000)
  region size 1024K, 3 young (3072K), 3 survivors (3072K)
 Metaspace       used 13047K, committed 13312K, reserved 1114112K
  class space    used 2084K, committed 2240K, reserved 1048576K

Heap Regions: E=young(eden), S=young(survivor), O=old, HS=humongous(starts), HC=humongous(continues), CS=collection set, F=free, OA=open archive, CA=closed archive, TAMS=top-at-mark-start (previous, next)
|   0|0x0000000082000000, 0x0000000082100000, 0x0000000082100000|100%|HS|  |TAMS 0x0000000082100000, 0x0000000082000000| Complete 
|   1|0x0000000082100000, 0x0000000082200000, 0x0000000082200000|100%| O|  |TAMS 0x0000000082200000, 0x0000000082100000| Untracked 
|   2|0x0000000082200000, 0x0000000082300000, 0x0000000082300000|100%| O|  |TAMS 0x0000000082300000, 0x0000000082200000| Untracked 
|   3|0x0000000082300000, 0x0000000082400000, 0x0000000082400000|100%| O|  |TAMS 0x0000000082400000, 0x0000000082300000| Untracked 
|   4|0x0000000082400000, 0x0000000082500000, 0x0000000082500000|100%| O|  |TAMS 0x0000000082500000, 0x0000000082400000| Untracked 
|   5|0x0000000082500000, 0x0000000082600000, 0x0000000082600000|100%|HS|  |TAMS 0x0000000082600000, 0x0000000082500000| Complete 
|   6|0x0000000082600000, 0x0000000082700000, 0x0000000082700000|100%|HC|  |TAMS 0x0000000082700000, 0x0000000082600000| Complete 
|   7|0x0000000082700000, 0x0000000082800000, 0x0000000082800000|100%|HC|  |TAMS 0x0000000082800000, 0x0000000082700000| Complete 
|   8|0x0000000082800000, 0x0000000082900000, 0x0000000082900000|100%|HC|  |TAMS 0x0000000082900000, 0x0000000082800000| Complete 
|   9|0x0000000082900000, 0x0000000082a00000, 0x0000000082a00000|100%|HC|  |TAMS 0x0000000082a00000, 0x0000000082900000| Complete 
|  10|0x0000000082a00000, 0x0000000082b00000, 0x0000000082b00000|100%|HC|  |TAMS 0x0000000082b00000, 0x0000000082a00000| Complete 
|  11|0x0000000082b00000, 0x0000000082c00000, 0x0000000082c00000|100%|HC|  |TAMS 0x0000000082c00000, 0x0000000082b00000| Complete 
|  12|0x0000000082c00000, 0x0000000082d00000, 0x0000000082d00000|100%|HC|  |TAMS 0x0000000082d00000, 0x0000000082c00000| Complete 
|  13|0x0000000082d00000, 0x0000000082e00000, 0x0000000082e00000|100%|HC|  |TAMS 0x0000000082e00000, 0x0000000082d00000| Complete 
|  14|0x0000000082e00000, 0x0000000082f00000, 0x0000000082f00000|100%|HC|  |TAMS 0x0000000082f00000, 0x0000000082e00000| Complete 
|  15|0x0000000082f00000, 0x0000000083000000, 0x0000000083000000|100%|HC|  |TAMS 0x0000000083000000, 0x0000000082f00000| Complete 
|  16|0x0000000083000000, 0x0000000083100000, 0x0000000083100000|100%|HC|  |TAMS 0x0000000083100000, 0x0000000083000000| Complete 
|  17|0x0000000083100000, 0x0000000083200000, 0x0000000083200000|100%|HC|  |TAMS 0x0000000083200000, 0x0000000083100000| Complete 
|  18|0x0000000083200000, 0x0000000083300000, 0x0000000083300000|100%|HC|  |TAMS 0x0000000083300000, 0x0000000083200000| Complete 
|  19|0x0000000083300000, 0x0000000083400000, 0x0000000083400000|100%|HC|  |TAMS 0x0000000083400000, 0x0000000083300000| Complete 
|  20|0x0000000083400000, 0x0000000083500000, 0x0000000083500000|100%|HC|  |TAMS 0x0000000083500000, 0x0000000083400000| Complete 
|  21|0x0000000083500000, 0x0000000083600000, 0x0000000083600000|100%|HC|  |TAMS 0x0000000083600000, 0x0000000083500000| Complete 
|  22|0x0000000083600000, 0x0000000083700000, 0x0000000083700000|100%|HC|  |TAMS 0x0000000083700000, 0x0000000083600000| Complete 
|  23|0x0000000083700000, 0x0000000083800000, 0x0000000083800000|100%|HC|  |TAMS 0x0000000083800000, 0x0000000083700000| Complete 
|  24|0x0000000083800000, 0x0000000083900000, 0x0000000083900000|100%|HC|  |TAMS 0x0000000083900000, 0x0000000083800000| Complete 
|  25|0x0000000083900000, 0x0000000083a00000, 0x0000000083a00000|100%|HC|  |TAMS 0x0000000083a00000, 0x0000000083900000| Complete 
|  26|0x0000000083a00000, 0x0000000083b00000, 0x0000000083b00000|100%|HC|  |TAMS 0x0000000083b00000, 0x0000000083a00000| Complete 
|  27|0x0000000083b00000, 0x0000000083c00000, 0x0000000083c00000|100%|HC|  |TAMS 0x0000000083c00000, 0x0000000083b00000| Complete 
|  28|0x0000000083c00000, 0x0000000083d00000, 0x0000000083d00000|100%|HC|  |TAMS 0x0000000083d00000, 0x0000000083c00000| Complete 
|  29|0x0000000083d00000, 0x0000000083e00000, 0x0000000083e00000|100%|HC|  |TAMS 0x0000000083e00000, 0x0000000083d00000| Complete 
|  30|0x0000000083e00000, 0x0000000083f00000, 0x0000000083f00000|100%|HC|  |TAMS 0x0000000083f00000, 0x0000000083e00000| Complete 
|  31|0x0000000083f00000, 0x0000000084000000, 0x0000000084000000|100%|HC|  |TAMS 0x0000000084000000, 0x0000000083f00000| Complete 
|  32|0x0000000084000000, 0x0000000084100000, 0x0000000084100000|100%|HC|  |TAMS 0x0000000084100000, 0x0000000084000000| Complete 
|  33|0x0000000084100000, 0x0000000084200000, 0x0000000084200000|100%|HC|  |TAMS 0x0000000084200000, 0x0000000084100000| Complete 
|  34|0x0000000084200000, 0x0000000084300000, 0x0000000084300000|100%|HC|  |TAMS 0x0000000084300000, 0x0000000084200000| Complete 
|  35|0x0000000084300000, 0x0000000084400000, 0x0000000084400000|100%|HC|  |TAMS 0x0000000084400000, 0x0000000084300000| Complete 
|  36|0x0000000084400000, 0x0000000084500000, 0x0000000084500000|100%|HC|  |TAMS 0x0000000084500000, 0x0000000084400000| Complete 
|  37|0x0000000084500000, 0x0000000084600000, 0x0000000084600000|100%|HC|  |TAMS 0x0000000084600000, 0x0000000084500000| Complete 
|  38|0x0000000084600000, 0x0000000084700000, 0x0000000084700000|100%|HC|  |TAMS 0x0000000084700000, 0x0000000084600000| Complete 
|  39|0x0000000084700000, 0x0000000084800000, 0x0000000084800000|100%|HC|  |TAMS 0x0000000084800000, 0x0000000084700000| Complete 
|  40|0x0000000084800000, 0x0000000084900000, 0x0000000084900000|100%|HC|  |TAMS 0x0000000084900000, 0x0000000084800000| Complete 
|  41|0x0000000084900000, 0x0000000084a00000, 0x0000000084a00000|100%|HC|  |TAMS 0x0000000084a00000, 0x0000000084900000| Complete 
|  42|0x0000000084a00000, 0x0000000084b00000, 0x0000000084b00000|100%|HC|  |TAMS 0x0000000084b00000, 0x0000000084a00000| Complete 
|  43|0x0000000084b00000, 0x0000000084c00000, 0x0000000084c00000|100%|HC|  |TAMS 0x0000000084c00000, 0x0000000084b00000| Complete 
|  44|0x0000000084c00000, 0x0000000084d00000, 0x0000000084d00000|100%|HC|  |TAMS 0x0000000084d00000, 0x0000000084c00000| Complete 
|  45|0x0000000084d00000, 0x0000000084e00000, 0x0000000084e00000|100%|HC|  |TAMS 0x0000000084e00000, 0x0000000084d00000| Complete 
|  46|0x0000000084e00000, 0x0000000084f00000, 0x0000000084f00000|100%|HC|  |TAMS 0x0000000084f00000, 0x0000000084e00000| Complete 
|  47|0x0000000084f00000, 0x0000000085000000, 0x0000000085000000|100%|HC|  |TAMS 0x0000000085000000, 0x0000000084f00000| Complete 
|  48|0x0000000085000000, 0x0000000085100000, 0x0000000085100000|100%|HC|  |TAMS 0x0000000085100000, 0x0000000085000000| Complete 
|  49|0x0000000085100000, 0x0000000085200000, 0x0000000085200000|100%|HC|  |TAMS 0x0000000085200000, 0x0000000085100000| Complete 
|  50|0x0000000085200000, 0x0000000085300000, 0x0000000085300000|100%|HC|  |TAMS 0x0000000085300000, 0x0000000085200000| Complete 
|  51|0x0000000085300000, 0x0000000085400000, 0x0000000085400000|100%|HC|  |TAMS 0x0000000085400000, 0x0000000085300000| Complete 
|  52|0x0000000085400000, 0x0000000085500000, 0x0000000085500000|100%|HC|  |TAMS 0x0000000085500000, 0x0000000085400000| Complete 
|  53|0x0000000085500000, 0x0000000085600000, 0x0000000085600000|100%|HC|  |TAMS 0x0000000085600000, 0x0000000085500000| Complete 
|  54|0x0000000085600000, 0x0000000085700000, 0x0000000085700000|100%|HC|  |TAMS 0x0000000085700000, 0x0000000085600000| Complete 
|  55|0x0000000085700000, 0x0000000085800000, 0x0000000085800000|100%|HC|  |TAMS 0x0000000085800000, 0x0000000085700000| Complete 
|  56|0x0000000085800000, 0x0000000085900000, 0x0000000085900000|100%|HC|  |TAMS 0x0000000085900000, 0x0000000085800000| Complete 
|  57|0x0000000085900000, 0x0000000085a00000, 0x0000000085a00000|100%|HC|  |TAMS 0x0000000085a00000, 0x0000000085900000| Complete 
|  58|0x0000000085a00000, 0x0000000085b00000, 0x0000000085b00000|100%|HC|  |TAMS 0x0000000085b00000, 0x0000000085a00000| Complete 
|  59|0x0000000085b00000, 0x0000000085c00000, 0x0000000085c00000|100%|HC|  |TAMS 0x0000000085c00000, 0x0000000085b00000| Complete 
|  60|0x0000000085c00000, 0x0000000085d00000, 0x0000000085d00000|100%|HC|  |TAMS 0x0000000085d00000, 0x0000000085c00000| Complete 
|  61|0x0000000085d00000, 0x0000000085e00000, 0x0000000085e00000|100%|HC|  |TAMS 0x0000000085e00000, 0x0000000085d00000| Complete 
|  62|0x0000000085e00000, 0x0000000085f00000, 0x0000000085f00000|100%|HC|  |TAMS 0x0000000085f00000, 0x0000000085e00000| Complete 
|  63|0x0000000085f00000, 0x0000000086000000, 0x0000000086000000|100%|HC|  |TAMS 0x0000000086000000, 0x0000000085f00000| Complete 
|  64|0x0000000086000000, 0x0000000086100000, 0x0000000086100000|100%|HC|  |TAMS 0x0000000086100000, 0x0000000086000000| Complete 
|  65|0x0000000086100000, 0x0000000086200000, 0x0000000086200000|100%|HC|  |TAMS 0x0000000086200000, 0x0000000086100000| Complete 
|  66|0x0000000086200000, 0x0000000086300000, 0x0000000086300000|100%|HC|  |TAMS 0x0000000086300000, 0x0000000086200000| Complete 
|  67|0x0000000086300000, 0x0000000086400000, 0x0000000086400000|100%|HC|  |TAMS 0x0000000086400000, 0x0000000086300000| Complete 
|  68|0x0000000086400000, 0x0000000086500000, 0x0000000086500000|100%|HC|  |TAMS 0x0000000086500000, 0x0000000086400000| Complete 
|  69|0x0000000086500000, 0x0000000086600000, 0x0000000086600000|100%|HC|  |TAMS 0x0000000086600000, 0x0000000086500000| Complete 
|  70|0x0000000086600000, 0x0000000086700000, 0x0000000086700000|100%|HC|  |TAMS 0x0000000086700000, 0x0000000086600000| Complete 
|  71|0x0000000086700000, 0x0000000086800000, 0x0000000086800000|100%|HC|  |TAMS 0x0000000086800000, 0x0000000086700000| Complete 
|  72|0x0000000086800000, 0x0000000086900000, 0x0000000086900000|100%|HC|  |TAMS 0x0000000086900000, 0x0000000086800000| Complete 
|  73|0x0000000086900000, 0x0000000086a00000, 0x0000000086a00000|100%|HC|  |TAMS 0x0000000086a00000, 0x0000000086900000| Complete 
|  74|0x0000000086a00000, 0x0000000086b00000, 0x0000000086b00000|100%|HC|  |TAMS 0x0000000086b00000, 0x0000000086a00000| Complete 
|  75|0x0000000086b00000, 0x0000000086c00000, 0x0000000086c00000|100%|HC|  |TAMS 0x0000000086c00000, 0x0000000086b00000| Complete 
|  76|0x0000000086c00000, 0x0000000086d00000, 0x0000000086d00000|100%|HC|  |TAMS 0x0000000086d00000, 0x0000000086c00000| Complete 
|  77|0x0000000086d00000, 0x0000000086e00000, 0x0000000086e00000|100%|HC|  |TAMS 0x0000000086e00000, 0x0000000086d00000| Complete 
|  78|0x0000000086e00000, 0x0000000086f00000, 0x0000000086f00000|100%|HC|  |TAMS 0x0000000086f00000, 0x0000000086e00000| Complete 
|  79|0x0000000086f00000, 0x0000000087000000, 0x0000000087000000|100%|HC|  |TAMS 0x0000000087000000, 0x0000000086f00000| Complete 
|  80|0x0000000087000000, 0x0000000087100000, 0x0000000087100000|100%|HC|  |TAMS 0x0000000087100000, 0x0000000087000000| Complete 
|  81|0x0000000087100000, 0x0000000087200000, 0x0000000087200000|100%|HC|  |TAMS 0x0000000087200000, 0x0000000087100000| Complete 
|  82|0x0000000087200000, 0x0000000087300000, 0x0000000087300000|100%|HC|  |TAMS 0x0000000087300000, 0x0000000087200000| Complete 
|  83|0x0000000087300000, 0x0000000087400000, 0x0000000087400000|100%| O|  |TAMS 0x0000000087400000, 0x0000000087300000| Untracked 
|  84|0x0000000087400000, 0x0000000087500000, 0x0000000087500000|100%| O|  |TAMS 0x0000000087500000, 0x0000000087400000| Untracked 
|  85|0x0000000087500000, 0x0000000087593200, 0x0000000087600000| 57%| O|  |TAMS 0x0000000087593200, 0x0000000087500000| Updating 
|  86|0x0000000087600000, 0x0000000087700000, 0x0000000087700000|100%|HS|  |TAMS 0x0000000087700000, 0x0000000087600000| Complete 
|  87|0x0000000087700000, 0x0000000087800000, 0x0000000087800000|100%|HC|  |TAMS 0x0000000087800000, 0x0000000087700000| Complete 
|  88|0x0000000087800000, 0x0000000087800000, 0x0000000087900000|  0%| F|  |TAMS 0x0000000087800000, 0x0000000087800000| Untracked 
|  89|0x0000000087900000, 0x0000000087900000, 0x0000000087a00000|  0%| F|  |TAMS 0x0000000087900000, 0x0000000087900000| Untracked 
|  90|0x0000000087a00000, 0x0000000087a00000, 0x0000000087b00000|  0%| F|  |TAMS 0x0000000087a00000, 0x0000000087a00000| Untracked 
|  91|0x0000000087b00000, 0x0000000087b00000, 0x0000000087c00000|  0%| F|  |TAMS 0x0000000087b00000, 0x0000000087b00000| Untracked 
|  92|0x0000000087c00000, 0x0000000087c00000, 0x0000000087d00000|  0%| F|  |TAMS 0x0000000087c00000, 0x0000000087c00000| Untracked 
|  93|0x0000000087d00000, 0x0000000087d00000, 0x0000000087e00000|  0%| F|  |TAMS 0x0000000087d00000, 0x0000000087d00000| Untracked 
|  94|0x0000000087e00000, 0x0000000087e00000, 0x0000000087f00000|  0%| F|  |TAMS 0x0000000087e00000, 0x0000000087e00000| Untracked 
|  95|0x0000000087f00000, 0x0000000087f00000, 0x0000000088000000|  0%| F|  |TAMS 0x0000000087f00000, 0x0000000087f00000| Untracked 
|  96|0x0000000088000000, 0x0000000088000000, 0x0000000088100000|  0%| F|  |TAMS 0x0000000088000000, 0x0000000088000000| Untracked 
|  97|0x0000000088100000, 0x0000000088100000, 0x0000000088200000|  0%| F|  |TAMS 0x0000000088100000, 0x0000000088100000| Untracked 
|  98|0x0000000088200000, 0x0000000088200000, 0x0000000088300000|  0%| F|  |TAMS 0x0000000088200000, 0x0000000088200000| Untracked 
|  99|0x0000000088300000, 0x0000000088300000, 0x0000000088400000|  0%| F|  |TAMS 0x0000000088300000, 0x0000000088300000| Untracked 
| 100|0x0000000088400000, 0x0000000088400000, 0x0000000088500000|  0%| F|  |TAMS 0x0000000088400000, 0x0000000088400000| Untracked 
| 101|0x0000000088500000, 0x0000000088500000, 0x0000000088600000|  0%| F|  |TAMS 0x0000000088500000, 0x0000000088500000| Untracked 
| 102|0x0000000088600000, 0x0000000088600000, 0x0000000088700000|  0%| F|  |TAMS 0x0000000088600000, 0x0000000088600000| Untracked 
| 103|0x0000000088700000, 0x0000000088700000, 0x0000000088800000|  0%| F|  |TAMS 0x0000000088700000, 0x0000000088700000| Untracked 
| 104|0x0000000088800000, 0x0000000088800000, 0x0000000088900000|  0%| F|  |TAMS 0x0000000088800000, 0x0000000088800000| Untracked 
| 105|0x0000000088900000, 0x0000000088900000, 0x0000000088a00000|  0%| F|  |TAMS 0x0000000088900000, 0x0000000088900000| Untracked 
| 106|0x0000000088a00000, 0x0000000088a00000, 0x0000000088b00000|  0%| F|  |TAMS 0x0000000088a00000, 0x0000000088a00000| Untracked 
| 107|0x0000000088b00000, 0x0000000088b00000, 0x0000000088c00000|  0%| F|  |TAMS 0x0000000088b00000, 0x0000000088b00000| Untracked 
| 108|0x0000000088c00000, 0x0000000088c00000, 0x0000000088d00000|  0%| F|  |TAMS 0x0000000088c00000, 0x0000000088c00000| Untracked 
| 109|0x0000000088d00000, 0x0000000088d00000, 0x0000000088e00000|  0%| F|  |TAMS 0x0000000088d00000, 0x0000000088d00000| Untracked 
| 110|0x0000000088e00000, 0x0000000088e00000, 0x0000000088f00000|  0%| F|  |TAMS 0x0000000088e00000, 0x0000000088e00000| Untracked 
| 111|0x0000000088f00000, 0x0000000088f00000, 0x0000000089000000|  0%| F|  |TAMS 0x0000000088f00000, 0x0000000088f00000| Untracked 
| 112|0x0000000089000000, 0x0000000089000000, 0x0000000089100000|  0%| F|  |TAMS 0x0000000089000000, 0x0000000089000000| Untracked 
| 113|0x0000000089100000, 0x0000000089100000, 0x0000000089200000|  0%| F|  |TAMS 0x0000000089100000, 0x0000000089100000| Untracked 
| 114|0x0000000089200000, 0x0000000089200000, 0x0000000089300000|  0%| F|  |TAMS 0x0000000089200000, 0x0000000089200000| Untracked 
| 115|0x0000000089300000, 0x0000000089300000, 0x0000000089400000|  0%| F|  |TAMS 0x0000000089300000, 0x0000000089300000| Untracked 
| 116|0x0000000089400000, 0x0000000089400000, 0x0000000089500000|  0%| F|  |TAMS 0x0000000089400000, 0x0000000089400000| Untracked 
| 117|0x0000000089500000, 0x0000000089500000, 0x0000000089600000|  0%| F|  |TAMS 0x0000000089500000, 0x0000000089500000| Untracked 
| 118|0x0000000089600000, 0x0000000089600000, 0x0000000089700000|  0%| F|  |TAMS 0x0000000089600000, 0x0000000089600000| Untracked 
| 119|0x0000000089700000, 0x0000000089700000, 0x0000000089800000|  0%| F|  |TAMS 0x0000000089700000, 0x0000000089700000| Untracked 
| 120|0x0000000089800000, 0x0000000089800000, 0x0000000089900000|  0%| F|  |TAMS 0x0000000089800000, 0x0000000089800000| Untracked 
| 121|0x0000000089900000, 0x0000000089900000, 0x0000000089a00000|  0%| F|  |TAMS 0x0000000089900000, 0x0000000089900000| Untracked 
| 122|0x0000000089a00000, 0x0000000089a00000, 0x0000000089b00000|  0%| F|  |TAMS 0x0000000089a00000, 0x0000000089a00000| Untracked 
| 123|0x0000000089b00000, 0x0000000089b00000, 0x0000000089c00000|  0%| F|  |TAMS 0x0000000089b00000, 0x0000000089b00000| Untracked 
| 124|0x0000000089c00000, 0x0000000089d00000, 0x0000000089d00000|100%|HS|  |TAMS 0x0000000089d00000, 0x0000000089c00000| Complete 
| 125|0x0000000089d00000, 0x0000000089e00000, 0x0000000089e00000|100%|HC|  |TAMS 0x0000000089e00000, 0x0000000089d00000| Complete 
| 126|0x0000000089e00000, 0x0000000089f00000, 0x0000000089f00000|100%|HC|  |TAMS 0x0000000089f00000, 0x0000000089e00000| Complete 
| 127|0x0000000089f00000, 0x000000008a000000, 0x000000008a000000|100%|HC|  |TAMS 0x000000008a000000, 0x0000000089f00000| Complete 
| 128|0x000000008a000000, 0x000000008a100000, 0x000000008a100000|100%|HC|  |TAMS 0x000000008a100000, 0x000000008a000000| Complete 
| 129|0x000000008a100000, 0x000000008a200000, 0x000000008a200000|100%|HC|  |TAMS 0x000000008a200000, 0x000000008a100000| Complete 
| 130|0x000000008a200000, 0x000000008a300000, 0x000000008a300000|100%|HC|  |TAMS 0x000000008a300000, 0x000000008a200000| Complete 
| 131|0x000000008a300000, 0x000000008a400000, 0x000000008a400000|100%|HC|  |TAMS 0x000000008a400000, 0x000000008a300000| Complete 
| 132|0x000000008a400000, 0x000000008a500000, 0x000000008a500000|100%|HC|  |TAMS 0x000000008a500000, 0x000000008a400000| Complete 
| 133|0x000000008a500000, 0x000000008a600000, 0x000000008a600000|100%|HC|  |TAMS 0x000000008a600000, 0x000000008a500000| Complete 
| 134|0x000000008a600000, 0x000000008a700000, 0x000000008a700000|100%|HC|  |TAMS 0x000000008a700000, 0x000000008a600000| Complete 
| 135|0x000000008a700000, 0x000000008a800000, 0x000000008a800000|100%|HC|  |TAMS 0x000000008a800000, 0x000000008a700000| Complete 
| 136|0x000000008a800000, 0x000000008a900000, 0x000000008a900000|100%|HC|  |TAMS 0x000000008a900000, 0x000000008a800000| Complete 
| 137|0x000000008a900000, 0x000000008aa00000, 0x000000008aa00000|100%|HC|  |TAMS 0x000000008aa00000, 0x000000008a900000| Complete 
| 138|0x000000008aa00000, 0x000000008ab00000, 0x000000008ab00000|100%|HC|  |TAMS 0x000000008ab00000, 0x000000008aa00000| Complete 
| 139|0x000000008ab00000, 0x000000008ac00000, 0x000000008ac00000|100%|HC|  |TAMS 0x000000008ac00000, 0x000000008ab00000| Complete 
| 140|0x000000008ac00000, 0x000000008ad00000, 0x000000008ad00000|100%|HC|  |TAMS 0x000000008ad00000, 0x000000008ac00000| Complete 
| 141|0x000000008ad00000, 0x000000008ae00000, 0x000000008ae00000|100%|HC|  |TAMS 0x000000008ae00000, 0x000000008ad00000| Complete 
| 142|0x000000008ae00000, 0x000000008af00000, 0x000000008af00000|100%|HC|  |TAMS 0x000000008af00000, 0x000000008ae00000| Complete 
| 143|0x000000008af00000, 0x000000008b000000, 0x000000008b000000|100%|HC|  |TAMS 0x000000008b000000, 0x000000008af00000| Complete 
| 144|0x000000008b000000, 0x000000008b100000, 0x000000008b100000|100%|HC|  |TAMS 0x000000008b100000, 0x000000008b000000| Complete 
| 145|0x000000008b100000, 0x000000008b200000, 0x000000008b200000|100%|HC|  |TAMS 0x000000008b200000, 0x000000008b100000| Complete 
| 146|0x000000008b200000, 0x000000008b300000, 0x000000008b300000|100%|HC|  |TAMS 0x000000008b300000, 0x000000008b200000| Complete 
| 147|0x000000008b300000, 0x000000008b400000, 0x000000008b400000|100%|HC|  |TAMS 0x000000008b400000, 0x000000008b300000| Complete 
| 148|0x000000008b400000, 0x000000008b500000, 0x000000008b500000|100%|HC|  |TAMS 0x000000008b500000, 0x000000008b400000| Complete 
| 149|0x000000008b500000, 0x000000008b600000, 0x000000008b600000|100%|HC|  |TAMS 0x000000008b600000, 0x000000008b500000| Complete 
| 150|0x000000008b600000, 0x000000008b700000, 0x000000008b700000|100%|HC|  |TAMS 0x000000008b700000, 0x000000008b600000| Complete 
| 151|0x000000008b700000, 0x000000008b800000, 0x000000008b800000|100%|HC|  |TAMS 0x000000008b800000, 0x000000008b700000| Complete 
| 152|0x000000008b800000, 0x000000008b900000, 0x000000008b900000|100%|HC|  |TAMS 0x000000008b900000, 0x000000008b800000| Complete 
| 153|0x000000008b900000, 0x000000008ba00000, 0x000000008ba00000|100%|HC|  |TAMS 0x000000008ba00000, 0x000000008b900000| Complete 
| 154|0x000000008ba00000, 0x000000008bb00000, 0x000000008bb00000|100%|HC|  |TAMS 0x000000008bb00000, 0x000000008ba00000| Complete 
| 155|0x000000008bb00000, 0x000000008bc00000, 0x000000008bc00000|100%|HC|  |TAMS 0x000000008bc00000, 0x000000008bb00000| Complete 
| 156|0x000000008bc00000, 0x000000008bd00000, 0x000000008bd00000|100%|HC|  |TAMS 0x000000008bd00000, 0x000000008bc00000| Complete 
| 157|0x000000008bd00000, 0x000000008be00000, 0x000000008be00000|100%|HC|  |TAMS 0x000000008be00000, 0x000000008bd00000| Complete 
| 158|0x000000008be00000, 0x000000008bf00000, 0x000000008bf00000|100%|HC|  |TAMS 0x000000008bf00000, 0x000000008be00000| Complete 
| 159|0x000000008bf00000, 0x000000008c000000, 0x000000008c000000|100%|HC|  |TAMS 0x000000008c000000, 0x000000008bf00000| Complete 
| 160|0x000000008c000000, 0x000000008c100000, 0x000000008c100000|100%|HC|  |TAMS 0x000000008c100000, 0x000000008c000000| Complete 
| 161|0x000000008c100000, 0x000000008c200000, 0x000000008c200000|100%|HC|  |TAMS 0x000000008c200000, 0x000000008c100000| Complete 
| 162|0x000000008c200000, 0x000000008c300000, 0x000000008c300000|100%|HC|  |TAMS 0x000000008c300000, 0x000000008c200000| Complete 
| 163|0x000000008c300000, 0x000000008c400000, 0x000000008c400000|100%|HC|  |TAMS 0x000000008c400000, 0x000000008c300000| Complete 
| 164|0x000000008c400000, 0x000000008c500000, 0x000000008c500000|100%|HC|  |TAMS 0x000000008c500000, 0x000000008c400000| Complete 
| 165|0x000000008c500000, 0x000000008c600000, 0x000000008c600000|100%|HC|  |TAMS 0x000000008c600000, 0x000000008c500000| Complete 
| 166|0x000000008c600000, 0x000000008c700000, 0x000000008c700000|100%|HC|  |TAMS 0x000000008c700000, 0x000000008c600000| Complete 
| 167|0x000000008c700000, 0x000000008c800000, 0x000000008c800000|100%|HC|  |TAMS 0x000000008c800000, 0x000000008c700000| Complete 
| 168|0x000000008c800000, 0x000000008c900000, 0x000000008c900000|100%|HC|  |TAMS 0x000000008c900000, 0x000000008c800000| Complete 
| 169|0x000000008c900000, 0x000000008ca00000, 0x000000008ca00000|100%|HC|  |TAMS 0x000000008ca00000, 0x000000008c900000| Complete 
| 170|0x000000008ca00000, 0x000000008cb00000, 0x000000008cb00000|100%|HC|  |TAMS 0x000000008cb00000, 0x000000008ca00000| Complete 
| 171|0x000000008cb00000, 0x000000008cc00000, 0x000000008cc00000|100%|HC|  |TAMS 0x000000008cc00000, 0x000000008cb00000| Complete 
| 172|0x000000008cc00000, 0x000000008cd00000, 0x000000008cd00000|100%|HC|  |TAMS 0x000000008cd00000, 0x000000008cc00000| Complete 
| 173|0x000000008cd00000, 0x000000008ce00000, 0x000000008ce00000|100%|HC|  |TAMS 0x000000008ce00000, 0x000000008cd00000| Complete 
| 174|0x000000008ce00000, 0x000000008cf00000, 0x000000008cf00000|100%|HC|  |TAMS 0x000000008cf00000, 0x000000008ce00000| Complete 
| 175|0x000000008cf00000, 0x000000008d000000, 0x000000008d000000|100%|HC|  |TAMS 0x000000008d000000, 0x000000008cf00000| Complete 
| 176|0x000000008d000000, 0x000000008d100000, 0x000000008d100000|100%|HC|  |TAMS 0x000000008d100000, 0x000000008d000000| Complete 
| 177|0x000000008d100000, 0x000000008d200000, 0x000000008d200000|100%|HC|  |TAMS 0x000000008d200000, 0x000000008d100000| Complete 
| 178|0x000000008d200000, 0x000000008d300000, 0x000000008d300000|100%|HC|  |TAMS 0x000000008d300000, 0x000000008d200000| Complete 
| 179|0x000000008d300000, 0x000000008d400000, 0x000000008d400000|100%|HC|  |TAMS 0x000000008d400000, 0x000000008d300000| Complete 
| 180|0x000000008d400000, 0x000000008d500000, 0x000000008d500000|100%|HC|  |TAMS 0x000000008d500000, 0x000000008d400000| Complete 
| 181|0x000000008d500000, 0x000000008d600000, 0x000000008d600000|100%|HC|  |TAMS 0x000000008d600000, 0x000000008d500000| Complete 
| 182|0x000000008d600000, 0x000000008d700000, 0x000000008d700000|100%|HC|  |TAMS 0x000000008d700000, 0x000000008d600000| Complete 
| 183|0x000000008d700000, 0x000000008d800000, 0x000000008d800000|100%|HC|  |TAMS 0x000000008d800000, 0x000000008d700000| Complete 
| 184|0x000000008d800000, 0x000000008d900000, 0x000000008d900000|100%|HC|  |TAMS 0x000000008d900000, 0x000000008d800000| Complete 
| 185|0x000000008d900000, 0x000000008da00000, 0x000000008da00000|100%|HC|  |TAMS 0x000000008da00000, 0x000000008d900000| Complete 
| 186|0x000000008da00000, 0x000000008db00000, 0x000000008db00000|100%|HC|  |TAMS 0x000000008db00000, 0x000000008da00000| Complete 
| 187|0x000000008db00000, 0x000000008dc00000, 0x000000008dc00000|100%|HC|  |TAMS 0x000000008dc00000, 0x000000008db00000| Complete 
| 188|0x000000008dc00000, 0x000000008dd00000, 0x000000008dd00000|100%|HC|  |TAMS 0x000000008dd00000, 0x000000008dc00000| Complete 
| 189|0x000000008dd00000, 0x000000008de00000, 0x000000008de00000|100%|HC|  |TAMS 0x000000008de00000, 0x000000008dd00000| Complete 
| 190|0x000000008de00000, 0x000000008df00000, 0x000000008df00000|100%|HC|  |TAMS 0x000000008df00000, 0x000000008de00000| Complete 
| 191|0x000000008df00000, 0x000000008e000000, 0x000000008e000000|100%|HC|  |TAMS 0x000000008e000000, 0x000000008df00000| Complete 
| 192|0x000000008e000000, 0x000000008e100000, 0x000000008e100000|100%|HC|  |TAMS 0x000000008e100000, 0x000000008e000000| Complete 
| 193|0x000000008e100000, 0x000000008e200000, 0x000000008e200000|100%|HC|  |TAMS 0x000000008e200000, 0x000000008e100000| Complete 
| 194|0x000000008e200000, 0x000000008e300000, 0x000000008e300000|100%|HC|  |TAMS 0x000000008e300000, 0x000000008e200000| Complete 
| 195|0x000000008e300000, 0x000000008e400000, 0x000000008e400000|100%|HC|  |TAMS 0x000000008e400000, 0x000000008e300000| Complete 
| 196|0x000000008e400000, 0x000000008e500000, 0x000000008e500000|100%|HC|  |TAMS 0x000000008e500000, 0x000000008e400000| Complete 
| 197|0x000000008e500000, 0x000000008e600000, 0x000000008e600000|100%|HC|  |TAMS 0x000000008e600000, 0x000000008e500000| Complete 
| 198|0x000000008e600000, 0x000000008e700000, 0x000000008e700000|100%|HC|  |TAMS 0x000000008e700000, 0x000000008e600000| Complete 
| 199|0x000000008e700000, 0x000000008e800000, 0x000000008e800000|100%|HC|  |TAMS 0x000000008e800000, 0x000000008e700000| Complete 
| 200|0x000000008e800000, 0x000000008e900000, 0x000000008e900000|100%|HC|  |TAMS 0x000000008e900000, 0x000000008e800000| Complete 
| 201|0x000000008e900000, 0x000000008ea00000, 0x000000008ea00000|100%|HC|  |TAMS 0x000000008ea00000, 0x000000008e900000| Complete 
| 202|0x000000008ea00000, 0x000000008eb00000, 0x000000008eb00000|100%|HS|  |TAMS 0x000000008ea00000, 0x000000008ea00000| Complete 
| 203|0x000000008eb00000, 0x000000008ec00000, 0x000000008ec00000|100%|HC|  |TAMS 0x000000008eb00000, 0x000000008eb00000| Complete 
| 204|0x000000008ec00000, 0x000000008ed00000, 0x000000008ed00000|100%|HC|  |TAMS 0x000000008ec00000, 0x000000008ec00000| Complete 
| 205|0x000000008ed00000, 0x000000008ee00000, 0x000000008ee00000|100%|HC|  |TAMS 0x000000008ed00000, 0x000000008ed00000| Complete 
| 206|0x000000008ee00000, 0x000000008ef00000, 0x000000008ef00000|100%|HC|  |TAMS 0x000000008ee00000, 0x000000008ee00000| Complete 
| 207|0x000000008ef00000, 0x000000008f000000, 0x000000008f000000|100%|HC|  |TAMS 0x000000008ef00000, 0x000000008ef00000| Complete 
| 208|0x000000008f000000, 0x000000008f100000, 0x000000008f100000|100%|HC|  |TAMS 0x000000008f000000, 0x000000008f000000| Complete 
| 209|0x000000008f100000, 0x000000008f200000, 0x000000008f200000|100%|HC|  |TAMS 0x000000008f100000, 0x000000008f100000| Complete 
| 210|0x000000008f200000, 0x000000008f300000, 0x000000008f300000|100%|HC|  |TAMS 0x000000008f200000, 0x000000008f200000| Complete 
| 211|0x000000008f300000, 0x000000008f400000, 0x000000008f400000|100%|HC|  |TAMS 0x000000008f300000, 0x000000008f300000| Complete 
| 212|0x000000008f400000, 0x000000008f500000, 0x000000008f500000|100%|HC|  |TAMS 0x000000008f400000, 0x000000008f400000| Complete 
| 213|0x000000008f500000, 0x000000008f600000, 0x000000008f600000|100%|HC|  |TAMS 0x000000008f500000, 0x000000008f500000| Complete 
| 214|0x000000008f600000, 0x000000008f700000, 0x000000008f700000|100%|HC|  |TAMS 0x000000008f600000, 0x000000008f600000| Complete 
| 215|0x000000008f700000, 0x000000008f800000, 0x000000008f800000|100%|HC|  |TAMS 0x000000008f700000, 0x000000008f700000| Complete 
| 216|0x000000008f800000, 0x000000008f900000, 0x000000008f900000|100%|HC|  |TAMS 0x000000008f800000, 0x000000008f800000| Complete 
| 217|0x000000008f900000, 0x000000008fa00000, 0x000000008fa00000|100%|HC|  |TAMS 0x000000008f900000, 0x000000008f900000| Complete 
| 218|0x000000008fa00000, 0x000000008fb00000, 0x000000008fb00000|100%|HC|  |TAMS 0x000000008fa00000, 0x000000008fa00000| Complete 
| 219|0x000000008fb00000, 0x000000008fc00000, 0x000000008fc00000|100%|HC|  |TAMS 0x000000008fb00000, 0x000000008fb00000| Complete 
| 220|0x000000008fc00000, 0x000000008fd00000, 0x000000008fd00000|100%|HC|  |TAMS 0x000000008fc00000, 0x000000008fc00000| Complete 
| 221|0x000000008fd00000, 0x000000008fe00000, 0x000000008fe00000|100%|HC|  |TAMS 0x000000008fd00000, 0x000000008fd00000| Complete 
| 222|0x000000008fe00000, 0x000000008ff00000, 0x000000008ff00000|100%|HC|  |TAMS 0x000000008fe00000, 0x000000008fe00000| Complete 
| 223|0x000000008ff00000, 0x0000000090000000, 0x0000000090000000|100%|HC|  |TAMS 0x000000008ff00000, 0x000000008ff00000| Complete 
| 224|0x0000000090000000, 0x0000000090100000, 0x0000000090100000|100%|HC|  |TAMS 0x0000000090000000, 0x0000000090000000| Complete 
| 225|0x0000000090100000, 0x0000000090200000, 0x0000000090200000|100%|HC|  |TAMS 0x0000000090100000, 0x0000000090100000| Complete 
| 226|0x0000000090200000, 0x0000000090300000, 0x0000000090300000|100%|HC|  |TAMS 0x0000000090200000, 0x0000000090200000| Complete 
| 227|0x0000000090300000, 0x0000000090400000, 0x0000000090400000|100%|HC|  |TAMS 0x0000000090300000, 0x0000000090300000| Complete 
| 228|0x0000000090400000, 0x0000000090500000, 0x0000000090500000|100%|HC|  |TAMS 0x0000000090400000, 0x0000000090400000| Complete 
| 229|0x0000000090500000, 0x0000000090600000, 0x0000000090600000|100%|HC|  |TAMS 0x0000000090500000, 0x0000000090500000| Complete 
| 230|0x0000000090600000, 0x0000000090700000, 0x0000000090700000|100%|HC|  |TAMS 0x0000000090600000, 0x0000000090600000| Complete 
| 231|0x0000000090700000, 0x0000000090800000, 0x0000000090800000|100%|HC|  |TAMS 0x0000000090700000, 0x0000000090700000| Complete 
| 232|0x0000000090800000, 0x0000000090900000, 0x0000000090900000|100%|HC|  |TAMS 0x0000000090800000, 0x0000000090800000| Complete 
| 233|0x0000000090900000, 0x0000000090a00000, 0x0000000090a00000|100%|HC|  |TAMS 0x0000000090900000, 0x0000000090900000| Complete 
| 234|0x0000000090a00000, 0x0000000090b00000, 0x0000000090b00000|100%|HC|  |TAMS 0x0000000090a00000, 0x0000000090a00000| Complete 
| 235|0x0000000090b00000, 0x0000000090c00000, 0x0000000090c00000|100%|HC|  |TAMS 0x0000000090b00000, 0x0000000090b00000| Complete 
| 236|0x0000000090c00000, 0x0000000090d00000, 0x0000000090d00000|100%|HC|  |TAMS 0x0000000090c00000, 0x0000000090c00000| Complete 
| 237|0x0000000090d00000, 0x0000000090e00000, 0x0000000090e00000|100%|HC|  |TAMS 0x0000000090d00000, 0x0000000090d00000| Complete 
| 238|0x0000000090e00000, 0x0000000090f00000, 0x0000000090f00000|100%|HC|  |TAMS 0x0000000090e00000, 0x0000000090e00000| Complete 
| 239|0x0000000090f00000, 0x0000000091000000, 0x0000000091000000|100%|HC|  |TAMS 0x0000000090f00000, 0x0000000090f00000| Complete 
| 240|0x0000000091000000, 0x0000000091100000, 0x0000000091100000|100%|HC|  |TAMS 0x0000000091000000, 0x0000000091000000| Complete 
| 241|0x0000000091100000, 0x0000000091200000, 0x0000000091200000|100%|HC|  |TAMS 0x0000000091100000, 0x0000000091100000| Complete 
| 242|0x0000000091200000, 0x0000000091300000, 0x0000000091300000|100%|HC|  |TAMS 0x0000000091200000, 0x0000000091200000| Complete 
| 243|0x0000000091300000, 0x0000000091400000, 0x0000000091400000|100%|HC|  |TAMS 0x0000000091300000, 0x0000000091300000| Complete 
| 244|0x0000000091400000, 0x0000000091500000, 0x0000000091500000|100%|HC|  |TAMS 0x0000000091400000, 0x0000000091400000| Complete 
| 245|0x0000000091500000, 0x0000000091600000, 0x0000000091600000|100%|HC|  |TAMS 0x0000000091500000, 0x0000000091500000| Complete 
| 246|0x0000000091600000, 0x0000000091700000, 0x0000000091700000|100%|HC|  |TAMS 0x0000000091600000, 0x0000000091600000| Complete 
| 247|0x0000000091700000, 0x0000000091800000, 0x0000000091800000|100%|HC|  |TAMS 0x0000000091700000, 0x0000000091700000| Complete 
| 248|0x0000000091800000, 0x0000000091900000, 0x0000000091900000|100%|HC|  |TAMS 0x0000000091800000, 0x0000000091800000| Complete 
| 249|0x0000000091900000, 0x0000000091a00000, 0x0000000091a00000|100%|HC|  |TAMS 0x0000000091900000, 0x0000000091900000| Complete 
| 250|0x0000000091a00000, 0x0000000091b00000, 0x0000000091b00000|100%|HC|  |TAMS 0x0000000091a00000, 0x0000000091a00000| Complete 
| 251|0x0000000091b00000, 0x0000000091c00000, 0x0000000091c00000|100%|HC|  |TAMS 0x0000000091b00000, 0x0000000091b00000| Complete 
| 252|0x0000000091c00000, 0x0000000091d00000, 0x0000000091d00000|100%|HC|  |TAMS 0x0000000091c00000, 0x0000000091c00000| Complete 
| 253|0x0000000091d00000, 0x0000000091e00000, 0x0000000091e00000|100%|HC|  |TAMS 0x0000000091d00000, 0x0000000091d00000| Complete 
| 254|0x0000000091e00000, 0x0000000091f00000, 0x0000000091f00000|100%|HC|  |TAMS 0x0000000091e00000, 0x0000000091e00000| Complete 
| 255|0x0000000091f00000, 0x0000000092000000, 0x0000000092000000|100%|HC|  |TAMS 0x0000000091f00000, 0x0000000091f00000| Complete 
| 256|0x0000000092000000, 0x0000000092100000, 0x0000000092100000|100%|HC|  |TAMS 0x0000000092000000, 0x0000000092000000| Complete 
| 257|0x0000000092100000, 0x0000000092200000, 0x0000000092200000|100%|HC|  |TAMS 0x0000000092100000, 0x0000000092100000| Complete 
| 258|0x0000000092200000, 0x0000000092300000, 0x0000000092300000|100%|HC|  |TAMS 0x0000000092200000, 0x0000000092200000| Complete 
| 259|0x0000000092300000, 0x0000000092400000, 0x0000000092400000|100%|HC|  |TAMS 0x0000000092300000, 0x0000000092300000| Complete 
| 260|0x0000000092400000, 0x0000000092500000, 0x0000000092500000|100%|HC|  |TAMS 0x0000000092400000, 0x0000000092400000| Complete 
| 261|0x0000000092500000, 0x0000000092600000, 0x0000000092600000|100%|HC|  |TAMS 0x0000000092500000, 0x0000000092500000| Complete 
| 262|0x0000000092600000, 0x0000000092700000, 0x0000000092700000|100%|HC|  |TAMS 0x0000000092600000, 0x0000000092600000| Complete 
| 263|0x0000000092700000, 0x0000000092800000, 0x0000000092800000|100%|HC|  |TAMS 0x0000000092700000, 0x0000000092700000| Complete 
| 264|0x0000000092800000, 0x0000000092900000, 0x0000000092900000|100%|HC|  |TAMS 0x0000000092800000, 0x0000000092800000| Complete 
| 265|0x0000000092900000, 0x0000000092a00000, 0x0000000092a00000|100%|HC|  |TAMS 0x0000000092900000, 0x0000000092900000| Complete 
| 266|0x0000000092a00000, 0x0000000092b00000, 0x0000000092b00000|100%|HC|  |TAMS 0x0000000092a00000, 0x0000000092a00000| Complete 
| 267|0x0000000092b00000, 0x0000000092c00000, 0x0000000092c00000|100%|HC|  |TAMS 0x0000000092b00000, 0x0000000092b00000| Complete 
| 268|0x0000000092c00000, 0x0000000092d00000, 0x0000000092d00000|100%|HC|  |TAMS 0x0000000092c00000, 0x0000000092c00000| Complete 
| 269|0x0000000092d00000, 0x0000000092e00000, 0x0000000092e00000|100%|HC|  |TAMS 0x0000000092d00000, 0x0000000092d00000| Complete 
| 270|0x0000000092e00000, 0x0000000092f00000, 0x0000000092f00000|100%|HC|  |TAMS 0x0000000092e00000, 0x0000000092e00000| Complete 
| 271|0x0000000092f00000, 0x0000000093000000, 0x0000000093000000|100%|HC|  |TAMS 0x0000000092f00000, 0x0000000092f00000| Complete 
| 272|0x0000000093000000, 0x0000000093100000, 0x0000000093100000|100%|HC|  |TAMS 0x0000000093000000, 0x0000000093000000| Complete 
| 273|0x0000000093100000, 0x0000000093200000, 0x0000000093200000|100%|HC|  |TAMS 0x0000000093100000, 0x0000000093100000| Complete 
| 274|0x0000000093200000, 0x0000000093300000, 0x0000000093300000|100%|HC|  |TAMS 0x0000000093200000, 0x0000000093200000| Complete 
| 275|0x0000000093300000, 0x0000000093400000, 0x0000000093400000|100%|HC|  |TAMS 0x0000000093300000, 0x0000000093300000| Complete 
| 276|0x0000000093400000, 0x0000000093500000, 0x0000000093500000|100%|HC|  |TAMS 0x0000000093400000, 0x0000000093400000| Complete 
| 277|0x0000000093500000, 0x0000000093600000, 0x0000000093600000|100%|HC|  |TAMS 0x0000000093500000, 0x0000000093500000| Complete 
| 278|0x0000000093600000, 0x0000000093700000, 0x0000000093700000|100%|HC|  |TAMS 0x0000000093600000, 0x0000000093600000| Complete 
| 279|0x0000000093700000, 0x0000000093800000, 0x0000000093800000|100%|HC|  |TAMS 0x0000000093700000, 0x0000000093700000| Complete 
| 280|0x0000000093800000, 0x0000000093800000, 0x0000000093900000|  0%| F|  |TAMS 0x0000000093800000, 0x0000000093800000| Untracked 
| 281|0x0000000093900000, 0x0000000093900000, 0x0000000093a00000|  0%| F|  |TAMS 0x0000000093900000, 0x0000000093900000| Untracked 
| 282|0x0000000093a00000, 0x0000000093b00000, 0x0000000093b00000|100%|HS|  |TAMS 0x0000000093b00000, 0x0000000093a00000| Complete 
| 283|0x0000000093b00000, 0x0000000093c00000, 0x0000000093c00000|100%|HC|  |TAMS 0x0000000093c00000, 0x0000000093b00000| Complete 
| 284|0x0000000093c00000, 0x0000000093d00000, 0x0000000093d00000|100%|HC|  |TAMS 0x0000000093d00000, 0x0000000093c00000| Complete 
| 285|0x0000000093d00000, 0x0000000093e00000, 0x0000000093e00000|100%|HC|  |TAMS 0x0000000093e00000, 0x0000000093d00000| Complete 
| 286|0x0000000093e00000, 0x0000000093f00000, 0x0000000093f00000|100%|HC|  |TAMS 0x0000000093f00000, 0x0000000093e00000| Complete 
| 287|0x0000000093f00000, 0x0000000094000000, 0x0000000094000000|100%|HC|  |TAMS 0x0000000094000000, 0x0000000093f00000| Complete 
| 288|0x0000000094000000, 0x0000000094100000, 0x0000000094100000|100%|HC|  |TAMS 0x0000000094100000, 0x0000000094000000| Complete 
| 289|0x0000000094100000, 0x0000000094200000, 0x0000000094200000|100%|HC|  |TAMS 0x0000000094200000, 0x0000000094100000| Complete 
| 290|0x0000000094200000, 0x0000000094300000, 0x0000000094300000|100%|HC|  |TAMS 0x0000000094300000, 0x0000000094200000| Complete 
| 291|0x0000000094300000, 0x0000000094400000, 0x0000000094400000|100%|HC|  |TAMS 0x0000000094400000, 0x0000000094300000| Complete 
| 292|0x0000000094400000, 0x0000000094500000, 0x0000000094500000|100%|HC|  |TAMS 0x0000000094500000, 0x0000000094400000| Complete 
| 293|0x0000000094500000, 0x0000000094600000, 0x0000000094600000|100%|HC|  |TAMS 0x0000000094600000, 0x0000000094500000| Complete 
| 294|0x0000000094600000, 0x0000000094700000, 0x0000000094700000|100%|HC|  |TAMS 0x0000000094700000, 0x0000000094600000| Complete 
| 295|0x0000000094700000, 0x0000000094800000, 0x0000000094800000|100%|HC|  |TAMS 0x0000000094800000, 0x0000000094700000| Complete 
| 296|0x0000000094800000, 0x0000000094900000, 0x0000000094900000|100%|HC|  |TAMS 0x0000000094900000, 0x0000000094800000| Complete 
| 297|0x0000000094900000, 0x0000000094a00000, 0x0000000094a00000|100%|HC|  |TAMS 0x0000000094a00000, 0x0000000094900000| Complete 
| 298|0x0000000094a00000, 0x0000000094b00000, 0x0000000094b00000|100%|HC|  |TAMS 0x0000000094b00000, 0x0000000094a00000| Complete 
| 299|0x0000000094b00000, 0x0000000094c00000, 0x0000000094c00000|100%|HC|  |TAMS 0x0000000094c00000, 0x0000000094b00000| Complete 
| 300|0x0000000094c00000, 0x0000000094d00000, 0x0000000094d00000|100%|HC|  |TAMS 0x0000000094d00000, 0x0000000094c00000| Complete 
| 301|0x0000000094d00000, 0x0000000094e00000, 0x0000000094e00000|100%|HC|  |TAMS 0x0000000094e00000, 0x0000000094d00000| Complete 
| 302|0x0000000094e00000, 0x0000000094f00000, 0x0000000094f00000|100%|HC|  |TAMS 0x0000000094f00000, 0x0000000094e00000| Complete 
| 303|0x0000000094f00000, 0x0000000095000000, 0x0000000095000000|100%|HC|  |TAMS 0x0000000095000000, 0x0000000094f00000| Complete 
| 304|0x0000000095000000, 0x0000000095100000, 0x0000000095100000|100%|HC|  |TAMS 0x0000000095100000, 0x0000000095000000| Complete 
| 305|0x0000000095100000, 0x0000000095200000, 0x0000000095200000|100%|HC|  |TAMS 0x0000000095200000, 0x0000000095100000| Complete 
| 306|0x0000000095200000, 0x0000000095300000, 0x0000000095300000|100%|HC|  |TAMS 0x0000000095300000, 0x0000000095200000| Complete 
| 307|0x0000000095300000, 0x0000000095400000, 0x0000000095400000|100%|HC|  |TAMS 0x0000000095400000, 0x0000000095300000| Complete 
| 308|0x0000000095400000, 0x0000000095500000, 0x0000000095500000|100%|HC|  |TAMS 0x0000000095500000, 0x0000000095400000| Complete 
| 309|0x0000000095500000, 0x0000000095600000, 0x0000000095600000|100%|HC|  |TAMS 0x0000000095600000, 0x0000000095500000| Complete 
| 310|0x0000000095600000, 0x0000000095700000, 0x0000000095700000|100%|HC|  |TAMS 0x0000000095700000, 0x0000000095600000| Complete 
| 311|0x0000000095700000, 0x0000000095800000, 0x0000000095800000|100%|HC|  |TAMS 0x0000000095800000, 0x0000000095700000| Complete 
| 312|0x0000000095800000, 0x0000000095900000, 0x0000000095900000|100%|HC|  |TAMS 0x0000000095900000, 0x0000000095800000| Complete 
| 313|0x0000000095900000, 0x0000000095a00000, 0x0000000095a00000|100%|HC|  |TAMS 0x0000000095a00000, 0x0000000095900000| Complete 
| 314|0x0000000095a00000, 0x0000000095b00000, 0x0000000095b00000|100%|HC|  |TAMS 0x0000000095b00000, 0x0000000095a00000| Complete 
| 315|0x0000000095b00000, 0x0000000095c00000, 0x0000000095c00000|100%|HC|  |TAMS 0x0000000095c00000, 0x0000000095b00000| Complete 
| 316|0x0000000095c00000, 0x0000000095d00000, 0x0000000095d00000|100%|HC|  |TAMS 0x0000000095d00000, 0x0000000095c00000| Complete 
| 317|0x0000000095d00000, 0x0000000095e00000, 0x0000000095e00000|100%|HC|  |TAMS 0x0000000095e00000, 0x0000000095d00000| Complete 
| 318|0x0000000095e00000, 0x0000000095f00000, 0x0000000095f00000|100%|HC|  |TAMS 0x0000000095f00000, 0x0000000095e00000| Complete 
| 319|0x0000000095f00000, 0x0000000096000000, 0x0000000096000000|100%|HC|  |TAMS 0x0000000096000000, 0x0000000095f00000| Complete 
| 320|0x0000000096000000, 0x0000000096100000, 0x0000000096100000|100%|HC|  |TAMS 0x0000000096100000, 0x0000000096000000| Complete 
| 321|0x0000000096100000, 0x0000000096200000, 0x0000000096200000|100%|HC|  |TAMS 0x0000000096200000, 0x0000000096100000| Complete 
| 322|0x0000000096200000, 0x0000000096300000, 0x0000000096300000|100%|HC|  |TAMS 0x0000000096300000, 0x0000000096200000| Complete 
| 323|0x0000000096300000, 0x0000000096400000, 0x0000000096400000|100%|HC|  |TAMS 0x0000000096400000, 0x0000000096300000| Complete 
| 324|0x0000000096400000, 0x0000000096500000, 0x0000000096500000|100%|HC|  |TAMS 0x0000000096500000, 0x0000000096400000| Complete 
| 325|0x0000000096500000, 0x0000000096600000, 0x0000000096600000|100%|HC|  |TAMS 0x0000000096600000, 0x0000000096500000| Complete 
| 326|0x0000000096600000, 0x0000000096700000, 0x0000000096700000|100%|HC|  |TAMS 0x0000000096700000, 0x0000000096600000| Complete 
| 327|0x0000000096700000, 0x0000000096800000, 0x0000000096800000|100%|HC|  |TAMS 0x0000000096800000, 0x0000000096700000| Complete 
| 328|0x0000000096800000, 0x0000000096900000, 0x0000000096900000|100%|HC|  |TAMS 0x0000000096900000, 0x0000000096800000| Complete 
| 329|0x0000000096900000, 0x0000000096a00000, 0x0000000096a00000|100%|HC|  |TAMS 0x0000000096a00000, 0x0000000096900000| Complete 
| 330|0x0000000096a00000, 0x0000000096b00000, 0x0000000096b00000|100%|HC|  |TAMS 0x0000000096b00000, 0x0000000096a00000| Complete 
| 331|0x0000000096b00000, 0x0000000096c00000, 0x0000000096c00000|100%|HC|  |TAMS 0x0000000096c00000, 0x0000000096b00000| Complete 
| 332|0x0000000096c00000, 0x0000000096d00000, 0x0000000096d00000|100%|HC|  |TAMS 0x0000000096d00000, 0x0000000096c00000| Complete 
| 333|0x0000000096d00000, 0x0000000096e00000, 0x0000000096e00000|100%|HC|  |TAMS 0x0000000096e00000, 0x0000000096d00000| Complete 
| 334|0x0000000096e00000, 0x0000000096f00000, 0x0000000096f00000|100%|HC|  |TAMS 0x0000000096f00000, 0x0000000096e00000| Complete 
| 335|0x0000000096f00000, 0x0000000097000000, 0x0000000097000000|100%|HC|  |TAMS 0x0000000097000000, 0x0000000096f00000| Complete 
| 336|0x0000000097000000, 0x0000000097100000, 0x0000000097100000|100%|HC|  |TAMS 0x0000000097100000, 0x0000000097000000| Complete 
| 337|0x0000000097100000, 0x0000000097200000, 0x0000000097200000|100%|HC|  |TAMS 0x0000000097200000, 0x0000000097100000| Complete 
| 338|0x0000000097200000, 0x0000000097300000, 0x0000000097300000|100%|HC|  |TAMS 0x0000000097300000, 0x0000000097200000| Complete 
| 339|0x0000000097300000, 0x0000000097400000, 0x0000000097400000|100%|HC|  |TAMS 0x0000000097400000, 0x0000000097300000| Complete 
| 340|0x0000000097400000, 0x0000000097500000, 0x0000000097500000|100%|HC|  |TAMS 0x0000000097500000, 0x0000000097400000| Complete 
| 341|0x0000000097500000, 0x0000000097600000, 0x0000000097600000|100%|HC|  |TAMS 0x0000000097600000, 0x0000000097500000| Complete 
| 342|0x0000000097600000, 0x0000000097700000, 0x0000000097700000|100%|HC|  |TAMS 0x0000000097700000, 0x0000000097600000| Complete 
| 343|0x0000000097700000, 0x0000000097800000, 0x0000000097800000|100%|HC|  |TAMS 0x0000000097800000, 0x0000000097700000| Complete 
| 344|0x0000000097800000, 0x0000000097900000, 0x0000000097900000|100%|HC|  |TAMS 0x0000000097900000, 0x0000000097800000| Complete 
| 345|0x0000000097900000, 0x0000000097a00000, 0x0000000097a00000|100%|HC|  |TAMS 0x0000000097a00000, 0x0000000097900000| Complete 
| 346|0x0000000097a00000, 0x0000000097b00000, 0x0000000097b00000|100%|HC|  |TAMS 0x0000000097b00000, 0x0000000097a00000| Complete 
| 347|0x0000000097b00000, 0x0000000097c00000, 0x0000000097c00000|100%|HC|  |TAMS 0x0000000097c00000, 0x0000000097b00000| Complete 
| 348|0x0000000097c00000, 0x0000000097d00000, 0x0000000097d00000|100%|HC|  |TAMS 0x0000000097d00000, 0x0000000097c00000| Complete 
| 349|0x0000000097d00000, 0x0000000097e00000, 0x0000000097e00000|100%|HC|  |TAMS 0x0000000097e00000, 0x0000000097d00000| Complete 
| 350|0x0000000097e00000, 0x0000000097f00000, 0x0000000097f00000|100%|HC|  |TAMS 0x0000000097f00000, 0x0000000097e00000| Complete 
| 351|0x0000000097f00000, 0x0000000098000000, 0x0000000098000000|100%|HC|  |TAMS 0x0000000098000000, 0x0000000097f00000| Complete 
| 352|0x0000000098000000, 0x0000000098100000, 0x0000000098100000|100%|HC|  |TAMS 0x0000000098100000, 0x0000000098000000| Complete 
| 353|0x0000000098100000, 0x0000000098200000, 0x0000000098200000|100%|HC|  |TAMS 0x0000000098200000, 0x0000000098100000| Complete 
| 354|0x0000000098200000, 0x0000000098300000, 0x0000000098300000|100%|HC|  |TAMS 0x0000000098300000, 0x0000000098200000| Complete 
| 355|0x0000000098300000, 0x0000000098400000, 0x0000000098400000|100%|HC|  |TAMS 0x0000000098400000, 0x0000000098300000| Complete 
| 356|0x0000000098400000, 0x0000000098500000, 0x0000000098500000|100%|HC|  |TAMS 0x0000000098500000, 0x0000000098400000| Complete 
| 357|0x0000000098500000, 0x0000000098600000, 0x0000000098600000|100%|HC|  |TAMS 0x0000000098600000, 0x0000000098500000| Complete 
| 358|0x0000000098600000, 0x0000000098700000, 0x0000000098700000|100%|HC|  |TAMS 0x0000000098700000, 0x0000000098600000| Complete 
| 359|0x0000000098700000, 0x0000000098800000, 0x0000000098800000|100%|HC|  |TAMS 0x0000000098800000, 0x0000000098700000| Complete 
| 360|0x0000000098800000, 0x0000000098800000, 0x0000000098900000|  0%| F|  |TAMS 0x0000000098800000, 0x0000000098800000| Untracked 
| 361|0x0000000098900000, 0x0000000098900000, 0x0000000098a00000|  0%| F|  |TAMS 0x0000000098900000, 0x0000000098900000| Untracked 
| 362|0x0000000098a00000, 0x0000000098a00000, 0x0000000098b00000|  0%| F|  |TAMS 0x0000000098a00000, 0x0000000098a00000| Untracked 
| 363|0x0000000098b00000, 0x0000000098b00000, 0x0000000098c00000|  0%| F|  |TAMS 0x0000000098b00000, 0x0000000098b00000| Untracked 
| 364|0x0000000098c00000, 0x0000000098c00000, 0x0000000098d00000|  0%| F|  |TAMS 0x0000000098c00000, 0x0000000098c00000| Untracked 
| 365|0x0000000098d00000, 0x0000000098d00000, 0x0000000098e00000|  0%| F|  |TAMS 0x0000000098d00000, 0x0000000098d00000| Untracked 
| 366|0x0000000098e00000, 0x0000000098e00000, 0x0000000098f00000|  0%| F|  |TAMS 0x0000000098e00000, 0x0000000098e00000| Untracked 
| 367|0x0000000098f00000, 0x0000000098f00000, 0x0000000099000000|  0%| F|  |TAMS 0x0000000098f00000, 0x0000000098f00000| Untracked 
| 368|0x0000000099000000, 0x0000000099000000, 0x0000000099100000|  0%| F|  |TAMS 0x0000000099000000, 0x0000000099000000| Untracked 
| 369|0x0000000099100000, 0x0000000099100000, 0x0000000099200000|  0%| F|  |TAMS 0x0000000099100000, 0x0000000099100000| Untracked 
| 370|0x0000000099200000, 0x0000000099200000, 0x0000000099300000|  0%| F|  |TAMS 0x0000000099200000, 0x0000000099200000| Untracked 
| 371|0x0000000099300000, 0x0000000099300000, 0x0000000099400000|  0%| F|  |TAMS 0x0000000099300000, 0x0000000099300000| Untracked 
| 372|0x0000000099400000, 0x0000000099400000, 0x0000000099500000|  0%| F|  |TAMS 0x0000000099400000, 0x0000000099400000| Untracked 
| 373|0x0000000099500000, 0x0000000099500000, 0x0000000099600000|  0%| F|  |TAMS 0x0000000099500000, 0x0000000099500000| Untracked 
| 374|0x0000000099600000, 0x0000000099600000, 0x0000000099700000|  0%| F|  |TAMS 0x0000000099600000, 0x0000000099600000| Untracked 
| 375|0x0000000099700000, 0x0000000099700000, 0x0000000099800000|  0%| F|  |TAMS 0x0000000099700000, 0x0000000099700000| Untracked 
| 376|0x0000000099800000, 0x0000000099800000, 0x0000000099900000|  0%| F|  |TAMS 0x0000000099800000, 0x0000000099800000| Untracked 
| 377|0x0000000099900000, 0x0000000099900000, 0x0000000099a00000|  0%| F|  |TAMS 0x0000000099900000, 0x0000000099900000| Untracked 
| 378|0x0000000099a00000, 0x0000000099a00000, 0x0000000099b00000|  0%| F|  |TAMS 0x0000000099a00000, 0x0000000099a00000| Untracked 
| 379|0x0000000099b00000, 0x0000000099b00000, 0x0000000099c00000|  0%| F|  |TAMS 0x0000000099b00000, 0x0000000099b00000| Untracked 
| 380|0x0000000099c00000, 0x0000000099c00000, 0x0000000099d00000|  0%| F|  |TAMS 0x0000000099c00000, 0x0000000099c00000| Untracked 
| 381|0x0000000099d00000, 0x0000000099d00000, 0x0000000099e00000|  0%| F|  |TAMS 0x0000000099d00000, 0x0000000099d00000| Untracked 
| 382|0x0000000099e00000, 0x0000000099e00000, 0x0000000099f00000|  0%| F|  |TAMS 0x0000000099e00000, 0x0000000099e00000| Untracked 
| 383|0x0000000099f00000, 0x0000000099f00000, 0x000000009a000000|  0%| F|  |TAMS 0x0000000099f00000, 0x0000000099f00000| Untracked 
| 384|0x000000009a000000, 0x000000009a000000, 0x000000009a100000|  0%| F|  |TAMS 0x000000009a000000, 0x000000009a000000| Untracked 
| 385|0x000000009a100000, 0x000000009a100000, 0x000000009a200000|  0%| F|  |TAMS 0x000000009a100000, 0x000000009a100000| Untracked 
| 386|0x000000009a200000, 0x000000009a200000, 0x000000009a300000|  0%| F|  |TAMS 0x000000009a200000, 0x000000009a200000| Untracked 
| 387|0x000000009a300000, 0x000000009a300000, 0x000000009a400000|  0%| F|  |TAMS 0x000000009a300000, 0x000000009a300000| Untracked 
| 388|0x000000009a400000, 0x000000009a400000, 0x000000009a500000|  0%| F|  |TAMS 0x000000009a400000, 0x000000009a400000| Untracked 
| 389|0x000000009a500000, 0x000000009a500000, 0x000000009a600000|  0%| F|  |TAMS 0x000000009a500000, 0x000000009a500000| Untracked 
| 390|0x000000009a600000, 0x000000009a600000, 0x000000009a700000|  0%| F|  |TAMS 0x000000009a600000, 0x000000009a600000| Untracked 
| 391|0x000000009a700000, 0x000000009a700000, 0x000000009a800000|  0%| F|  |TAMS 0x000000009a700000, 0x000000009a700000| Untracked 
| 392|0x000000009a800000, 0x000000009a800000, 0x000000009a900000|  0%| F|  |TAMS 0x000000009a800000, 0x000000009a800000| Untracked 
| 393|0x000000009a900000, 0x000000009a900000, 0x000000009aa00000|  0%| F|  |TAMS 0x000000009a900000, 0x000000009a900000| Untracked 
| 394|0x000000009aa00000, 0x000000009aa00000, 0x000000009ab00000|  0%| F|  |TAMS 0x000000009aa00000, 0x000000009aa00000| Untracked 
| 395|0x000000009ab00000, 0x000000009ab00000, 0x000000009ac00000|  0%| F|  |TAMS 0x000000009ab00000, 0x000000009ab00000| Untracked 
| 396|0x000000009ac00000, 0x000000009ac00000, 0x000000009ad00000|  0%| F|  |TAMS 0x000000009ac00000, 0x000000009ac00000| Untracked 
| 397|0x000000009ad00000, 0x000000009ad00000, 0x000000009ae00000|  0%| F|  |TAMS 0x000000009ad00000, 0x000000009ad00000| Untracked 
| 398|0x000000009ae00000, 0x000000009ae00000, 0x000000009af00000|  0%| F|  |TAMS 0x000000009ae00000, 0x000000009ae00000| Untracked 
| 399|0x000000009af00000, 0x000000009af00000, 0x000000009b000000|  0%| F|  |TAMS 0x000000009af00000, 0x000000009af00000| Untracked 
| 400|0x000000009b000000, 0x000000009b000000, 0x000000009b100000|  0%| F|  |TAMS 0x000000009b000000, 0x000000009b000000| Untracked 
| 401|0x000000009b100000, 0x000000009b100000, 0x000000009b200000|  0%| F|  |TAMS 0x000000009b100000, 0x000000009b100000| Untracked 
| 402|0x000000009b200000, 0x000000009b200000, 0x000000009b300000|  0%| F|  |TAMS 0x000000009b200000, 0x000000009b200000| Untracked 
| 403|0x000000009b300000, 0x000000009b300000, 0x000000009b400000|  0%| F|  |TAMS 0x000000009b300000, 0x000000009b300000| Untracked 
| 404|0x000000009b400000, 0x000000009b400000, 0x000000009b500000|  0%| F|  |TAMS 0x000000009b400000, 0x000000009b400000| Untracked 
| 405|0x000000009b500000, 0x000000009b500000, 0x000000009b600000|  0%| F|  |TAMS 0x000000009b500000, 0x000000009b500000| Untracked 
| 406|0x000000009b600000, 0x000000009b600000, 0x000000009b700000|  0%| F|  |TAMS 0x000000009b600000, 0x000000009b600000| Untracked 
| 407|0x000000009b700000, 0x000000009b700000, 0x000000009b800000|  0%| F|  |TAMS 0x000000009b700000, 0x000000009b700000| Untracked 
| 408|0x000000009b800000, 0x000000009b800000, 0x000000009b900000|  0%| F|  |TAMS 0x000000009b800000, 0x000000009b800000| Untracked 
| 409|0x000000009b900000, 0x000000009b900000, 0x000000009ba00000|  0%| F|  |TAMS 0x000000009b900000, 0x000000009b900000| Untracked 
| 410|0x000000009ba00000, 0x000000009ba00000, 0x000000009bb00000|  0%| F|  |TAMS 0x000000009ba00000, 0x000000009ba00000| Untracked 
| 411|0x000000009bb00000, 0x000000009bb85020, 0x000000009bc00000| 51%| S|CS|TAMS 0x000000009bb00000, 0x000000009bb00000| Complete 
| 412|0x000000009bc00000, 0x000000009bd00000, 0x000000009bd00000|100%| S|CS|TAMS 0x000000009bc00000, 0x000000009bc00000| Complete 
| 413|0x000000009bd00000, 0x000000009be00000, 0x000000009be00000|100%| S|CS|TAMS 0x000000009bd00000, 0x000000009bd00000| Complete 

Card table byte_map: [0x00000298f14b0000,0x00000298f18a0000] _byte_map_base: 0x00000298f10a0000

Marking Bits (Prev, Next): (CMBitMap*) 0x00000298da88b1a0, (CMBitMap*) 0x00000298da88b1e0
 Prev Bits: [0x00000298f1c90000, 0x00000298f3c10000)
 Next Bits: [0x00000298f3c10000, 0x00000298f5b90000)

Polling page: 0x00000298d87a0000

Metaspace:

Usage:
  Non-class:     10.71 MB used.
      Class:      2.04 MB used.
       Both:     12.74 MB used.

Virtual space:
  Non-class space:       64.00 MB reserved,      10.81 MB ( 17%) committed,  1 nodes.
      Class space:        1.00 GB reserved,       2.19 MB ( <1%) committed,  1 nodes.
             Both:        1.06 GB reserved,      13.00 MB (  1%) committed. 

Chunk freelists:
   Non-Class:  3.61 MB
       Class:  13.86 MB
        Both:  17.47 MB

MaxMetaspaceSize: unlimited
CompressedClassSpaceSize: 1.00 GB
Initial GC threshold: 21.00 MB
Current GC threshold: 21.69 MB
CDS: on
MetaspaceReclaimPolicy: balanced
 - commit_granule_bytes: 65536.
 - commit_granule_words: 8192.
 - virtual_space_node_default_size: 8388608.
 - enlarge_chunks_in_place: 1.
 - new_chunks_are_fully_committed: 0.
 - uncommit_free_chunks: 1.
 - use_allocation_guard: 0.
 - handle_deallocations: 1.


Internal statistics:

num_allocs_failed_limit: 0.
num_arena_births: 148.
num_arena_deaths: 0.
num_vsnodes_births: 2.
num_vsnodes_deaths: 0.
num_space_committed: 208.
num_space_uncommitted: 0.
num_chunks_returned_to_freelist: 0.
num_chunks_taken_from_freelist: 597.
num_chunk_merges: 0.
num_chunk_splits: 426.
num_chunks_enlarged: 352.
num_purges: 0.
num_inconsistent_stats: 0.

CodeHeap 'non-profiled nmethods': size=120000Kb used=802Kb max_used=802Kb free=119197Kb
 bounds [0x00000298e9b90000, 0x00000298e9e00000, 0x00000298f10c0000]
CodeHeap 'profiled nmethods': size=120000Kb used=3548Kb max_used=3548Kb free=116451Kb
 bounds [0x00000298e20c0000, 0x00000298e2440000, 0x00000298e95f0000]
CodeHeap 'non-nmethods': size=5760Kb used=1402Kb max_used=1427Kb free=4357Kb
 bounds [0x00000298e95f0000, 0x00000298e9860000, 0x00000298e9b90000]
 total_blobs=2840 nmethods=2076 adapters=676
 compilation: enabled
              stopped_count=0, restarted_count=0
 full_count=0

Compilation events (20 events):
Event: 6.940 Thread 0x00000298f8055260 2067       3       java.util.regex.Pattern::lambda$DOT$4 (34 bytes)
Event: 6.940 Thread 0x00000298f8055260 nmethod 2067 0x00000298e2433f90 code [0x00000298e2434120, 0x00000298e2434318]
Event: 7.388 Thread 0x00000298f8055260 2068  s    3       java.io.BufferedInputStream::read (113 bytes)
Event: 7.399 Thread 0x00000298f8055260 nmethod 2068 0x00000298e2434390 code [0x00000298e24345c0, 0x00000298e2434e98]
Event: 7.399 Thread 0x00000298f8055260 2069       3       java.io.BufferedInputStream::read1 (108 bytes)
Event: 7.400 Thread 0x00000298f8055260 nmethod 2069 0x00000298e2435110 code [0x00000298e2435360, 0x00000298e2435c78]
Event: 7.416 Thread 0x00000298f8040ae0 2070       4       java.util.zip.InflaterInputStream::available (32 bytes)
Event: 7.424 Thread 0x00000298f8040ae0 nmethod 2070 0x00000298e9c54b90 code [0x00000298e9c54d20, 0x00000298e9c54f78]
Event: 7.473 Thread 0x00000298f8040ae0 2071 %     4       com.sun.javafx.iio.png.PNGImageLoader2::doUpFilter @ 6 (33 bytes)
Event: 7.477 Thread 0x00000298f8040ae0 nmethod 2071% 0x00000298e9c55110 code [0x00000298e9c552a0, 0x00000298e9c55438]
Event: 7.645 Thread 0x00000298f8040ae0 2072       4       java.io.BufferedInputStream::read1 (108 bytes)
Event: 7.658 Thread 0x00000298f8040ae0 nmethod 2072 0x00000298e9c55590 code [0x00000298e9c55740, 0x00000298e9c55fd8]
Event: 7.752 Thread 0x00000298f8040ae0 2073  s    4       java.io.BufferedInputStream::read (113 bytes)
Event: 7.791 Thread 0x00000298f8040ae0 nmethod 2073 0x00000298e9c56410 code [0x00000298e9c56620, 0x00000298e9c57e90]
Event: 8.136 Thread 0x00000298f8055260 2074       3       javafx.scene.Node::isTreeVisible (8 bytes)
Event: 8.136 Thread 0x00000298f8055260 nmethod 2074 0x00000298e2435f10 code [0x00000298e24360e0, 0x00000298e2436618]
Event: 8.137 Thread 0x00000298f8055260 2075       3       javafx.scene.Node::treeVisibleProperty (24 bytes)
Event: 8.137 Thread 0x00000298f8055260 nmethod 2075 0x00000298e2436810 code [0x00000298e24369e0, 0x00000298e2436e38]
Event: 8.137 Thread 0x00000298f8055260 2076       3       javafx.scene.Node::getAutomaticOrientation (5 bytes)
Event: 8.137 Thread 0x00000298f8055260 nmethod 2076 0x00000298e2436f90 code [0x00000298e2437120, 0x00000298e2437218]

GC Heap History (16 events):
Event: 0.794 GC heap before
{Heap before GC invocations=0 (full 0):
 garbage-first heap   total 129024K, used 13312K [0x0000000082000000, 0x0000000100000000)
  region size 1024K, 13 young (13312K), 0 survivors (0K)
 Metaspace       used 2531K, committed 2688K, reserved 1114112K
  class space    used 265K, committed 384K, reserved 1048576K
}
Event: 0.798 GC heap after
{Heap after GC invocations=1 (full 0):
 garbage-first heap   total 129024K, used 1869K [0x0000000082000000, 0x0000000100000000)
  region size 1024K, 2 young (2048K), 2 survivors (2048K)
 Metaspace       used 2531K, committed 2688K, reserved 1114112K
  class space    used 265K, committed 384K, reserved 1048576K
}
Event: 1.192 GC heap before
{Heap before GC invocations=1 (full 0):
 garbage-first heap   total 129024K, used 19277K [0x0000000082000000, 0x0000000100000000)
  region size 1024K, 19 young (19456K), 2 survivors (2048K)
 Metaspace       used 6005K, committed 6144K, reserved 1114112K
  class space    used 766K, committed 832K, reserved 1048576K
}
Event: 1.198 GC heap after
{Heap after GC invocations=2 (full 0):
 garbage-first heap   total 129024K, used 7651K [0x0000000082000000, 0x0000000100000000)
  region size 1024K, 3 young (3072K), 3 survivors (3072K)
 Metaspace       used 6005K, committed 6144K, reserved 1114112K
  class space    used 766K, committed 832K, reserved 1048576K
}
Event: 1.409 GC heap before
{Heap before GC invocations=2 (full 0):
 garbage-first heap   total 129024K, used 10723K [0x0000000082000000, 0x0000000100000000)
  region size 1024K, 7 young (7168K), 3 survivors (3072K)
 Metaspace       used 6956K, committed 7168K, reserved 1114112K
  class space    used 950K, committed 1024K, reserved 1048576K
}
Event: 1.412 GC heap after
{Heap after GC invocations=3 (full 0):
 garbage-first heap   total 129024K, used 8015K [0x0000000082000000, 0x0000000100000000)
  region size 1024K, 4 young (4096K), 4 survivors (4096K)
 Metaspace       used 6956K, committed 7168K, reserved 1114112K
  class space    used 950K, committed 1024K, reserved 1048576K
}
Event: 2.544 GC heap before
{Heap before GC invocations=3 (full 0):
 garbage-first heap   total 129024K, used 88911K [0x0000000082000000, 0x0000000100000000)
  region size 1024K, 6 young (6144K), 4 survivors (4096K)
 Metaspace       used 7284K, committed 7424K, reserved 1114112K
  class space    used 1028K, committed 1088K, reserved 1048576K
}
Event: 2.547 GC heap after
{Heap after GC invocations=4 (full 0):
 garbage-first heap   total 129024K, used 88276K [0x0000000082000000, 0x0000000100000000)
  region size 1024K, 4 young (4096K), 4 survivors (4096K)
 Metaspace       used 7284K, committed 7424K, reserved 1114112K
  class space    used 1028K, committed 1088K, reserved 1048576K
}
Event: 4.102 GC heap before
{Heap before GC invocations=5 (full 0):
 garbage-first heap   total 281600K, used 177364K [0x0000000082000000, 0x0000000100000000)
  region size 1024K, 13 young (13312K), 4 survivors (4096K)
 Metaspace       used 9606K, committed 9792K, reserved 1114112K
  class space    used 1443K, committed 1536K, reserved 1048576K
}
Event: 4.105 GC heap after
{Heap after GC invocations=6 (full 0):
 garbage-first heap   total 281600K, used 168524K [0x0000000082000000, 0x0000000100000000)
  region size 1024K, 1 young (1024K), 1 survivors (1024K)
 Metaspace       used 9606K, committed 9792K, reserved 1114112K
  class space    used 1443K, committed 1536K, reserved 1048576K
}
Event: 5.312 GC heap before
{Heap before GC invocations=6 (full 0):
 garbage-first heap   total 281600K, used 178764K [0x0000000082000000, 0x0000000100000000)
  region size 1024K, 12 young (12288K), 1 survivors (1024K)
 Metaspace       used 12582K, committed 12736K, reserved 1114112K
  class space    used 2039K, committed 2112K, reserved 1048576K
}
Event: 5.315 GC heap after
{Heap after GC invocations=7 (full 0):
 garbage-first heap   total 281600K, used 169907K [0x0000000082000000, 0x0000000100000000)
  region size 1024K, 3 young (3072K), 3 survivors (3072K)
 Metaspace       used 12582K, committed 12736K, reserved 1114112K
  class space    used 2039K, committed 2112K, reserved 1048576K
}
Event: 6.942 GC heap before
{Heap before GC invocations=8 (full 0):
 garbage-first heap   total 290816K, used 174003K [0x0000000082000000, 0x0000000100000000)
  region size 1024K, 6 young (6144K), 3 survivors (3072K)
 Metaspace       used 13046K, committed 13312K, reserved 1114112K
  class space    used 2084K, committed 2240K, reserved 1048576K
}
Event: 6.948 GC heap after
{Heap after GC invocations=9 (full 0):
 garbage-first heap   total 290816K, used 172125K [0x0000000082000000, 0x0000000100000000)
  region size 1024K, 3 young (3072K), 3 survivors (3072K)
 Metaspace       used 13046K, committed 13312K, reserved 1114112K
  class space    used 2084K, committed 2240K, reserved 1048576K
}
Event: 8.138 GC heap before
{Heap before GC invocations=10 (full 0):
 garbage-first heap   total 423936K, used 251997K [0x0000000082000000, 0x0000000100000000)
  region size 1024K, 4 young (4096K), 3 survivors (3072K)
 Metaspace       used 13047K, committed 13312K, reserved 1114112K
  class space    used 2084K, committed 2240K, reserved 1048576K
}
Event: 8.143 GC heap after
{Heap after GC invocations=11 (full 0):
 garbage-first heap   total 423936K, used 252000K [0x0000000082000000, 0x0000000100000000)
  region size 1024K, 3 young (3072K), 3 survivors (3072K)
 Metaspace       used 13047K, committed 13312K, reserved 1114112K
  class space    used 2084K, committed 2240K, reserved 1048576K
}

Deoptimization events (20 events):
Event: 5.937 Thread 0x00000298f8523380 DEOPT PACKING pc=0x00000298e23ca901 sp=0x0000009a138fdcf0
Event: 5.937 Thread 0x00000298f8523380 DEOPT UNPACKING pc=0x00000298e9642b43 sp=0x0000009a138fd158 mode 0
Event: 5.938 Thread 0x00000298f8523380 DEOPT PACKING pc=0x00000298e23ca901 sp=0x0000009a138fdcf0
Event: 5.938 Thread 0x00000298f8523380 DEOPT UNPACKING pc=0x00000298e9642b43 sp=0x0000009a138fd158 mode 0
Event: 5.940 Thread 0x00000298f8523380 DEOPT PACKING pc=0x00000298e23ca901 sp=0x0000009a138fdcf0
Event: 5.940 Thread 0x00000298f8523380 DEOPT UNPACKING pc=0x00000298e9642b43 sp=0x0000009a138fd158 mode 0
Event: 5.940 Thread 0x00000298f8523380 DEOPT PACKING pc=0x00000298e23ca901 sp=0x0000009a138fdcf0
Event: 5.940 Thread 0x00000298f8523380 DEOPT UNPACKING pc=0x00000298e9642b43 sp=0x0000009a138fd158 mode 0
Event: 5.993 Thread 0x00000298fd00cb80 Uncommon trap: trap_request=0xffffff45 fr.pc=0x00000298e9c24ae4 relative=0x00000000000002c4
Event: 5.993 Thread 0x00000298fd00cb80 Uncommon trap: reason=unstable_if action=reinterpret pc=0x00000298e9c24ae4 method=java.util.WeakHashMap.expungeStaleEntries()V @ 9 c2
Event: 5.993 Thread 0x00000298fd00cb80 DEOPT PACKING pc=0x00000298e9c24ae4 sp=0x0000009a13afd280
Event: 5.993 Thread 0x00000298fd00cb80 DEOPT UNPACKING pc=0x00000298e96423a3 sp=0x0000009a13afd218 mode 2
Event: 6.941 Thread 0x00000298fd00cb80 Uncommon trap: trap_request=0xffffffde fr.pc=0x00000298e9c092d8 relative=0x00000000000000b8
Event: 6.941 Thread 0x00000298fd00cb80 Uncommon trap: reason=class_check action=maybe_recompile pc=0x00000298e9c092d8 method=java.io.SequenceInputStream.read([BII)I @ 58 c2
Event: 6.941 Thread 0x00000298fd00cb80 DEOPT PACKING pc=0x00000298e9c092d8 sp=0x0000009a13afcf50
Event: 6.941 Thread 0x00000298fd00cb80 DEOPT UNPACKING pc=0x00000298e96423a3 sp=0x0000009a13afced0 mode 2
Event: 8.138 Thread 0x00000298fd00cb80 Uncommon trap: trap_request=0xffffffde fr.pc=0x00000298e9c092d8 relative=0x00000000000000b8
Event: 8.138 Thread 0x00000298fd00cb80 Uncommon trap: reason=class_check action=maybe_recompile pc=0x00000298e9c092d8 method=java.io.SequenceInputStream.read([BII)I @ 58 c2
Event: 8.138 Thread 0x00000298fd00cb80 DEOPT PACKING pc=0x00000298e9c092d8 sp=0x0000009a13afcf50
Event: 8.138 Thread 0x00000298fd00cb80 DEOPT UNPACKING pc=0x00000298e96423a3 sp=0x0000009a13afced0 mode 2

Classes unloaded (0 events):
No events

Classes redefined (0 events):
No events

Internal exceptions (20 events):
Event: 0.905 Thread 0x00000298fd00cb80 Exception <a 'java/lang/NullPointerException'{0x00000000897cb120}> (0x00000000897cb120) 
thrown [s\open\src\hotspot\share\interpreter\linkResolver.cpp, line 1350]
Event: 0.917 Thread 0x00000298fd00cb80 Exception <a 'java/lang/ClassNotFoundException'{0x0000000089628b40}: com/sun/glass/ui/win/themes> (0x0000000089628b40) 
thrown [s\open\src\hotspot\share\prims\jni.cpp, line 535]
Event: 0.919 Thread 0x00000298fd00cb80 Exception <a 'java/lang/ClassNotFoundException'{0x0000000089634fc0}: com/sun/glass/ui/win/themes_en> (0x0000000089634fc0) 
thrown [s\open\src\hotspot\share\prims\jni.cpp, line 535]
Event: 0.919 Thread 0x00000298fd00cb80 Exception <a 'java/lang/ClassNotFoundException'{0x000000008963cd50}: com/sun/glass/ui/win/themes_en_IN> (0x000000008963cd50) 
thrown [s\open\src\hotspot\share\prims\jni.cpp, line 535]
Event: 1.202 Thread 0x00000298fd00cb80 Exception <a 'java/lang/NoSuchMethodError'{0x0000000089d14818}: 'void java.lang.invoke.DirectMethodHandle$Holder.invokeStaticInit(java.lang.Object, java.lang.Object)'> (0x0000000089d14818) 
thrown [s\open\src\hotspot\share\interpreter\linkResolver.cpp, line 759]
Event: 1.216 Thread 0x00000298fd00cb80 Exception <a 'java/lang/NoSuchMethodError'{0x0000000089d74610}: 'void java.lang.invoke.DirectMethodHandle$Holder.invokeSpecial(java.lang.Object, java.lang.Object, java.lang.Object, java.lang.Object, java.lang.Object)'> (0x0000000089d74610) 
thrown [s\open\src\hotspot\share\interpreter\linkResolver.cpp, line 759]
Event: 3.891 Thread 0x00000298fd00cb80 Implicit null exception at 0x00000298e9bd4860 to 0x00000298e9bd48fa
Event: 3.898 Thread 0x00000298fd00cb80 Implicit null exception at 0x00000298e9be058c to 0x00000298e9be09e4
Event: 3.905 Thread 0x00000298fd00cb80 Implicit null exception at 0x00000298e9bd9a8e to 0x00000298e9bd9ecc
Event: 4.075 Thread 0x00000298fd00cb80 Exception <a 'java/lang/NoSuchMethodError'{0x0000000092a064d8}: 'java.lang.Object java.lang.invoke.DirectMethodHandle$Holder.invokeInterface(java.lang.Object, java.lang.Object, java.lang.Object)'> (0x0000000092a064d8) 
thrown [s\open\src\hotspot\share\interpreter\linkResolver.cpp, line 759]
Event: 4.076 Thread 0x00000298fd00cb80 Exception <a 'java/lang/IncompatibleClassChangeError'{0x0000000092a09e60}: Found class java.lang.Object, but interface was expected> (0x0000000092a09e60) 
thrown [s\open\src\hotspot\share\interpreter\linkResolver.cpp, line 826]
Event: 4.130 Thread 0x00000298fd00cb80 Exception <a 'java/lang/ClassNotFoundException'{0x0000000093153cb0}: com/sun/javafx/scene/control/skin/resources/controls> (0x0000000093153cb0) 
thrown [s\open\src\hotspot\share\prims\jni.cpp, line 535]
Event: 4.131 Thread 0x00000298fd00cb80 Exception <a 'java/lang/ClassNotFoundException'{0x00000000931620e0}: com/sun/javafx/scene/control/skin/resources/controls_en> (0x00000000931620e0) 
thrown [s\open\src\hotspot\share\prims\jni.cpp, line 535]
Event: 4.132 Thread 0x00000298fd00cb80 Exception <a 'java/lang/ClassNotFoundException'{0x00000000931647b8}: com/sun/javafx/scene/control/skin/resources/controls_en_IN> (0x00000000931647b8) 
thrown [s\open\src\hotspot\share\prims\jni.cpp, line 535]
Event: 4.318 Thread 0x00000298fd00cb80 Exception <a 'java/lang/NoSuchMethodError'{0x0000000092b8a230}: 'java.lang.Object java.lang.invoke.DirectMethodHandle$Holder.newInvokeSpecial(java.lang.Object, java.lang.Object, int)'> (0x0000000092b8a230) 
thrown [s\open\src\hotspot\share\interpreter\linkResolver.cpp, line 759]
Event: 4.409 Thread 0x00000298f8523380 Exception <a 'java/lang/NoSuchMethodError'{0x0000000092a1a360}: 'int java.lang.invoke.DirectMethodHandle$Holder.invokeStaticInit(java.lang.Object, java.lang.Object)'> (0x0000000092a1a360) 
thrown [s\open\src\hotspot\share\interpreter\linkResolver.cpp, line 759]
Event: 5.868 Thread 0x00000298fd00cb80 Exception <a 'java/lang/NoSuchMethodError'{0x0000000093bb7000}: 'long java.lang.invoke.DirectMethodHandle$Holder.invokeStatic(java.lang.Object, java.lang.Object, java.lang.Object)'> (0x0000000093bb7000) 
thrown [s\open\src\hotspot\share\interpreter\linkResolver.cpp, line 759]
Event: 5.874 Thread 0x00000298fd00cb80 Exception <a 'java/lang/NoSuchMethodError'{0x0000000093bba7a8}: 'long java.lang.invoke.DirectMethodHandle$Holder.invokeStaticInit(java.lang.Object, java.lang.Object, java.lang.Object)'> (0x0000000093bba7a8) 
thrown [s\open\src\hotspot\share\interpreter\linkResolver.cpp, line 759]
Event: 5.883 Thread 0x00000298fd00cb80 Exception <a 'java/lang/NoSuchMethodError'{0x0000000093bd23a8}: 'java.lang.Object java.lang.invoke.DirectMethodHandle$Holder.newInvokeSpecial(java.lang.Object, java.lang.Object, long)'> (0x0000000093bd23a8) 
thrown [s\open\src\hotspot\share\interpreter\linkResolver.cpp, line 759]
Event: 5.884 Thread 0x00000298fd00cb80 Exception <a 'java/lang/NoSuchMethodError'{0x0000000093bd5f18}: 'java.lang.Object java.lang.invoke.Invokers$Holder.linkToTargetMethod(java.lang.Object, long, java.lang.Object)'> (0x0000000093bd5f18) 
thrown [s\open\src\hotspot\share\interpreter\linkResolver.cpp, line 759]

VM Operations (20 events):
Event: 2.928 Executing VM operation: G1Concurrent done
Event: 2.932 Executing VM operation: G1Concurrent
Event: 2.932 Executing VM operation: G1Concurrent done
Event: 4.102 Executing VM operation: G1CollectForAllocation
Event: 4.105 Executing VM operation: G1CollectForAllocation done
Event: 5.311 Executing VM operation: G1TryInitiateConcMark
Event: 5.315 Executing VM operation: G1TryInitiateConcMark done
Event: 5.329 Executing VM operation: G1Concurrent
Event: 5.439 Executing VM operation: G1Concurrent done
Event: 5.445 Executing VM operation: G1Concurrent
Event: 5.445 Executing VM operation: G1Concurrent done
Event: 6.941 Executing VM operation: G1TryInitiateConcMark
Event: 6.948 Executing VM operation: G1TryInitiateConcMark done
Event: 6.960 Executing VM operation: G1Concurrent
Event: 7.381 Executing VM operation: G1Concurrent done
Event: 7.421 Executing VM operation: G1Concurrent
Event: 7.422 Executing VM operation: G1Concurrent done
Event: 8.138 Executing VM operation: G1TryInitiateConcMark
Event: 8.143 Executing VM operation: G1TryInitiateConcMark done
Event: 8.152 Executing VM operation: G1Concurrent

Events (20 events):
Event: 5.282 loading class jdk/internal/math/FDBigInteger
Event: 5.283 loading class jdk/internal/math/FDBigInteger done
Event: 5.288 loading class sun/misc/Unsafe
Event: 5.288 loading class sun/misc/Unsafe done
Event: 5.288 loading class jdk/internal/reflect/UnsafeFieldAccessorFactory
Event: 5.289 loading class jdk/internal/reflect/UnsafeFieldAccessorFactory done
Event: 5.289 loading class jdk/internal/reflect/UnsafeQualifiedStaticObjectFieldAccessorImpl
Event: 5.289 loading class jdk/internal/reflect/UnsafeQualifiedStaticFieldAccessorImpl
Event: 5.290 loading class jdk/internal/reflect/UnsafeQualifiedStaticFieldAccessorImpl done
Event: 5.290 loading class jdk/internal/reflect/UnsafeQualifiedStaticObjectFieldAccessorImpl done
Event: 5.681 loading class java/util/EnumMap$Values
Event: 5.682 loading class java/util/EnumMap$Values done
Event: 5.682 loading class java/util/EnumMap$ValueIterator
Event: 5.682 loading class java/util/EnumMap$EnumMapIterator
Event: 5.682 loading class java/util/EnumMap$EnumMapIterator done
Event: 5.682 loading class java/util/EnumMap$ValueIterator done
Event: 5.887 loading class java/util/concurrent/locks/ReentrantReadWriteLock$Sync$HoldCounter
Event: 5.887 loading class java/util/concurrent/locks/ReentrantReadWriteLock$Sync$HoldCounter done
Event: 6.832 loading class java/io/UnsupportedEncodingException
Event: 6.833 loading class java/io/UnsupportedEncodingException done


Dynamic libraries:
0x00007ff79a260000 - 0x00007ff79a270000 	C:\Program Files\Java\jdk-17\bin\java.exe
0x00007fffb3c50000 - 0x00007fffb3e48000 	C:\Windows\SYSTEM32\ntdll.dll
0x00007fffb2800000 - 0x00007fffb28c2000 	C:\Windows\System32\KERNEL32.DLL
0x00007fffb1600000 - 0x00007fffb18f6000 	C:\Windows\System32\KERNELBASE.dll
0x00007fffb12e0000 - 0x00007fffb13e0000 	C:\Windows\System32\ucrtbase.dll
0x00007fffaac20000 - 0x00007fffaac3b000 	C:\Program Files\Java\jdk-17\bin\VCRUNTIME140.dll
0x00007fffaaa80000 - 0x00007fffaaa99000 	C:\Program Files\Java\jdk-17\bin\jli.dll
0x00007fffb2260000 - 0x00007fffb2311000 	C:\Windows\System32\ADVAPI32.dll
0x00007fffb39b0000 - 0x00007fffb3a4e000 	C:\Windows\System32\msvcrt.dll
0x00007fffb21b0000 - 0x00007fffb224f000 	C:\Windows\System32\sechost.dll
0x00007fffb28d0000 - 0x00007fffb29f3000 	C:\Windows\System32\RPCRT4.dll
0x00007fffb1470000 - 0x00007fffb1497000 	C:\Windows\System32\bcrypt.dll
0x00007fffb2a00000 - 0x00007fffb2b9d000 	C:\Windows\System32\USER32.dll
0x00007fffb15d0000 - 0x00007fffb15f2000 	C:\Windows\System32\win32u.dll
0x00007fffb2180000 - 0x00007fffb21ab000 	C:\Windows\System32\GDI32.dll
0x00007fffb1b00000 - 0x00007fffb1c19000 	C:\Windows\System32\gdi32full.dll
0x00007fffb1a60000 - 0x00007fffb1afd000 	C:\Windows\System32\msvcp_win.dll
0x00007fff9f9f0000 - 0x00007fff9fc8a000 	C:\Windows\WinSxS\amd64_microsoft.windows.common-controls_6595b64144ccf1df_6.0.19041.5915_none_60b4b9d171f9c7c7\COMCTL32.dll
0x00007fffa2740000 - 0x00007fffa274a000 	C:\Windows\SYSTEM32\VERSION.dll
0x00007fffb1d20000 - 0x00007fffb1d4f000 	C:\Windows\System32\IMM32.DLL
0x00007fffaaea0000 - 0x00007fffaaeac000 	C:\Program Files\Java\jdk-17\bin\vcruntime140_1.dll
0x00007fff48890000 - 0x00007fff4891e000 	C:\Program Files\Java\jdk-17\bin\msvcp140.dll
0x00007fff30c20000 - 0x00007fff317fe000 	C:\Program Files\Java\jdk-17\bin\server\jvm.dll
0x00007fffb3a50000 - 0x00007fffb3a58000 	C:\Windows\System32\PSAPI.DLL
0x00007fff9ffc0000 - 0x00007fff9ffc9000 	C:\Windows\SYSTEM32\WSOCK32.dll
0x00007fffb3a60000 - 0x00007fffb3acb000 	C:\Windows\System32\WS2_32.dll
0x00007fff9eea0000 - 0x00007fff9eec7000 	C:\Windows\SYSTEM32\WINMM.dll
0x00007fffafac0000 - 0x00007fffafad2000 	C:\Windows\SYSTEM32\kernel.appcore.dll
0x00007fffaa070000 - 0x00007fffaa07a000 	C:\Program Files\Java\jdk-17\bin\jimage.dll
0x00007fffaf7b0000 - 0x00007fffaf9b1000 	C:\Windows\SYSTEM32\DBGHELP.DLL
0x00007fff91e60000 - 0x00007fff91e94000 	C:\Windows\SYSTEM32\dbgcore.DLL
0x00007fffb13e0000 - 0x00007fffb1462000 	C:\Windows\System32\bcryptPrimitives.dll
0x00007fff7e630000 - 0x00007fff7e655000 	C:\Program Files\Java\jdk-17\bin\java.dll
0x00007fff487b0000 - 0x00007fff48887000 	C:\Program Files\Java\jdk-17\bin\jsvml.dll
0x00007fffb3070000 - 0x00007fffb37de000 	C:\Windows\System32\SHELL32.dll
0x00007fffaef30000 - 0x00007fffaf6d4000 	C:\Windows\SYSTEM32\windows.storage.dll
0x00007fffb1d70000 - 0x00007fffb20c3000 	C:\Windows\System32\combase.dll
0x00007fffb0d10000 - 0x00007fffb0d3b000 	C:\Windows\SYSTEM32\Wldp.dll
0x00007fffb2df0000 - 0x00007fffb2ebd000 	C:\Windows\System32\OLEAUT32.dll
0x00007fffb20d0000 - 0x00007fffb217d000 	C:\Windows\System32\SHCORE.dll
0x00007fffb37e0000 - 0x00007fffb383b000 	C:\Windows\System32\shlwapi.dll
0x00007fffb1210000 - 0x00007fffb1235000 	C:\Windows\SYSTEM32\profapi.dll
0x00007fffa8520000 - 0x00007fffa8539000 	C:\Program Files\Java\jdk-17\bin\net.dll
0x00007fffa5890000 - 0x00007fffa599a000 	C:\Windows\SYSTEM32\WINHTTP.dll
0x00007fffb0a70000 - 0x00007fffb0ada000 	C:\Windows\system32\mswsock.dll
0x00007fff86220000 - 0x00007fff86236000 	C:\Program Files\Java\jdk-17\bin\nio.dll
0x00007fff7e720000 - 0x00007fff7e738000 	C:\Program Files\Java\jdk-17\bin\zip.dll
0x00000298d8830000 - 0x00000298d8833000 	C:\javafx-sdk-21.0.7\bin\api-ms-win-core-console-l1-1-0.dll
0x00000298da720000 - 0x00000298da723000 	C:\javafx-sdk-21.0.7\bin\api-ms-win-core-console-l1-2-0.dll
0x00000298da730000 - 0x00000298da733000 	C:\javafx-sdk-21.0.7\bin\api-ms-win-core-datetime-l1-1-0.dll
0x00000298da740000 - 0x00000298da743000 	C:\javafx-sdk-21.0.7\bin\api-ms-win-core-debug-l1-1-0.dll
0x00000298da750000 - 0x00000298da753000 	C:\javafx-sdk-21.0.7\bin\api-ms-win-core-errorhandling-l1-1-0.dll
0x00000298da760000 - 0x00000298da764000 	C:\javafx-sdk-21.0.7\bin\api-ms-win-core-file-l1-1-0.dll
0x00000298da770000 - 0x00000298da773000 	C:\javafx-sdk-21.0.7\bin\api-ms-win-core-file-l1-2-0.dll
0x00000298da780000 - 0x00000298da783000 	C:\javafx-sdk-21.0.7\bin\api-ms-win-core-file-l2-1-0.dll
0x00000298da790000 - 0x00000298da793000 	C:\javafx-sdk-21.0.7\bin\api-ms-win-core-handle-l1-1-0.dll
0x00000298da7a0000 - 0x00000298da7a3000 	C:\javafx-sdk-21.0.7\bin\api-ms-win-core-heap-l1-1-0.dll
0x00000298da7b0000 - 0x00000298da7b3000 	C:\javafx-sdk-21.0.7\bin\api-ms-win-core-interlocked-l1-1-0.dll
0x00000298da7c0000 - 0x00000298da7c3000 	C:\javafx-sdk-21.0.7\bin\api-ms-win-core-libraryloader-l1-1-0.dll
0x00000298da7d0000 - 0x00000298da7d3000 	C:\javafx-sdk-21.0.7\bin\api-ms-win-core-localization-l1-2-0.dll
0x00000298da7e0000 - 0x00000298da7e3000 	C:\javafx-sdk-21.0.7\bin\api-ms-win-core-memory-l1-1-0.dll
0x00000298f85c0000 - 0x00000298f85c3000 	C:\javafx-sdk-21.0.7\bin\api-ms-win-core-namedpipe-l1-1-0.dll
0x00000298f85d0000 - 0x00000298f85d3000 	C:\javafx-sdk-21.0.7\bin\api-ms-win-core-processenvironment-l1-1-0.dll
0x00000298f85e0000 - 0x00000298f85e3000 	C:\javafx-sdk-21.0.7\bin\api-ms-win-core-processthreads-l1-1-0.dll
0x00000298f85f0000 - 0x00000298f85f3000 	C:\javafx-sdk-21.0.7\bin\api-ms-win-core-processthreads-l1-1-1.dll
0x00000298f8600000 - 0x00000298f8603000 	C:\javafx-sdk-21.0.7\bin\api-ms-win-core-profile-l1-1-0.dll
0x00000298f8610000 - 0x00000298f8613000 	C:\javafx-sdk-21.0.7\bin\api-ms-win-core-rtlsupport-l1-1-0.dll
0x00000298f8620000 - 0x00000298f8623000 	C:\javafx-sdk-21.0.7\bin\api-ms-win-core-string-l1-1-0.dll
0x00000298f8630000 - 0x00000298f8633000 	C:\javafx-sdk-21.0.7\bin\api-ms-win-core-synch-l1-1-0.dll
0x00000298f8640000 - 0x00000298f8643000 	C:\javafx-sdk-21.0.7\bin\api-ms-win-core-synch-l1-2-0.dll
0x00000298f8650000 - 0x00000298f8653000 	C:\javafx-sdk-21.0.7\bin\api-ms-win-core-sysinfo-l1-1-0.dll
0x00000298f8660000 - 0x00000298f8663000 	C:\javafx-sdk-21.0.7\bin\api-ms-win-core-timezone-l1-1-0.dll
0x00000298f8670000 - 0x00000298f8673000 	C:\javafx-sdk-21.0.7\bin\api-ms-win-core-util-l1-1-0.dll
0x00000298f8680000 - 0x00000298f8683000 	C:\javafx-sdk-21.0.7\bin\api-ms-win-crt-conio-l1-1-0.dll
0x00000298f8690000 - 0x00000298f8694000 	C:\javafx-sdk-21.0.7\bin\api-ms-win-crt-convert-l1-1-0.dll
0x00000298f86a0000 - 0x00000298f86a3000 	C:\javafx-sdk-21.0.7\bin\api-ms-win-crt-environment-l1-1-0.dll
0x00000298f86b0000 - 0x00000298f86b3000 	C:\javafx-sdk-21.0.7\bin\api-ms-win-crt-filesystem-l1-1-0.dll
0x00000298f86c0000 - 0x00000298f86c3000 	C:\javafx-sdk-21.0.7\bin\api-ms-win-crt-heap-l1-1-0.dll
0x00000298f86d0000 - 0x00000298f86d3000 	C:\javafx-sdk-21.0.7\bin\api-ms-win-crt-locale-l1-1-0.dll
0x00000298f86e0000 - 0x00000298f86e5000 	C:\javafx-sdk-21.0.7\bin\api-ms-win-crt-math-l1-1-0.dll
0x00000298f86f0000 - 0x00000298f86f5000 	C:\javafx-sdk-21.0.7\bin\api-ms-win-crt-multibyte-l1-1-0.dll
0x00000298f8700000 - 0x00000298f8710000 	C:\javafx-sdk-21.0.7\bin\api-ms-win-crt-private-l1-1-0.dll
0x00000298f8710000 - 0x00000298f8713000 	C:\javafx-sdk-21.0.7\bin\api-ms-win-crt-process-l1-1-0.dll
0x00000298f8720000 - 0x00000298f8724000 	C:\javafx-sdk-21.0.7\bin\api-ms-win-crt-runtime-l1-1-0.dll
0x00000298f8730000 - 0x00000298f8734000 	C:\javafx-sdk-21.0.7\bin\api-ms-win-crt-stdio-l1-1-0.dll
0x00000298f8740000 - 0x00000298f8744000 	C:\javafx-sdk-21.0.7\bin\api-ms-win-crt-string-l1-1-0.dll
0x00000298f8750000 - 0x00000298f8753000 	C:\javafx-sdk-21.0.7\bin\api-ms-win-crt-time-l1-1-0.dll
0x00000298f8760000 - 0x00000298f8763000 	C:\javafx-sdk-21.0.7\bin\api-ms-win-crt-utility-l1-1-0.dll
0x00007fff483d0000 - 0x00007fff484cc000 	C:\javafx-sdk-21.0.7\bin\ucrtbase.dll
0x00007fff68520000 - 0x00007fff6853b000 	C:\javafx-sdk-21.0.7\bin\vcruntime140.dll
0x00007fffaa060000 - 0x00007fffaa06c000 	C:\javafx-sdk-21.0.7\bin\vcruntime140_1.dll
0x00007fff48720000 - 0x00007fff487ae000 	C:\javafx-sdk-21.0.7\bin\msvcp140.dll
0x00007fffa93c0000 - 0x00007fffa93c9000 	C:\javafx-sdk-21.0.7\bin\msvcp140_1.dll
0x00007fff480b0000 - 0x00007fff480f1000 	C:\javafx-sdk-21.0.7\bin\msvcp140_2.dll
0x00007fff60040000 - 0x00007fff60070000 	C:\javafx-sdk-21.0.7\bin\prism_d3d.dll
0x00007fff83ab0000 - 0x00007fff83c81000 	C:\Windows\system32\d3d9.dll
0x00007fffae950000 - 0x00007fffae97f000 	C:\Windows\SYSTEM32\dwmapi.dll
0x00007fffae810000 - 0x00007fffae8ae000 	C:\Windows\system32\uxtheme.dll
0x00007fff4ee00000 - 0x00007fff4ef65000 	C:\Windows\System32\DriverStore\FileRepository\iigd_dch.inf_amd64_4de65d949492707a\igdumdim64.dll
0x00007fffb2ba0000 - 0x00007fffb2ccb000 	C:\Windows\System32\ole32.dll
0x00007fff49880000 - 0x00007fff4d50b000 	C:\Windows\System32\DriverStore\FileRepository\iigd_dch.inf_amd64_4de65d949492707a\igd9dxva64.dll
0x00007fffb2390000 - 0x00007fffb2800000 	C:\Windows\System32\SETUPAPI.dll
0x00007fffb1c20000 - 0x00007fffb1c6e000 	C:\Windows\System32\cfgmgr32.dll
0x00007fffa5550000 - 0x00007fffa5886000 	C:\Windows\System32\DriverStore\FileRepository\iigd_dch.inf_amd64_4de65d949492707a\igdgmm64.dll
0x00007fff45d20000 - 0x00007fff45d62000 	C:\javafx-sdk-21.0.7\bin\glass.dll
0x00007fffb3ad0000 - 0x00007fffb3baa000 	C:\Windows\System32\COMDLG32.dll
0x00007fffb2cd0000 - 0x00007fffb2de5000 	C:\Windows\System32\MSCTF.dll
0x00007fffa9230000 - 0x00007fffa9257000 	C:\Windows\System32\DriverStore\FileRepository\iigd_dch.inf_amd64_4de65d949492707a\igdinfo64.dll
0x00007fffa27c0000 - 0x00007fffa554f000 	C:\Windows\System32\DriverStore\FileRepository\iigd_dch.inf_amd64_4de65d949492707a\igc64.dll
0x00007fffa6c90000 - 0x00007fffa6ccb000 	C:\Windows\SYSTEM32\dxcore.dll
0x00007fff66740000 - 0x00007fff66755000 	C:\javafx-sdk-21.0.7\bin\javafx_font.dll
0x00007fff8ff00000 - 0x00007fff9017f000 	C:\Windows\SYSTEM32\dwrite.dll
0x00007fffb1c70000 - 0x00007fffb1d19000 	C:\Windows\System32\clbcatq.dll
0x00007fffae570000 - 0x00007fffae724000 	C:\Windows\SYSTEM32\WindowsCodecs.dll
0x00007fff9f120000 - 0x00007fff9f15e000 	C:\Windows\system32\dataexchange.dll
0x00007fffac310000 - 0x00007fffac4f4000 	C:\Windows\system32\dcomp.dll
0x00007fffab5e0000 - 0x00007fffab844000 	C:\Windows\system32\d3d11.dll
0x00007fffafb30000 - 0x00007fffafc26000 	C:\Windows\system32\dxgi.dll
0x00007fffa8c70000 - 0x00007fffa8e73000 	C:\Windows\system32\twinapi.appcore.dll
0x00007fff4ed60000 - 0x00007fff4ed94000 	C:\Program Files\Common Files\Microsoft Shared\Ink\rtscom.dll
0x00007fff94560000 - 0x00007fff94659000 	C:\Windows\SYSTEM32\textinputframework.dll
0x00007fffacc40000 - 0x00007fffacd32000 	C:\Windows\System32\CoreMessaging.dll
0x00007fffac560000 - 0x00007fffac8bb000 	C:\Windows\System32\CoreUIComponents.dll
0x00007fffad740000 - 0x00007fffad897000 	C:\Windows\SYSTEM32\wintypes.dll
0x00007fffb0550000 - 0x00007fffb0583000 	C:\Windows\SYSTEM32\ntmarta.dll
0x00007fffabcb0000 - 0x00007fffac270000 	C:\Windows\SYSTEM32\d2d1.dll
0x00007fffa6d20000 - 0x00007fffa7416000 	C:\Windows\SYSTEM32\D3D10Warp.dll

dbghelp: loaded successfully - version: 4.0.5 - missing functions: none
symbol engine: initialized successfully - sym options: 0x614 - pdb path: .;C:\Program Files\Java\jdk-17\bin;C:\Windows\SYSTEM32;C:\Windows\WinSxS\amd64_microsoft.windows.common-controls_6595b64144ccf1df_6.0.19041.5915_none_60b4b9d171f9c7c7;C:\Program Files\Java\jdk-17\bin\server;C:\javafx-sdk-21.0.7\bin;C:\Windows\System32\DriverStore\FileRepository\iigd_dch.inf_amd64_4de65d949492707a;C:\Program Files\Common Files\Microsoft Shared\Ink

VM Arguments:
jvm_args: --module-path=C:/javafx-sdk-21.0.7/lib --add-modules=javafx.controls,javafx.fxml -XX:+ShowCodeDetailsInExceptionMessages 
java_command: com.login.Main
java_class_path (initial): D:\Civita\Civita user and login pages\loginpage\target\classes;c:\javafx-sdk-21.0.7\lib\javafx.base.jar;c:\javafx-sdk-21.0.7\lib\javafx.controls.jar;c:\javafx-sdk-21.0.7\lib\javafx.fxml.jar;c:\javafx-sdk-21.0.7\lib\javafx.graphics.jar;c:\javafx-sdk-21.0.7\lib\javafx.media.jar;c:\javafx-sdk-21.0.7\lib\javafx.swing.jar;c:\javafx-sdk-21.0.7\lib\javafx.web.jar;c:\javafx-sdk-21.0.7\lib\javafx-swt.jar;c:\javafx-sdk-21.0.7\lib\json-20230618.jar;C:\Users\Dell\.m2\repository\com\google\firebase\firebase-admin\9.2.0\firebase-admin-9.2.0.jar;C:\Users\Dell\.m2\repository\com\google\api-client\google-api-client\2.2.0\google-api-client-2.2.0.jar;C:\Users\Dell\.m2\repository\commons-codec\commons-codec\1.15\commons-codec-1.15.jar;C:\Users\Dell\.m2\repository\com\google\oauth-client\google-oauth-client\1.34.1\google-oauth-client-1.34.1.jar;C:\Users\Dell\.m2\repository\com\google\http-client\google-http-client-gson\1.42.3\google-http-client-gson-1.42.3.jar;C:\Users\Dell\.m2\repository\com\google\http-client\google-http-client-apache-v2\1.42.3\google-http-client-apache-v2-1.42.3.jar;C:\Users\Dell\.m2\repository\org\apache\httpcomponents\httpcore\4.4.16\httpcore-4.4.16.jar;C:\Users\Dell\.m2\repository\com\google\api-client\google-api-client-gson\2.2.0\google-api-client-gson-2.2.0.jar;C:\Users\Dell\.m2\repository\com\google\http-client\google-http-client\1.43.1\google-http-client-1.43.1.jar;C:\Users\Dell\.m2\repository\com\google\code\findbugs\jsr305\3.0.2\jsr305-3.0.2.jar;C:\Users\Dell\.m2\repository\com\google\errorprone\error_prone_annotations\2.18.0\error_prone_annotations-2.18.0.jar;C:\Users\Dell\.m2\repository\com\google\j2objc\j2objc-annotations\1.3\j2objc-annotations-1.3.jar;C:\Users\Dell\.m2\repository\io\opencensus\opencensus-api\0.31.1\opencensus-api-0.31.1.jar;C:\Users\Dell\.m2\repository\io\opencensus\opencensus-contrib-http-util\0.31.1\opencensus-contrib-http-util-0.31.1.jar;C:\Users\Dell\.m2\repository\com\google\api\api-common\2.12.0\api-com
Launcher Type: SUN_STANDARD

[Global flags]
     intx CICompilerCount                          = 3                                         {product} {ergonomic}
     uint ConcGCThreads                            = 1                                         {product} {ergonomic}
     uint G1ConcRefinementThreads                  = 4                                         {product} {ergonomic}
   size_t G1HeapRegionSize                         = 1048576                                   {product} {ergonomic}
    uintx GCDrainStackTargetSize                   = 64                                        {product} {ergonomic}
   size_t InitialHeapSize                          = 132120576                                 {product} {ergonomic}
   size_t MarkStackSize                            = 4194304                                   {product} {ergonomic}
   size_t MaxHeapSize                              = 2113929216                                {product} {ergonomic}
   size_t MaxNewSize                               = 1267728384                                {product} {ergonomic}
   size_t MinHeapDeltaBytes                        = 1048576                                   {product} {ergonomic}
   size_t MinHeapSize                              = 8388608                                   {product} {ergonomic}
    uintx NonNMethodCodeHeapSize                   = 5832780                                {pd product} {ergonomic}
    uintx NonProfiledCodeHeapSize                  = 122912730                              {pd product} {ergonomic}
    uintx ProfiledCodeHeapSize                     = 122912730                              {pd product} {ergonomic}
    uintx ReservedCodeCacheSize                    = 251658240                              {pd product} {ergonomic}
     bool SegmentedCodeCache                       = true                                      {product} {ergonomic}
     bool ShowCodeDetailsInExceptionMessages       = true                                   {manageable} {command line}
   size_t SoftMaxHeapSize                          = 2113929216                             {manageable} {ergonomic}
     bool UseCompressedClassPointers               = true                           {product lp64_product} {ergonomic}
     bool UseCompressedOops                        = true                           {product lp64_product} {ergonomic}
     bool UseG1GC                                  = true                                      {product} {ergonomic}
     bool UseLargePagesIndividualAllocation        = false                                  {pd product} {ergonomic}

Logging:
Log output configuration:
 #0: stdout all=warning uptime,level,tags
 #1: stderr all=off uptime,level,tags

Environment Variables:
PATH=C:\Program Files\Common Files\Oracle\Java\javapath;C:\Program Files\Eclipse Adoptium\jdk-21.0.4.7-hotspot\bin;C:\Program Files\Java\jdk-17\bin;C:\apache-maven-3.9.11\bin;C:\Windows\system32;C:\Windows;C:\Windows\System32\Wbem;C:\Windows\System32\WindowsPowerShell\v1.0\;C:\Windows\System32\OpenSSH\;C:\src\flutter\bin;C:\Program Files\Git\cmd;C:\Users\Dell\AppData\Local\Microsoft\WindowsApps;C:\Users\Dell\AppData\Local\Programs\Microsoft VS Code\bin
USERNAME=Dell
LANG=en_US.UTF-8
OS=Windows_NT
PROCESSOR_IDENTIFIER=Intel64 Family 6 Model 142 Stepping 9, GenuineIntel



---------------  S Y S T E M  ---------------

OS:
 Windows 10 , 64 bit Build 19041 (10.0.19041.5915)
OS uptime: 11 days 17:56 hours
Hyper-V role detected

CPU: total 4 (initial active 4) (2 cores per cpu, 2 threads per core) family 6 model 142 stepping 9 microcode 0xb4, cx8, cmov, fxsr, ht, mmx, 3dnowpref, sse, sse2, sse3, ssse3, sse4.1, sse4.2, popcnt, lzcnt, tsc, tscinvbit, avx, avx2, aes, erms, clmul, bmi1, bmi2, adx, fma, vzeroupper, clflush, clflushopt, hv

Memory: 4k page, system-wide physical 8058M (246M free)
TotalPageFile size 32634M (AvailPageFile size 84M)
current process WorkingSet (physical memory assigned to process): 655M, peak: 717M
current process commit charge ("private bytes"): 978M, peak: 1106M

vm_info: Java HotSpot(TM) 64-Bit Server VM (17.0.8+9-LTS-211) for windows-amd64 JRE (17.0.8+9-LTS-211), built on Jun 14 2023 10:34:31 by "mach5one" with MS VC++ 17.1 (VS2022)

END.
