#
# There is insufficient memory for the Java Runtime Environment to continue.
# Native memory allocation (mmap) failed to map 136314880 bytes for G1 virtual space
# Possible reasons:
#   The system is out of physical RAM or swap space
#   The process is running with CompressedOops enabled, and the Java Heap may be blocking the growth of the native heap
# Possible solutions:
#   Reduce memory load on the system
#   Increase physical memory or swap space
#   Check if swap backing store is full
#   Decrease Java heap size (-Xmx/-Xms)
#   Decrease number of Java threads
#   Decrease Java thread stack sizes (-Xss)
#   Set larger code cache with -XX:ReservedCodeCacheSize=
#   JVM is running with Unscaled Compressed Oops mode in which the Java heap is
#     placed in the first 4GB address space. The Java Heap base address is the
#     maximum limit for the native heap growth. Please use -XX:HeapBaseMinAddress
#     to set the Java Heap base and to place the Java Heap above 4GB virtual address.
# This output file may be truncated or incomplete.
#
#  Out of Memory Error (os_windows.cpp:3550), pid=8356, tid=15372
#
# JRE version: Java(TM) SE Runtime Environment (17.0.8+9) (build 17.0.8+9-LTS-211)
# Java VM: Java HotSpot(TM) 64-Bit Server VM (17.0.8+9-LTS-211, mixed mode, sharing, tiered, compressed oops, compressed class ptrs, g1 gc, windows-amd64)
# No core dump will be written. Minidumps are not enabled by default on client versions of Windows
#

---------------  S U M M A R Y ------------

Command Line: --module-path=C:/javafx-sdk-21.0.7/lib --add-modules=javafx.controls,javafx.fxml -XX:+ShowCodeDetailsInExceptionMessages com.login.Main

Host: Intel(R) Core(TM) i5-7200U CPU @ 2.50GHz, 4 cores, 7G,  Windows 10 , 64 bit Build 19041 (10.0.19041.5915)
Time: Wed Jul 23 12:29:30 2025 India Standard Time elapsed time: 8.457234 seconds (0d 0h 0m 8s)

---------------  T H R E A D  ---------------

Current thread (0x0000026134321d50):  VMThread "VM Thread" [stack: 0x0000008527400000,0x0000008527500000] [id=15372]

Stack: [0x0000008527400000,0x0000008527500000]
Native frames: (J=compiled Java code, j=interpreted, Vv=VM code, C=native code)
V  [jvm.dll+0x677d0a]
V  [jvm.dll+0x7d8c54]
V  [jvm.dll+0x7da3fe]
V  [jvm.dll+0x7daa63]
V  [jvm.dll+0x245c5f]
V  [jvm.dll+0x674bb9]
V  [jvm.dll+0x6694f2]
V  [jvm.dll+0x3031d6]
V  [jvm.dll+0x30a756]
V  [jvm.dll+0x359f9e]
V  [jvm.dll+0x35a1cf]
V  [jvm.dll+0x2da3e8]
V  [jvm.dll+0x2dd486]
V  [jvm.dll+0x2e7c88]
V  [jvm.dll+0x31b6e0]
V  [jvm.dll+0x7df26b]
V  [jvm.dll+0x7dffa4]
V  [jvm.dll+0x7e04bd]
V  [jvm.dll+0x7e0894]
V  [jvm.dll+0x7e0960]
V  [jvm.dll+0x788bba]
V  [jvm.dll+0x676b35]
C  [ucrtbase.dll+0x21bb2]
C  [KERNEL32.DLL+0x17374]
C  [ntdll.dll+0x4cc91]

VM_Operation (0x00000085270ff540): G1Concurrent, mode: safepoint, requested by thread 0x0000026116b8a3e0


---------------  P R O C E S S  ---------------

Threads class SMR info:
_java_thread_list=0x0000026100e31f40, length=19, elements={
0x0000026116b18a70, 0x0000026134325940, 0x00000261343267b0, 0x000002613433f770,
0x0000026134341330, 0x0000026134343cf0, 0x00000261343446a0, 0x0000026134345380,
0x0000026134349930, 0x000002613434d340, 0x0000026134312a10, 0x00000261346f2000,
0x0000026134576240, 0x0000026134802580, 0x00000261348aadb0, 0x00000261348abdf0,
0x000002617a200b70, 0x000002617a55f600, 0x0000026100e50bf0
}

Java Threads: ( => current thread )
  0x0000026116b18a70 JavaThread "main" [_thread_blocked, id=7584, stack(0x0000008526e00000,0x0000008526f00000)]
  0x0000026134325940 JavaThread "Reference Handler" daemon [_thread_blocked, id=8756, stack(0x0000008527500000,0x0000008527600000)]
  0x00000261343267b0 JavaThread "Finalizer" daemon [_thread_blocked, id=7544, stack(0x0000008527600000,0x0000008527700000)]
  0x000002613433f770 JavaThread "Signal Dispatcher" daemon [_thread_blocked, id=3752, stack(0x0000008527700000,0x0000008527800000)]
  0x0000026134341330 JavaThread "Attach Listener" daemon [_thread_blocked, id=11000, stack(0x0000008527800000,0x0000008527900000)]
  0x0000026134343cf0 JavaThread "Service Thread" daemon [_thread_blocked, id=10868, stack(0x0000008527900000,0x0000008527a00000)]
  0x00000261343446a0 JavaThread "Monitor Deflation Thread" daemon [_thread_blocked, id=15116, stack(0x0000008527a00000,0x0000008527b00000)]
  0x0000026134345380 JavaThread "C2 CompilerThread0" daemon [_thread_blocked, id=15976, stack(0x0000008527b00000,0x0000008527c00000)]
  0x0000026134349930 JavaThread "C1 CompilerThread0" daemon [_thread_blocked, id=4476, stack(0x0000008527c00000,0x0000008527d00000)]
  0x000002613434d340 JavaThread "Sweeper thread" daemon [_thread_blocked, id=10720, stack(0x0000008527d00000,0x0000008527e00000)]
  0x0000026134312a10 JavaThread "Common-Cleaner" daemon [_thread_blocked, id=9924, stack(0x0000008527e00000,0x0000008527f00000)]
  0x00000261346f2000 JavaThread "Notification Thread" daemon [_thread_blocked, id=524, stack(0x0000008527f00000,0x0000008528000000)]
  0x0000026134576240 JavaThread "JavaFX-Launcher" [_thread_blocked, id=7568, stack(0x0000008528100000,0x0000008528200000)]
  0x0000026134802580 JavaThread "QuantumRenderer-0" daemon [_thread_blocked, id=6792, stack(0x0000008528200000,0x0000008528300000)]
  0x00000261348aadb0 JavaThread "InvokeLaterDispatcher" daemon [_thread_blocked, id=16144, stack(0x0000008528300000,0x0000008528400000)]
  0x00000261348abdf0 JavaThread "JavaFX Application Thread" [_thread_blocked, id=704, stack(0x0000008528400000,0x0000008528500000)]
  0x000002617a200b70 JavaThread "Thread-2" daemon [_thread_blocked, id=6920, stack(0x0000008528b00000,0x0000008528c00000)]
  0x000002617a55f600 JavaThread "Prism Font Disposer" daemon [_thread_blocked, id=12800, stack(0x0000008528e00000,0x0000008528f00000)]
  0x0000026100e50bf0 JavaThread "Cleaner-0" daemon [_thread_blocked, id=13980, stack(0x0000008529500000,0x0000008529600000)]

Other Threads:
=>0x0000026134321d50 VMThread "VM Thread" [stack: 0x0000008527400000,0x0000008527500000] [id=15372]
  0x000002613432b010 WatcherThread [stack: 0x0000008528000000,0x0000008528100000] [id=2788]
  0x0000026116b798a0 GCTaskThread "GC Thread#0" [stack: 0x0000008526f00000,0x0000008527000000] [id=11452]
  0x000002617a204f20 GCTaskThread "GC Thread#1" [stack: 0x0000008528800000,0x0000008528900000] [id=15448]
  0x000002617a245980 GCTaskThread "GC Thread#2" [stack: 0x0000008528900000,0x0000008528a00000] [id=12760]
  0x000002617a1fecc0 GCTaskThread "GC Thread#3" [stack: 0x0000008528a00000,0x0000008528b00000] [id=540]
  0x0000026116b8a3e0 ConcurrentGCThread "G1 Main Marker" [stack: 0x0000008527000000,0x0000008527100000] [id=12772]
  0x0000026116b8b590 ConcurrentGCThread "G1 Conc#0" [stack: 0x0000008527100000,0x0000008527200000] [id=13664]
  0x00000261341e20b0 ConcurrentGCThread "G1 Refine#0" [stack: 0x0000008527200000,0x0000008527300000] [id=10452]
  0x000002617a2455d0 ConcurrentGCThread "G1 Refine#1" [stack: 0x0000008528c00000,0x0000008528d00000] [id=8536]
  0x000002617a2bf840 ConcurrentGCThread "G1 Refine#2" [stack: 0x0000008528d00000,0x0000008528e00000] [id=14168]
  0x00000261341e2ad0 ConcurrentGCThread "G1 Service" [stack: 0x0000008527300000,0x0000008527400000] [id=12596]

Threads with active compile tasks:

VM state: at safepoint (normal execution)

VM Mutex/Monitor currently owned by a thread:  ([mutex/lock_event])
[0x0000026116b11e60] Threads_lock - owner thread: 0x0000026134321d50
[0x0000026116b12e20] Heap_lock - owner thread: 0x0000026116b8a3e0

Heap address: 0x0000000082000000, size: 2016 MB, Compressed Oops mode: 32-bit

CDS archive(s) mapped at: [0x0000026135000000-0x0000026135bd0000-0x0000026135bd0000), size 12386304, SharedBaseAddress: 0x0000026135000000, ArchiveRelocationMode: 1.
Compressed class space mapped at: 0x0000026136000000-0x0000026176000000, reserved size: 1073741824
Narrow klass base: 0x0000026135000000, Narrow klass shift: 0, Narrow klass range: 0x100000000

GC Precious Log:
 CPUs: 4 total, 4 available
 Memory: 8058M
 Large Page Support: Disabled
 NUMA Support: Disabled
 Compressed Oops: Enabled (32-bit)
 Heap Region Size: 1M
 Heap Min Capacity: 8M
 Heap Initial Capacity: 126M
 Heap Max Capacity: 2016M
 Pre-touch: Disabled
 Parallel Workers: 4
 Concurrent Workers: 1
 Concurrent Refinement Workers: 4
 Periodic GC: Disabled

Heap:
 garbage-first heap   total 421888K, used 331953K [0x0000000082000000, 0x0000000100000000)
  region size 1024K, 3 young (3072K), 3 survivors (3072K)
 Metaspace       used 13103K, committed 13376K, reserved 1114112K
  class space    used 2082K, committed 2240K, reserved 1048576K

Heap Regions: E=young(eden), S=young(survivor), O=old, HS=humongous(starts), HC=humongous(continues), CS=collection set, F=free, OA=open archive, CA=closed archive, TAMS=top-at-mark-start (previous, next)
|   0|0x0000000082000000, 0x0000000082100000, 0x0000000082100000|100%|HS|  |TAMS 0x0000000082100000, 0x0000000082000000| Complete 
|   1|0x0000000082100000, 0x0000000082200000, 0x0000000082200000|100%| O|  |TAMS 0x0000000082200000, 0x0000000082100000| Untracked 
|   2|0x0000000082200000, 0x0000000082300000, 0x0000000082300000|100%| O|  |TAMS 0x0000000082300000, 0x0000000082200000| Untracked 
|   3|0x0000000082300000, 0x0000000082400000, 0x0000000082400000|100%| O|  |TAMS 0x0000000082400000, 0x0000000082300000| Untracked 
|   4|0x0000000082400000, 0x0000000082500000, 0x0000000082500000|100%| O|  |TAMS 0x0000000082500000, 0x0000000082400000| Untracked 
|   5|0x0000000082500000, 0x0000000082600000, 0x0000000082600000|100%| O|  |TAMS 0x0000000082600000, 0x0000000082500000| Untracked 
|   6|0x0000000082600000, 0x0000000082700000, 0x0000000082700000|100%|HS|  |TAMS 0x0000000082700000, 0x0000000082600000| Complete 
|   7|0x0000000082700000, 0x0000000082800000, 0x0000000082800000|100%|HC|  |TAMS 0x0000000082800000, 0x0000000082700000| Complete 
|   8|0x0000000082800000, 0x0000000082900000, 0x0000000082900000|100%|HC|  |TAMS 0x0000000082900000, 0x0000000082800000| Complete 
|   9|0x0000000082900000, 0x0000000082a00000, 0x0000000082a00000|100%|HC|  |TAMS 0x0000000082a00000, 0x0000000082900000| Complete 
|  10|0x0000000082a00000, 0x0000000082b00000, 0x0000000082b00000|100%|HC|  |TAMS 0x0000000082b00000, 0x0000000082a00000| Complete 
|  11|0x0000000082b00000, 0x0000000082c00000, 0x0000000082c00000|100%|HC|  |TAMS 0x0000000082c00000, 0x0000000082b00000| Complete 
|  12|0x0000000082c00000, 0x0000000082d00000, 0x0000000082d00000|100%|HC|  |TAMS 0x0000000082d00000, 0x0000000082c00000| Complete 
|  13|0x0000000082d00000, 0x0000000082e00000, 0x0000000082e00000|100%|HC|  |TAMS 0x0000000082e00000, 0x0000000082d00000| Complete 
|  14|0x0000000082e00000, 0x0000000082f00000, 0x0000000082f00000|100%|HC|  |TAMS 0x0000000082f00000, 0x0000000082e00000| Complete 
|  15|0x0000000082f00000, 0x0000000083000000, 0x0000000083000000|100%|HC|  |TAMS 0x0000000083000000, 0x0000000082f00000| Complete 
|  16|0x0000000083000000, 0x0000000083100000, 0x0000000083100000|100%|HC|  |TAMS 0x0000000083100000, 0x0000000083000000| Complete 
|  17|0x0000000083100000, 0x0000000083200000, 0x0000000083200000|100%|HC|  |TAMS 0x0000000083200000, 0x0000000083100000| Complete 
|  18|0x0000000083200000, 0x0000000083300000, 0x0000000083300000|100%|HC|  |TAMS 0x0000000083300000, 0x0000000083200000| Complete 
|  19|0x0000000083300000, 0x0000000083400000, 0x0000000083400000|100%|HC|  |TAMS 0x0000000083400000, 0x0000000083300000| Complete 
|  20|0x0000000083400000, 0x0000000083500000, 0x0000000083500000|100%|HC|  |TAMS 0x0000000083500000, 0x0000000083400000| Complete 
|  21|0x0000000083500000, 0x0000000083600000, 0x0000000083600000|100%|HC|  |TAMS 0x0000000083600000, 0x0000000083500000| Complete 
|  22|0x0000000083600000, 0x0000000083700000, 0x0000000083700000|100%|HC|  |TAMS 0x0000000083700000, 0x0000000083600000| Complete 
|  23|0x0000000083700000, 0x0000000083800000, 0x0000000083800000|100%|HC|  |TAMS 0x0000000083800000, 0x0000000083700000| Complete 
|  24|0x0000000083800000, 0x0000000083900000, 0x0000000083900000|100%|HC|  |TAMS 0x0000000083900000, 0x0000000083800000| Complete 
|  25|0x0000000083900000, 0x0000000083a00000, 0x0000000083a00000|100%|HC|  |TAMS 0x0000000083a00000, 0x0000000083900000| Complete 
|  26|0x0000000083a00000, 0x0000000083b00000, 0x0000000083b00000|100%|HC|  |TAMS 0x0000000083b00000, 0x0000000083a00000| Complete 
|  27|0x0000000083b00000, 0x0000000083c00000, 0x0000000083c00000|100%|HC|  |TAMS 0x0000000083c00000, 0x0000000083b00000| Complete 
|  28|0x0000000083c00000, 0x0000000083d00000, 0x0000000083d00000|100%|HC|  |TAMS 0x0000000083d00000, 0x0000000083c00000| Complete 
|  29|0x0000000083d00000, 0x0000000083e00000, 0x0000000083e00000|100%|HC|  |TAMS 0x0000000083e00000, 0x0000000083d00000| Complete 
|  30|0x0000000083e00000, 0x0000000083f00000, 0x0000000083f00000|100%|HC|  |TAMS 0x0000000083f00000, 0x0000000083e00000| Complete 
|  31|0x0000000083f00000, 0x0000000084000000, 0x0000000084000000|100%|HC|  |TAMS 0x0000000084000000, 0x0000000083f00000| Complete 
|  32|0x0000000084000000, 0x0000000084100000, 0x0000000084100000|100%|HC|  |TAMS 0x0000000084100000, 0x0000000084000000| Complete 
|  33|0x0000000084100000, 0x0000000084200000, 0x0000000084200000|100%|HC|  |TAMS 0x0000000084200000, 0x0000000084100000| Complete 
|  34|0x0000000084200000, 0x0000000084300000, 0x0000000084300000|100%|HC|  |TAMS 0x0000000084300000, 0x0000000084200000| Complete 
|  35|0x0000000084300000, 0x0000000084400000, 0x0000000084400000|100%|HC|  |TAMS 0x0000000084400000, 0x0000000084300000| Complete 
|  36|0x0000000084400000, 0x0000000084500000, 0x0000000084500000|100%|HC|  |TAMS 0x0000000084500000, 0x0000000084400000| Complete 
|  37|0x0000000084500000, 0x0000000084600000, 0x0000000084600000|100%|HC|  |TAMS 0x0000000084600000, 0x0000000084500000| Complete 
|  38|0x0000000084600000, 0x0000000084700000, 0x0000000084700000|100%|HC|  |TAMS 0x0000000084700000, 0x0000000084600000| Complete 
|  39|0x0000000084700000, 0x0000000084800000, 0x0000000084800000|100%|HC|  |TAMS 0x0000000084800000, 0x0000000084700000| Complete 
|  40|0x0000000084800000, 0x0000000084900000, 0x0000000084900000|100%|HC|  |TAMS 0x0000000084900000, 0x0000000084800000| Complete 
|  41|0x0000000084900000, 0x0000000084a00000, 0x0000000084a00000|100%|HC|  |TAMS 0x0000000084a00000, 0x0000000084900000| Complete 
|  42|0x0000000084a00000, 0x0000000084b00000, 0x0000000084b00000|100%|HC|  |TAMS 0x0000000084b00000, 0x0000000084a00000| Complete 
|  43|0x0000000084b00000, 0x0000000084c00000, 0x0000000084c00000|100%|HC|  |TAMS 0x0000000084c00000, 0x0000000084b00000| Complete 
|  44|0x0000000084c00000, 0x0000000084d00000, 0x0000000084d00000|100%|HC|  |TAMS 0x0000000084d00000, 0x0000000084c00000| Complete 
|  45|0x0000000084d00000, 0x0000000084e00000, 0x0000000084e00000|100%|HC|  |TAMS 0x0000000084e00000, 0x0000000084d00000| Complete 
|  46|0x0000000084e00000, 0x0000000084f00000, 0x0000000084f00000|100%|HC|  |TAMS 0x0000000084f00000, 0x0000000084e00000| Complete 
|  47|0x0000000084f00000, 0x0000000085000000, 0x0000000085000000|100%|HC|  |TAMS 0x0000000085000000, 0x0000000084f00000| Complete 
|  48|0x0000000085000000, 0x0000000085100000, 0x0000000085100000|100%|HC|  |TAMS 0x0000000085100000, 0x0000000085000000| Complete 
|  49|0x0000000085100000, 0x0000000085200000, 0x0000000085200000|100%|HC|  |TAMS 0x0000000085200000, 0x0000000085100000| Complete 
|  50|0x0000000085200000, 0x0000000085300000, 0x0000000085300000|100%|HC|  |TAMS 0x0000000085300000, 0x0000000085200000| Complete 
|  51|0x0000000085300000, 0x0000000085400000, 0x0000000085400000|100%|HC|  |TAMS 0x0000000085400000, 0x0000000085300000| Complete 
|  52|0x0000000085400000, 0x0000000085500000, 0x0000000085500000|100%|HC|  |TAMS 0x0000000085500000, 0x0000000085400000| Complete 
|  53|0x0000000085500000, 0x0000000085600000, 0x0000000085600000|100%|HC|  |TAMS 0x0000000085600000, 0x0000000085500000| Complete 
|  54|0x0000000085600000, 0x0000000085700000, 0x0000000085700000|100%|HC|  |TAMS 0x0000000085700000, 0x0000000085600000| Complete 
|  55|0x0000000085700000, 0x0000000085800000, 0x0000000085800000|100%|HC|  |TAMS 0x0000000085800000, 0x0000000085700000| Complete 
|  56|0x0000000085800000, 0x0000000085900000, 0x0000000085900000|100%|HC|  |TAMS 0x0000000085900000, 0x0000000085800000| Complete 
|  57|0x0000000085900000, 0x0000000085a00000, 0x0000000085a00000|100%|HC|  |TAMS 0x0000000085a00000, 0x0000000085900000| Complete 
|  58|0x0000000085a00000, 0x0000000085b00000, 0x0000000085b00000|100%|HC|  |TAMS 0x0000000085b00000, 0x0000000085a00000| Complete 
|  59|0x0000000085b00000, 0x0000000085c00000, 0x0000000085c00000|100%|HC|  |TAMS 0x0000000085c00000, 0x0000000085b00000| Complete 
|  60|0x0000000085c00000, 0x0000000085d00000, 0x0000000085d00000|100%|HC|  |TAMS 0x0000000085d00000, 0x0000000085c00000| Complete 
|  61|0x0000000085d00000, 0x0000000085e00000, 0x0000000085e00000|100%|HC|  |TAMS 0x0000000085e00000, 0x0000000085d00000| Complete 
|  62|0x0000000085e00000, 0x0000000085f00000, 0x0000000085f00000|100%|HC|  |TAMS 0x0000000085f00000, 0x0000000085e00000| Complete 
|  63|0x0000000085f00000, 0x0000000086000000, 0x0000000086000000|100%|HC|  |TAMS 0x0000000086000000, 0x0000000085f00000| Complete 
|  64|0x0000000086000000, 0x0000000086100000, 0x0000000086100000|100%|HC|  |TAMS 0x0000000086100000, 0x0000000086000000| Complete 
|  65|0x0000000086100000, 0x0000000086200000, 0x0000000086200000|100%|HC|  |TAMS 0x0000000086200000, 0x0000000086100000| Complete 
|  66|0x0000000086200000, 0x0000000086300000, 0x0000000086300000|100%|HC|  |TAMS 0x0000000086300000, 0x0000000086200000| Complete 
|  67|0x0000000086300000, 0x0000000086400000, 0x0000000086400000|100%|HC|  |TAMS 0x0000000086400000, 0x0000000086300000| Complete 
|  68|0x0000000086400000, 0x0000000086500000, 0x0000000086500000|100%|HC|  |TAMS 0x0000000086500000, 0x0000000086400000| Complete 
|  69|0x0000000086500000, 0x0000000086600000, 0x0000000086600000|100%|HC|  |TAMS 0x0000000086600000, 0x0000000086500000| Complete 
|  70|0x0000000086600000, 0x0000000086700000, 0x0000000086700000|100%|HC|  |TAMS 0x0000000086700000, 0x0000000086600000| Complete 
|  71|0x0000000086700000, 0x0000000086800000, 0x0000000086800000|100%|HC|  |TAMS 0x0000000086800000, 0x0000000086700000| Complete 
|  72|0x0000000086800000, 0x0000000086900000, 0x0000000086900000|100%|HC|  |TAMS 0x0000000086900000, 0x0000000086800000| Complete 
|  73|0x0000000086900000, 0x0000000086a00000, 0x0000000086a00000|100%|HC|  |TAMS 0x0000000086a00000, 0x0000000086900000| Complete 
|  74|0x0000000086a00000, 0x0000000086b00000, 0x0000000086b00000|100%|HC|  |TAMS 0x0000000086b00000, 0x0000000086a00000| Complete 
|  75|0x0000000086b00000, 0x0000000086c00000, 0x0000000086c00000|100%|HC|  |TAMS 0x0000000086c00000, 0x0000000086b00000| Complete 
|  76|0x0000000086c00000, 0x0000000086d00000, 0x0000000086d00000|100%|HC|  |TAMS 0x0000000086d00000, 0x0000000086c00000| Complete 
|  77|0x0000000086d00000, 0x0000000086e00000, 0x0000000086e00000|100%|HC|  |TAMS 0x0000000086e00000, 0x0000000086d00000| Complete 
|  78|0x0000000086e00000, 0x0000000086f00000, 0x0000000086f00000|100%|HC|  |TAMS 0x0000000086f00000, 0x0000000086e00000| Complete 
|  79|0x0000000086f00000, 0x0000000087000000, 0x0000000087000000|100%|HC|  |TAMS 0x0000000087000000, 0x0000000086f00000| Complete 
|  80|0x0000000087000000, 0x0000000087100000, 0x0000000087100000|100%|HC|  |TAMS 0x0000000087100000, 0x0000000087000000| Complete 
|  81|0x0000000087100000, 0x0000000087200000, 0x0000000087200000|100%|HC|  |TAMS 0x0000000087200000, 0x0000000087100000| Complete 
|  82|0x0000000087200000, 0x0000000087300000, 0x0000000087300000|100%|HC|  |TAMS 0x0000000087300000, 0x0000000087200000| Complete 
|  83|0x0000000087300000, 0x0000000087400000, 0x0000000087400000|100%|HC|  |TAMS 0x0000000087400000, 0x0000000087300000| Complete 
|  84|0x0000000087400000, 0x0000000087500000, 0x0000000087500000|100%| O|  |TAMS 0x0000000087500000, 0x0000000087400000| Untracked 
|  85|0x0000000087500000, 0x0000000087588e00, 0x0000000087600000| 53%| O|  |TAMS 0x0000000087588e00, 0x0000000087500000| Updating 
|  86|0x0000000087600000, 0x0000000087700000, 0x0000000087700000|100%|HS|  |TAMS 0x0000000087700000, 0x0000000087600000| Complete 
|  87|0x0000000087700000, 0x0000000087800000, 0x0000000087800000|100%|HC|  |TAMS 0x0000000087800000, 0x0000000087700000| Complete 
|  88|0x0000000087800000, 0x0000000087800000, 0x0000000087900000|  0%| F|  |TAMS 0x0000000087800000, 0x0000000087800000| Untracked 
|  89|0x0000000087900000, 0x0000000087900000, 0x0000000087a00000|  0%| F|  |TAMS 0x0000000087900000, 0x0000000087900000| Untracked 
|  90|0x0000000087a00000, 0x0000000087a00000, 0x0000000087b00000|  0%| F|  |TAMS 0x0000000087a00000, 0x0000000087a00000| Untracked 
|  91|0x0000000087b00000, 0x0000000087b00000, 0x0000000087c00000|  0%| F|  |TAMS 0x0000000087b00000, 0x0000000087b00000| Untracked 
|  92|0x0000000087c00000, 0x0000000087c00000, 0x0000000087d00000|  0%| F|  |TAMS 0x0000000087c00000, 0x0000000087c00000| Untracked 
|  93|0x0000000087d00000, 0x0000000087d00000, 0x0000000087e00000|  0%| F|  |TAMS 0x0000000087d00000, 0x0000000087d00000| Untracked 
|  94|0x0000000087e00000, 0x0000000087e00000, 0x0000000087f00000|  0%| F|  |TAMS 0x0000000087e00000, 0x0000000087e00000| Untracked 
|  95|0x0000000087f00000, 0x0000000087f00000, 0x0000000088000000|  0%| F|  |TAMS 0x0000000087f00000, 0x0000000087f00000| Untracked 
|  96|0x0000000088000000, 0x0000000088000000, 0x0000000088100000|  0%| F|  |TAMS 0x0000000088000000, 0x0000000088000000| Untracked 
|  97|0x0000000088100000, 0x0000000088100000, 0x0000000088200000|  0%| F|  |TAMS 0x0000000088100000, 0x0000000088100000| Untracked 
|  98|0x0000000088200000, 0x0000000088200000, 0x0000000088300000|  0%| F|  |TAMS 0x0000000088200000, 0x0000000088200000| Untracked 
|  99|0x0000000088300000, 0x0000000088300000, 0x0000000088400000|  0%| F|  |TAMS 0x0000000088300000, 0x0000000088300000| Untracked 
| 100|0x0000000088400000, 0x0000000088400000, 0x0000000088500000|  0%| F|  |TAMS 0x0000000088400000, 0x0000000088400000| Untracked 
| 101|0x0000000088500000, 0x0000000088500000, 0x0000000088600000|  0%| F|  |TAMS 0x0000000088500000, 0x0000000088500000| Untracked 
| 102|0x0000000088600000, 0x0000000088600000, 0x0000000088700000|  0%| F|  |TAMS 0x0000000088600000, 0x0000000088600000| Untracked 
| 103|0x0000000088700000, 0x0000000088700000, 0x0000000088800000|  0%| F|  |TAMS 0x0000000088700000, 0x0000000088700000| Untracked 
| 104|0x0000000088800000, 0x0000000088800000, 0x0000000088900000|  0%| F|  |TAMS 0x0000000088800000, 0x0000000088800000| Untracked 
| 105|0x0000000088900000, 0x0000000088900000, 0x0000000088a00000|  0%| F|  |TAMS 0x0000000088900000, 0x0000000088900000| Untracked 
| 106|0x0000000088a00000, 0x0000000088a00000, 0x0000000088b00000|  0%| F|  |TAMS 0x0000000088a00000, 0x0000000088a00000| Untracked 
| 107|0x0000000088b00000, 0x0000000088b00000, 0x0000000088c00000|  0%| F|  |TAMS 0x0000000088b00000, 0x0000000088b00000| Untracked 
| 108|0x0000000088c00000, 0x0000000088c00000, 0x0000000088d00000|  0%| F|  |TAMS 0x0000000088c00000, 0x0000000088c00000| Untracked 
| 109|0x0000000088d00000, 0x0000000088d00000, 0x0000000088e00000|  0%| F|  |TAMS 0x0000000088d00000, 0x0000000088d00000| Untracked 
| 110|0x0000000088e00000, 0x0000000088e00000, 0x0000000088f00000|  0%| F|  |TAMS 0x0000000088e00000, 0x0000000088e00000| Untracked 
| 111|0x0000000088f00000, 0x0000000088f00000, 0x0000000089000000|  0%| F|  |TAMS 0x0000000088f00000, 0x0000000088f00000| Untracked 
| 112|0x0000000089000000, 0x0000000089000000, 0x0000000089100000|  0%| F|  |TAMS 0x0000000089000000, 0x0000000089000000| Untracked 
| 113|0x0000000089100000, 0x0000000089100000, 0x0000000089200000|  0%| F|  |TAMS 0x0000000089100000, 0x0000000089100000| Untracked 
| 114|0x0000000089200000, 0x0000000089200000, 0x0000000089300000|  0%| F|  |TAMS 0x0000000089200000, 0x0000000089200000| Untracked 
| 115|0x0000000089300000, 0x0000000089300000, 0x0000000089400000|  0%| F|  |TAMS 0x0000000089300000, 0x0000000089300000| Untracked 
| 116|0x0000000089400000, 0x0000000089400000, 0x0000000089500000|  0%| F|  |TAMS 0x0000000089400000, 0x0000000089400000| Untracked 
| 117|0x0000000089500000, 0x0000000089500000, 0x0000000089600000|  0%| F|  |TAMS 0x0000000089500000, 0x0000000089500000| Untracked 
| 118|0x0000000089600000, 0x0000000089600000, 0x0000000089700000|  0%| F|  |TAMS 0x0000000089600000, 0x0000000089600000| Untracked 
| 119|0x0000000089700000, 0x0000000089700000, 0x0000000089800000|  0%| F|  |TAMS 0x0000000089700000, 0x0000000089700000| Untracked 
| 120|0x0000000089800000, 0x0000000089800000, 0x0000000089900000|  0%| F|  |TAMS 0x0000000089800000, 0x0000000089800000| Untracked 
| 121|0x0000000089900000, 0x0000000089900000, 0x0000000089a00000|  0%| F|  |TAMS 0x0000000089900000, 0x0000000089900000| Untracked 
| 122|0x0000000089a00000, 0x0000000089a00000, 0x0000000089b00000|  0%| F|  |TAMS 0x0000000089a00000, 0x0000000089a00000| Untracked 
| 123|0x0000000089b00000, 0x0000000089b00000, 0x0000000089c00000|  0%| F|  |TAMS 0x0000000089b00000, 0x0000000089b00000| Untracked 
| 124|0x0000000089c00000, 0x0000000089d00000, 0x0000000089d00000|100%|HS|  |TAMS 0x0000000089d00000, 0x0000000089c00000| Complete 
| 125|0x0000000089d00000, 0x0000000089e00000, 0x0000000089e00000|100%|HC|  |TAMS 0x0000000089e00000, 0x0000000089d00000| Complete 
| 126|0x0000000089e00000, 0x0000000089f00000, 0x0000000089f00000|100%|HC|  |TAMS 0x0000000089f00000, 0x0000000089e00000| Complete 
| 127|0x0000000089f00000, 0x000000008a000000, 0x000000008a000000|100%|HC|  |TAMS 0x000000008a000000, 0x0000000089f00000| Complete 
| 128|0x000000008a000000, 0x000000008a100000, 0x000000008a100000|100%|HC|  |TAMS 0x000000008a100000, 0x000000008a000000| Complete 
| 129|0x000000008a100000, 0x000000008a200000, 0x000000008a200000|100%|HC|  |TAMS 0x000000008a200000, 0x000000008a100000| Complete 
| 130|0x000000008a200000, 0x000000008a300000, 0x000000008a300000|100%|HC|  |TAMS 0x000000008a300000, 0x000000008a200000| Complete 
| 131|0x000000008a300000, 0x000000008a400000, 0x000000008a400000|100%|HC|  |TAMS 0x000000008a400000, 0x000000008a300000| Complete 
| 132|0x000000008a400000, 0x000000008a500000, 0x000000008a500000|100%|HC|  |TAMS 0x000000008a500000, 0x000000008a400000| Complete 
| 133|0x000000008a500000, 0x000000008a600000, 0x000000008a600000|100%|HC|  |TAMS 0x000000008a600000, 0x000000008a500000| Complete 
| 134|0x000000008a600000, 0x000000008a700000, 0x000000008a700000|100%|HC|  |TAMS 0x000000008a700000, 0x000000008a600000| Complete 
| 135|0x000000008a700000, 0x000000008a800000, 0x000000008a800000|100%|HC|  |TAMS 0x000000008a800000, 0x000000008a700000| Complete 
| 136|0x000000008a800000, 0x000000008a900000, 0x000000008a900000|100%|HC|  |TAMS 0x000000008a900000, 0x000000008a800000| Complete 
| 137|0x000000008a900000, 0x000000008aa00000, 0x000000008aa00000|100%|HC|  |TAMS 0x000000008aa00000, 0x000000008a900000| Complete 
| 138|0x000000008aa00000, 0x000000008ab00000, 0x000000008ab00000|100%|HC|  |TAMS 0x000000008ab00000, 0x000000008aa00000| Complete 
| 139|0x000000008ab00000, 0x000000008ac00000, 0x000000008ac00000|100%|HC|  |TAMS 0x000000008ac00000, 0x000000008ab00000| Complete 
| 140|0x000000008ac00000, 0x000000008ad00000, 0x000000008ad00000|100%|HC|  |TAMS 0x000000008ad00000, 0x000000008ac00000| Complete 
| 141|0x000000008ad00000, 0x000000008ae00000, 0x000000008ae00000|100%|HC|  |TAMS 0x000000008ae00000, 0x000000008ad00000| Complete 
| 142|0x000000008ae00000, 0x000000008af00000, 0x000000008af00000|100%|HC|  |TAMS 0x000000008af00000, 0x000000008ae00000| Complete 
| 143|0x000000008af00000, 0x000000008b000000, 0x000000008b000000|100%|HC|  |TAMS 0x000000008b000000, 0x000000008af00000| Complete 
| 144|0x000000008b000000, 0x000000008b100000, 0x000000008b100000|100%|HC|  |TAMS 0x000000008b100000, 0x000000008b000000| Complete 
| 145|0x000000008b100000, 0x000000008b200000, 0x000000008b200000|100%|HC|  |TAMS 0x000000008b200000, 0x000000008b100000| Complete 
| 146|0x000000008b200000, 0x000000008b300000, 0x000000008b300000|100%|HC|  |TAMS 0x000000008b300000, 0x000000008b200000| Complete 
| 147|0x000000008b300000, 0x000000008b400000, 0x000000008b400000|100%|HC|  |TAMS 0x000000008b400000, 0x000000008b300000| Complete 
| 148|0x000000008b400000, 0x000000008b500000, 0x000000008b500000|100%|HC|  |TAMS 0x000000008b500000, 0x000000008b400000| Complete 
| 149|0x000000008b500000, 0x000000008b600000, 0x000000008b600000|100%|HC|  |TAMS 0x000000008b600000, 0x000000008b500000| Complete 
| 150|0x000000008b600000, 0x000000008b700000, 0x000000008b700000|100%|HC|  |TAMS 0x000000008b700000, 0x000000008b600000| Complete 
| 151|0x000000008b700000, 0x000000008b800000, 0x000000008b800000|100%|HC|  |TAMS 0x000000008b800000, 0x000000008b700000| Complete 
| 152|0x000000008b800000, 0x000000008b900000, 0x000000008b900000|100%|HC|  |TAMS 0x000000008b900000, 0x000000008b800000| Complete 
| 153|0x000000008b900000, 0x000000008ba00000, 0x000000008ba00000|100%|HC|  |TAMS 0x000000008ba00000, 0x000000008b900000| Complete 
| 154|0x000000008ba00000, 0x000000008bb00000, 0x000000008bb00000|100%|HC|  |TAMS 0x000000008bb00000, 0x000000008ba00000| Complete 
| 155|0x000000008bb00000, 0x000000008bc00000, 0x000000008bc00000|100%|HC|  |TAMS 0x000000008bc00000, 0x000000008bb00000| Complete 
| 156|0x000000008bc00000, 0x000000008bd00000, 0x000000008bd00000|100%|HC|  |TAMS 0x000000008bd00000, 0x000000008bc00000| Complete 
| 157|0x000000008bd00000, 0x000000008be00000, 0x000000008be00000|100%|HC|  |TAMS 0x000000008be00000, 0x000000008bd00000| Complete 
| 158|0x000000008be00000, 0x000000008bf00000, 0x000000008bf00000|100%|HC|  |TAMS 0x000000008bf00000, 0x000000008be00000| Complete 
| 159|0x000000008bf00000, 0x000000008c000000, 0x000000008c000000|100%|HC|  |TAMS 0x000000008c000000, 0x000000008bf00000| Complete 
| 160|0x000000008c000000, 0x000000008c100000, 0x000000008c100000|100%|HC|  |TAMS 0x000000008c100000, 0x000000008c000000| Complete 
| 161|0x000000008c100000, 0x000000008c200000, 0x000000008c200000|100%|HC|  |TAMS 0x000000008c200000, 0x000000008c100000| Complete 
| 162|0x000000008c200000, 0x000000008c300000, 0x000000008c300000|100%|HC|  |TAMS 0x000000008c300000, 0x000000008c200000| Complete 
| 163|0x000000008c300000, 0x000000008c400000, 0x000000008c400000|100%|HC|  |TAMS 0x000000008c400000, 0x000000008c300000| Complete 
| 164|0x000000008c400000, 0x000000008c500000, 0x000000008c500000|100%|HC|  |TAMS 0x000000008c500000, 0x000000008c400000| Complete 
| 165|0x000000008c500000, 0x000000008c600000, 0x000000008c600000|100%|HC|  |TAMS 0x000000008c600000, 0x000000008c500000| Complete 
| 166|0x000000008c600000, 0x000000008c700000, 0x000000008c700000|100%|HC|  |TAMS 0x000000008c700000, 0x000000008c600000| Complete 
| 167|0x000000008c700000, 0x000000008c800000, 0x000000008c800000|100%|HC|  |TAMS 0x000000008c800000, 0x000000008c700000| Complete 
| 168|0x000000008c800000, 0x000000008c900000, 0x000000008c900000|100%|HC|  |TAMS 0x000000008c900000, 0x000000008c800000| Complete 
| 169|0x000000008c900000, 0x000000008ca00000, 0x000000008ca00000|100%|HC|  |TAMS 0x000000008ca00000, 0x000000008c900000| Complete 
| 170|0x000000008ca00000, 0x000000008cb00000, 0x000000008cb00000|100%|HC|  |TAMS 0x000000008cb00000, 0x000000008ca00000| Complete 
| 171|0x000000008cb00000, 0x000000008cc00000, 0x000000008cc00000|100%|HC|  |TAMS 0x000000008cc00000, 0x000000008cb00000| Complete 
| 172|0x000000008cc00000, 0x000000008cd00000, 0x000000008cd00000|100%|HC|  |TAMS 0x000000008cd00000, 0x000000008cc00000| Complete 
| 173|0x000000008cd00000, 0x000000008ce00000, 0x000000008ce00000|100%|HC|  |TAMS 0x000000008ce00000, 0x000000008cd00000| Complete 
| 174|0x000000008ce00000, 0x000000008cf00000, 0x000000008cf00000|100%|HC|  |TAMS 0x000000008cf00000, 0x000000008ce00000| Complete 
| 175|0x000000008cf00000, 0x000000008d000000, 0x000000008d000000|100%|HC|  |TAMS 0x000000008d000000, 0x000000008cf00000| Complete 
| 176|0x000000008d000000, 0x000000008d100000, 0x000000008d100000|100%|HC|  |TAMS 0x000000008d100000, 0x000000008d000000| Complete 
| 177|0x000000008d100000, 0x000000008d200000, 0x000000008d200000|100%|HC|  |TAMS 0x000000008d200000, 0x000000008d100000| Complete 
| 178|0x000000008d200000, 0x000000008d300000, 0x000000008d300000|100%|HC|  |TAMS 0x000000008d300000, 0x000000008d200000| Complete 
| 179|0x000000008d300000, 0x000000008d400000, 0x000000008d400000|100%|HC|  |TAMS 0x000000008d400000, 0x000000008d300000| Complete 
| 180|0x000000008d400000, 0x000000008d500000, 0x000000008d500000|100%|HC|  |TAMS 0x000000008d500000, 0x000000008d400000| Complete 
| 181|0x000000008d500000, 0x000000008d600000, 0x000000008d600000|100%|HC|  |TAMS 0x000000008d600000, 0x000000008d500000| Complete 
| 182|0x000000008d600000, 0x000000008d700000, 0x000000008d700000|100%|HC|  |TAMS 0x000000008d700000, 0x000000008d600000| Complete 
| 183|0x000000008d700000, 0x000000008d800000, 0x000000008d800000|100%|HC|  |TAMS 0x000000008d800000, 0x000000008d700000| Complete 
| 184|0x000000008d800000, 0x000000008d900000, 0x000000008d900000|100%|HC|  |TAMS 0x000000008d900000, 0x000000008d800000| Complete 
| 185|0x000000008d900000, 0x000000008da00000, 0x000000008da00000|100%|HC|  |TAMS 0x000000008da00000, 0x000000008d900000| Complete 
| 186|0x000000008da00000, 0x000000008db00000, 0x000000008db00000|100%|HC|  |TAMS 0x000000008db00000, 0x000000008da00000| Complete 
| 187|0x000000008db00000, 0x000000008dc00000, 0x000000008dc00000|100%|HC|  |TAMS 0x000000008dc00000, 0x000000008db00000| Complete 
| 188|0x000000008dc00000, 0x000000008dd00000, 0x000000008dd00000|100%|HC|  |TAMS 0x000000008dd00000, 0x000000008dc00000| Complete 
| 189|0x000000008dd00000, 0x000000008de00000, 0x000000008de00000|100%|HC|  |TAMS 0x000000008de00000, 0x000000008dd00000| Complete 
| 190|0x000000008de00000, 0x000000008df00000, 0x000000008df00000|100%|HC|  |TAMS 0x000000008df00000, 0x000000008de00000| Complete 
| 191|0x000000008df00000, 0x000000008e000000, 0x000000008e000000|100%|HC|  |TAMS 0x000000008e000000, 0x000000008df00000| Complete 
| 192|0x000000008e000000, 0x000000008e100000, 0x000000008e100000|100%|HC|  |TAMS 0x000000008e100000, 0x000000008e000000| Complete 
| 193|0x000000008e100000, 0x000000008e200000, 0x000000008e200000|100%|HC|  |TAMS 0x000000008e200000, 0x000000008e100000| Complete 
| 194|0x000000008e200000, 0x000000008e300000, 0x000000008e300000|100%|HC|  |TAMS 0x000000008e300000, 0x000000008e200000| Complete 
| 195|0x000000008e300000, 0x000000008e400000, 0x000000008e400000|100%|HC|  |TAMS 0x000000008e400000, 0x000000008e300000| Complete 
| 196|0x000000008e400000, 0x000000008e500000, 0x000000008e500000|100%|HC|  |TAMS 0x000000008e500000, 0x000000008e400000| Complete 
| 197|0x000000008e500000, 0x000000008e600000, 0x000000008e600000|100%|HC|  |TAMS 0x000000008e600000, 0x000000008e500000| Complete 
| 198|0x000000008e600000, 0x000000008e700000, 0x000000008e700000|100%|HC|  |TAMS 0x000000008e700000, 0x000000008e600000| Complete 
| 199|0x000000008e700000, 0x000000008e800000, 0x000000008e800000|100%|HC|  |TAMS 0x000000008e800000, 0x000000008e700000| Complete 
| 200|0x000000008e800000, 0x000000008e900000, 0x000000008e900000|100%|HC|  |TAMS 0x000000008e900000, 0x000000008e800000| Complete 
| 201|0x000000008e900000, 0x000000008ea00000, 0x000000008ea00000|100%|HC|  |TAMS 0x000000008ea00000, 0x000000008e900000| Complete 
| 202|0x000000008ea00000, 0x000000008eb00000, 0x000000008eb00000|100%|HS|  |TAMS 0x000000008ea00000, 0x000000008ea00000| Complete 
| 203|0x000000008eb00000, 0x000000008ec00000, 0x000000008ec00000|100%|HC|  |TAMS 0x000000008eb00000, 0x000000008eb00000| Complete 
| 204|0x000000008ec00000, 0x000000008ed00000, 0x000000008ed00000|100%|HC|  |TAMS 0x000000008ec00000, 0x000000008ec00000| Complete 
| 205|0x000000008ed00000, 0x000000008ee00000, 0x000000008ee00000|100%|HC|  |TAMS 0x000000008ed00000, 0x000000008ed00000| Complete 
| 206|0x000000008ee00000, 0x000000008ef00000, 0x000000008ef00000|100%|HC|  |TAMS 0x000000008ee00000, 0x000000008ee00000| Complete 
| 207|0x000000008ef00000, 0x000000008f000000, 0x000000008f000000|100%|HC|  |TAMS 0x000000008ef00000, 0x000000008ef00000| Complete 
| 208|0x000000008f000000, 0x000000008f100000, 0x000000008f100000|100%|HC|  |TAMS 0x000000008f000000, 0x000000008f000000| Complete 
| 209|0x000000008f100000, 0x000000008f200000, 0x000000008f200000|100%|HC|  |TAMS 0x000000008f100000, 0x000000008f100000| Complete 
| 210|0x000000008f200000, 0x000000008f300000, 0x000000008f300000|100%|HC|  |TAMS 0x000000008f200000, 0x000000008f200000| Complete 
| 211|0x000000008f300000, 0x000000008f400000, 0x000000008f400000|100%|HC|  |TAMS 0x000000008f300000, 0x000000008f300000| Complete 
| 212|0x000000008f400000, 0x000000008f500000, 0x000000008f500000|100%|HC|  |TAMS 0x000000008f400000, 0x000000008f400000| Complete 
| 213|0x000000008f500000, 0x000000008f600000, 0x000000008f600000|100%|HC|  |TAMS 0x000000008f500000, 0x000000008f500000| Complete 
| 214|0x000000008f600000, 0x000000008f700000, 0x000000008f700000|100%|HC|  |TAMS 0x000000008f600000, 0x000000008f600000| Complete 
| 215|0x000000008f700000, 0x000000008f800000, 0x000000008f800000|100%|HC|  |TAMS 0x000000008f700000, 0x000000008f700000| Complete 
| 216|0x000000008f800000, 0x000000008f900000, 0x000000008f900000|100%|HC|  |TAMS 0x000000008f800000, 0x000000008f800000| Complete 
| 217|0x000000008f900000, 0x000000008fa00000, 0x000000008fa00000|100%|HC|  |TAMS 0x000000008f900000, 0x000000008f900000| Complete 
| 218|0x000000008fa00000, 0x000000008fb00000, 0x000000008fb00000|100%|HC|  |TAMS 0x000000008fa00000, 0x000000008fa00000| Complete 
| 219|0x000000008fb00000, 0x000000008fc00000, 0x000000008fc00000|100%|HC|  |TAMS 0x000000008fb00000, 0x000000008fb00000| Complete 
| 220|0x000000008fc00000, 0x000000008fd00000, 0x000000008fd00000|100%|HC|  |TAMS 0x000000008fc00000, 0x000000008fc00000| Complete 
| 221|0x000000008fd00000, 0x000000008fe00000, 0x000000008fe00000|100%|HC|  |TAMS 0x000000008fd00000, 0x000000008fd00000| Complete 
| 222|0x000000008fe00000, 0x000000008ff00000, 0x000000008ff00000|100%|HC|  |TAMS 0x000000008fe00000, 0x000000008fe00000| Complete 
| 223|0x000000008ff00000, 0x0000000090000000, 0x0000000090000000|100%|HC|  |TAMS 0x000000008ff00000, 0x000000008ff00000| Complete 
| 224|0x0000000090000000, 0x0000000090100000, 0x0000000090100000|100%|HC|  |TAMS 0x0000000090000000, 0x0000000090000000| Complete 
| 225|0x0000000090100000, 0x0000000090200000, 0x0000000090200000|100%|HC|  |TAMS 0x0000000090100000, 0x0000000090100000| Complete 
| 226|0x0000000090200000, 0x0000000090300000, 0x0000000090300000|100%|HC|  |TAMS 0x0000000090200000, 0x0000000090200000| Complete 
| 227|0x0000000090300000, 0x0000000090400000, 0x0000000090400000|100%|HC|  |TAMS 0x0000000090300000, 0x0000000090300000| Complete 
| 228|0x0000000090400000, 0x0000000090500000, 0x0000000090500000|100%|HC|  |TAMS 0x0000000090400000, 0x0000000090400000| Complete 
| 229|0x0000000090500000, 0x0000000090600000, 0x0000000090600000|100%|HC|  |TAMS 0x0000000090500000, 0x0000000090500000| Complete 
| 230|0x0000000090600000, 0x0000000090700000, 0x0000000090700000|100%|HC|  |TAMS 0x0000000090600000, 0x0000000090600000| Complete 
| 231|0x0000000090700000, 0x0000000090800000, 0x0000000090800000|100%|HC|  |TAMS 0x0000000090700000, 0x0000000090700000| Complete 
| 232|0x0000000090800000, 0x0000000090900000, 0x0000000090900000|100%|HC|  |TAMS 0x0000000090800000, 0x0000000090800000| Complete 
| 233|0x0000000090900000, 0x0000000090a00000, 0x0000000090a00000|100%|HC|  |TAMS 0x0000000090900000, 0x0000000090900000| Complete 
| 234|0x0000000090a00000, 0x0000000090b00000, 0x0000000090b00000|100%|HC|  |TAMS 0x0000000090a00000, 0x0000000090a00000| Complete 
| 235|0x0000000090b00000, 0x0000000090c00000, 0x0000000090c00000|100%|HC|  |TAMS 0x0000000090b00000, 0x0000000090b00000| Complete 
| 236|0x0000000090c00000, 0x0000000090d00000, 0x0000000090d00000|100%|HC|  |TAMS 0x0000000090c00000, 0x0000000090c00000| Complete 
| 237|0x0000000090d00000, 0x0000000090e00000, 0x0000000090e00000|100%|HC|  |TAMS 0x0000000090d00000, 0x0000000090d00000| Complete 
| 238|0x0000000090e00000, 0x0000000090f00000, 0x0000000090f00000|100%|HC|  |TAMS 0x0000000090e00000, 0x0000000090e00000| Complete 
| 239|0x0000000090f00000, 0x0000000091000000, 0x0000000091000000|100%|HC|  |TAMS 0x0000000090f00000, 0x0000000090f00000| Complete 
| 240|0x0000000091000000, 0x0000000091100000, 0x0000000091100000|100%|HC|  |TAMS 0x0000000091000000, 0x0000000091000000| Complete 
| 241|0x0000000091100000, 0x0000000091200000, 0x0000000091200000|100%|HC|  |TAMS 0x0000000091100000, 0x0000000091100000| Complete 
| 242|0x0000000091200000, 0x0000000091300000, 0x0000000091300000|100%|HC|  |TAMS 0x0000000091200000, 0x0000000091200000| Complete 
| 243|0x0000000091300000, 0x0000000091400000, 0x0000000091400000|100%|HC|  |TAMS 0x0000000091300000, 0x0000000091300000| Complete 
| 244|0x0000000091400000, 0x0000000091500000, 0x0000000091500000|100%|HC|  |TAMS 0x0000000091400000, 0x0000000091400000| Complete 
| 245|0x0000000091500000, 0x0000000091600000, 0x0000000091600000|100%|HC|  |TAMS 0x0000000091500000, 0x0000000091500000| Complete 
| 246|0x0000000091600000, 0x0000000091700000, 0x0000000091700000|100%|HC|  |TAMS 0x0000000091600000, 0x0000000091600000| Complete 
| 247|0x0000000091700000, 0x0000000091800000, 0x0000000091800000|100%|HC|  |TAMS 0x0000000091700000, 0x0000000091700000| Complete 
| 248|0x0000000091800000, 0x0000000091900000, 0x0000000091900000|100%|HC|  |TAMS 0x0000000091800000, 0x0000000091800000| Complete 
| 249|0x0000000091900000, 0x0000000091a00000, 0x0000000091a00000|100%|HC|  |TAMS 0x0000000091900000, 0x0000000091900000| Complete 
| 250|0x0000000091a00000, 0x0000000091b00000, 0x0000000091b00000|100%|HC|  |TAMS 0x0000000091a00000, 0x0000000091a00000| Complete 
| 251|0x0000000091b00000, 0x0000000091c00000, 0x0000000091c00000|100%|HC|  |TAMS 0x0000000091b00000, 0x0000000091b00000| Complete 
| 252|0x0000000091c00000, 0x0000000091d00000, 0x0000000091d00000|100%|HC|  |TAMS 0x0000000091c00000, 0x0000000091c00000| Complete 
| 253|0x0000000091d00000, 0x0000000091e00000, 0x0000000091e00000|100%|HC|  |TAMS 0x0000000091d00000, 0x0000000091d00000| Complete 
| 254|0x0000000091e00000, 0x0000000091f00000, 0x0000000091f00000|100%|HC|  |TAMS 0x0000000091e00000, 0x0000000091e00000| Complete 
| 255|0x0000000091f00000, 0x0000000092000000, 0x0000000092000000|100%|HC|  |TAMS 0x0000000091f00000, 0x0000000091f00000| Complete 
| 256|0x0000000092000000, 0x0000000092100000, 0x0000000092100000|100%|HC|  |TAMS 0x0000000092000000, 0x0000000092000000| Complete 
| 257|0x0000000092100000, 0x0000000092200000, 0x0000000092200000|100%|HC|  |TAMS 0x0000000092100000, 0x0000000092100000| Complete 
| 258|0x0000000092200000, 0x0000000092300000, 0x0000000092300000|100%|HC|  |TAMS 0x0000000092200000, 0x0000000092200000| Complete 
| 259|0x0000000092300000, 0x0000000092400000, 0x0000000092400000|100%|HC|  |TAMS 0x0000000092300000, 0x0000000092300000| Complete 
| 260|0x0000000092400000, 0x0000000092500000, 0x0000000092500000|100%|HC|  |TAMS 0x0000000092400000, 0x0000000092400000| Complete 
| 261|0x0000000092500000, 0x0000000092600000, 0x0000000092600000|100%|HC|  |TAMS 0x0000000092500000, 0x0000000092500000| Complete 
| 262|0x0000000092600000, 0x0000000092700000, 0x0000000092700000|100%|HC|  |TAMS 0x0000000092600000, 0x0000000092600000| Complete 
| 263|0x0000000092700000, 0x0000000092800000, 0x0000000092800000|100%|HC|  |TAMS 0x0000000092700000, 0x0000000092700000| Complete 
| 264|0x0000000092800000, 0x0000000092900000, 0x0000000092900000|100%|HC|  |TAMS 0x0000000092800000, 0x0000000092800000| Complete 
| 265|0x0000000092900000, 0x0000000092a00000, 0x0000000092a00000|100%|HC|  |TAMS 0x0000000092900000, 0x0000000092900000| Complete 
| 266|0x0000000092a00000, 0x0000000092b00000, 0x0000000092b00000|100%|HC|  |TAMS 0x0000000092a00000, 0x0000000092a00000| Complete 
| 267|0x0000000092b00000, 0x0000000092c00000, 0x0000000092c00000|100%|HC|  |TAMS 0x0000000092b00000, 0x0000000092b00000| Complete 
| 268|0x0000000092c00000, 0x0000000092d00000, 0x0000000092d00000|100%|HC|  |TAMS 0x0000000092c00000, 0x0000000092c00000| Complete 
| 269|0x0000000092d00000, 0x0000000092e00000, 0x0000000092e00000|100%|HC|  |TAMS 0x0000000092d00000, 0x0000000092d00000| Complete 
| 270|0x0000000092e00000, 0x0000000092f00000, 0x0000000092f00000|100%|HC|  |TAMS 0x0000000092e00000, 0x0000000092e00000| Complete 
| 271|0x0000000092f00000, 0x0000000093000000, 0x0000000093000000|100%|HC|  |TAMS 0x0000000092f00000, 0x0000000092f00000| Complete 
| 272|0x0000000093000000, 0x0000000093100000, 0x0000000093100000|100%|HC|  |TAMS 0x0000000093000000, 0x0000000093000000| Complete 
| 273|0x0000000093100000, 0x0000000093200000, 0x0000000093200000|100%|HC|  |TAMS 0x0000000093100000, 0x0000000093100000| Complete 
| 274|0x0000000093200000, 0x0000000093300000, 0x0000000093300000|100%|HC|  |TAMS 0x0000000093200000, 0x0000000093200000| Complete 
| 275|0x0000000093300000, 0x0000000093400000, 0x0000000093400000|100%|HC|  |TAMS 0x0000000093300000, 0x0000000093300000| Complete 
| 276|0x0000000093400000, 0x0000000093500000, 0x0000000093500000|100%|HC|  |TAMS 0x0000000093400000, 0x0000000093400000| Complete 
| 277|0x0000000093500000, 0x0000000093600000, 0x0000000093600000|100%|HC|  |TAMS 0x0000000093500000, 0x0000000093500000| Complete 
| 278|0x0000000093600000, 0x0000000093700000, 0x0000000093700000|100%|HC|  |TAMS 0x0000000093600000, 0x0000000093600000| Complete 
| 279|0x0000000093700000, 0x0000000093800000, 0x0000000093800000|100%|HC|  |TAMS 0x0000000093700000, 0x0000000093700000| Complete 
| 280|0x0000000093800000, 0x0000000093800000, 0x0000000093900000|  0%| F|  |TAMS 0x0000000093800000, 0x0000000093800000| Untracked 
| 281|0x0000000093900000, 0x0000000093a00000, 0x0000000093a00000|100%|HS|  |TAMS 0x0000000093a00000, 0x0000000093900000| Complete 
| 282|0x0000000093a00000, 0x0000000093b00000, 0x0000000093b00000|100%|HC|  |TAMS 0x0000000093b00000, 0x0000000093a00000| Complete 
| 283|0x0000000093b00000, 0x0000000093c00000, 0x0000000093c00000|100%|HC|  |TAMS 0x0000000093c00000, 0x0000000093b00000| Complete 
| 284|0x0000000093c00000, 0x0000000093d00000, 0x0000000093d00000|100%|HC|  |TAMS 0x0000000093d00000, 0x0000000093c00000| Complete 
| 285|0x0000000093d00000, 0x0000000093e00000, 0x0000000093e00000|100%|HC|  |TAMS 0x0000000093e00000, 0x0000000093d00000| Complete 
| 286|0x0000000093e00000, 0x0000000093f00000, 0x0000000093f00000|100%|HC|  |TAMS 0x0000000093f00000, 0x0000000093e00000| Complete 
| 287|0x0000000093f00000, 0x0000000094000000, 0x0000000094000000|100%|HC|  |TAMS 0x0000000094000000, 0x0000000093f00000| Complete 
| 288|0x0000000094000000, 0x0000000094100000, 0x0000000094100000|100%|HC|  |TAMS 0x0000000094100000, 0x0000000094000000| Complete 
| 289|0x0000000094100000, 0x0000000094200000, 0x0000000094200000|100%|HC|  |TAMS 0x0000000094200000, 0x0000000094100000| Complete 
| 290|0x0000000094200000, 0x0000000094300000, 0x0000000094300000|100%|HC|  |TAMS 0x0000000094300000, 0x0000000094200000| Complete 
| 291|0x0000000094300000, 0x0000000094400000, 0x0000000094400000|100%|HC|  |TAMS 0x0000000094400000, 0x0000000094300000| Complete 
| 292|0x0000000094400000, 0x0000000094500000, 0x0000000094500000|100%|HC|  |TAMS 0x0000000094500000, 0x0000000094400000| Complete 
| 293|0x0000000094500000, 0x0000000094600000, 0x0000000094600000|100%|HC|  |TAMS 0x0000000094600000, 0x0000000094500000| Complete 
| 294|0x0000000094600000, 0x0000000094700000, 0x0000000094700000|100%|HC|  |TAMS 0x0000000094700000, 0x0000000094600000| Complete 
| 295|0x0000000094700000, 0x0000000094800000, 0x0000000094800000|100%|HC|  |TAMS 0x0000000094800000, 0x0000000094700000| Complete 
| 296|0x0000000094800000, 0x0000000094900000, 0x0000000094900000|100%|HC|  |TAMS 0x0000000094900000, 0x0000000094800000| Complete 
| 297|0x0000000094900000, 0x0000000094a00000, 0x0000000094a00000|100%|HC|  |TAMS 0x0000000094a00000, 0x0000000094900000| Complete 
| 298|0x0000000094a00000, 0x0000000094b00000, 0x0000000094b00000|100%|HC|  |TAMS 0x0000000094b00000, 0x0000000094a00000| Complete 
| 299|0x0000000094b00000, 0x0000000094c00000, 0x0000000094c00000|100%|HC|  |TAMS 0x0000000094c00000, 0x0000000094b00000| Complete 
| 300|0x0000000094c00000, 0x0000000094d00000, 0x0000000094d00000|100%|HC|  |TAMS 0x0000000094d00000, 0x0000000094c00000| Complete 
| 301|0x0000000094d00000, 0x0000000094e00000, 0x0000000094e00000|100%|HC|  |TAMS 0x0000000094e00000, 0x0000000094d00000| Complete 
| 302|0x0000000094e00000, 0x0000000094f00000, 0x0000000094f00000|100%|HC|  |TAMS 0x0000000094f00000, 0x0000000094e00000| Complete 
| 303|0x0000000094f00000, 0x0000000095000000, 0x0000000095000000|100%|HC|  |TAMS 0x0000000095000000, 0x0000000094f00000| Complete 
| 304|0x0000000095000000, 0x0000000095100000, 0x0000000095100000|100%|HC|  |TAMS 0x0000000095100000, 0x0000000095000000| Complete 
| 305|0x0000000095100000, 0x0000000095200000, 0x0000000095200000|100%|HC|  |TAMS 0x0000000095200000, 0x0000000095100000| Complete 
| 306|0x0000000095200000, 0x0000000095300000, 0x0000000095300000|100%|HC|  |TAMS 0x0000000095300000, 0x0000000095200000| Complete 
| 307|0x0000000095300000, 0x0000000095400000, 0x0000000095400000|100%|HC|  |TAMS 0x0000000095400000, 0x0000000095300000| Complete 
| 308|0x0000000095400000, 0x0000000095500000, 0x0000000095500000|100%|HC|  |TAMS 0x0000000095500000, 0x0000000095400000| Complete 
| 309|0x0000000095500000, 0x0000000095600000, 0x0000000095600000|100%|HC|  |TAMS 0x0000000095600000, 0x0000000095500000| Complete 
| 310|0x0000000095600000, 0x0000000095700000, 0x0000000095700000|100%|HC|  |TAMS 0x0000000095700000, 0x0000000095600000| Complete 
| 311|0x0000000095700000, 0x0000000095800000, 0x0000000095800000|100%|HC|  |TAMS 0x0000000095800000, 0x0000000095700000| Complete 
| 312|0x0000000095800000, 0x0000000095900000, 0x0000000095900000|100%|HC|  |TAMS 0x0000000095900000, 0x0000000095800000| Complete 
| 313|0x0000000095900000, 0x0000000095a00000, 0x0000000095a00000|100%|HC|  |TAMS 0x0000000095a00000, 0x0000000095900000| Complete 
| 314|0x0000000095a00000, 0x0000000095b00000, 0x0000000095b00000|100%|HC|  |TAMS 0x0000000095b00000, 0x0000000095a00000| Complete 
| 315|0x0000000095b00000, 0x0000000095c00000, 0x0000000095c00000|100%|HC|  |TAMS 0x0000000095c00000, 0x0000000095b00000| Complete 
| 316|0x0000000095c00000, 0x0000000095d00000, 0x0000000095d00000|100%|HC|  |TAMS 0x0000000095d00000, 0x0000000095c00000| Complete 
| 317|0x0000000095d00000, 0x0000000095e00000, 0x0000000095e00000|100%|HC|  |TAMS 0x0000000095e00000, 0x0000000095d00000| Complete 
| 318|0x0000000095e00000, 0x0000000095f00000, 0x0000000095f00000|100%|HC|  |TAMS 0x0000000095f00000, 0x0000000095e00000| Complete 
| 319|0x0000000095f00000, 0x0000000096000000, 0x0000000096000000|100%|HC|  |TAMS 0x0000000096000000, 0x0000000095f00000| Complete 
| 320|0x0000000096000000, 0x0000000096100000, 0x0000000096100000|100%|HC|  |TAMS 0x0000000096100000, 0x0000000096000000| Complete 
| 321|0x0000000096100000, 0x0000000096200000, 0x0000000096200000|100%|HC|  |TAMS 0x0000000096200000, 0x0000000096100000| Complete 
| 322|0x0000000096200000, 0x0000000096300000, 0x0000000096300000|100%|HC|  |TAMS 0x0000000096300000, 0x0000000096200000| Complete 
| 323|0x0000000096300000, 0x0000000096400000, 0x0000000096400000|100%|HC|  |TAMS 0x0000000096400000, 0x0000000096300000| Complete 
| 324|0x0000000096400000, 0x0000000096500000, 0x0000000096500000|100%|HC|  |TAMS 0x0000000096500000, 0x0000000096400000| Complete 
| 325|0x0000000096500000, 0x0000000096600000, 0x0000000096600000|100%|HC|  |TAMS 0x0000000096600000, 0x0000000096500000| Complete 
| 326|0x0000000096600000, 0x0000000096700000, 0x0000000096700000|100%|HC|  |TAMS 0x0000000096700000, 0x0000000096600000| Complete 
| 327|0x0000000096700000, 0x0000000096800000, 0x0000000096800000|100%|HC|  |TAMS 0x0000000096800000, 0x0000000096700000| Complete 
| 328|0x0000000096800000, 0x0000000096900000, 0x0000000096900000|100%|HC|  |TAMS 0x0000000096900000, 0x0000000096800000| Complete 
| 329|0x0000000096900000, 0x0000000096a00000, 0x0000000096a00000|100%|HC|  |TAMS 0x0000000096a00000, 0x0000000096900000| Complete 
| 330|0x0000000096a00000, 0x0000000096b00000, 0x0000000096b00000|100%|HC|  |TAMS 0x0000000096b00000, 0x0000000096a00000| Complete 
| 331|0x0000000096b00000, 0x0000000096c00000, 0x0000000096c00000|100%|HC|  |TAMS 0x0000000096c00000, 0x0000000096b00000| Complete 
| 332|0x0000000096c00000, 0x0000000096d00000, 0x0000000096d00000|100%|HC|  |TAMS 0x0000000096d00000, 0x0000000096c00000| Complete 
| 333|0x0000000096d00000, 0x0000000096e00000, 0x0000000096e00000|100%|HC|  |TAMS 0x0000000096e00000, 0x0000000096d00000| Complete 
| 334|0x0000000096e00000, 0x0000000096f00000, 0x0000000096f00000|100%|HC|  |TAMS 0x0000000096f00000, 0x0000000096e00000| Complete 
| 335|0x0000000096f00000, 0x0000000097000000, 0x0000000097000000|100%|HC|  |TAMS 0x0000000097000000, 0x0000000096f00000| Complete 
| 336|0x0000000097000000, 0x0000000097100000, 0x0000000097100000|100%|HC|  |TAMS 0x0000000097100000, 0x0000000097000000| Complete 
| 337|0x0000000097100000, 0x0000000097200000, 0x0000000097200000|100%|HC|  |TAMS 0x0000000097200000, 0x0000000097100000| Complete 
| 338|0x0000000097200000, 0x0000000097300000, 0x0000000097300000|100%|HC|  |TAMS 0x0000000097300000, 0x0000000097200000| Complete 
| 339|0x0000000097300000, 0x0000000097400000, 0x0000000097400000|100%|HC|  |TAMS 0x0000000097400000, 0x0000000097300000| Complete 
| 340|0x0000000097400000, 0x0000000097500000, 0x0000000097500000|100%|HC|  |TAMS 0x0000000097500000, 0x0000000097400000| Complete 
| 341|0x0000000097500000, 0x0000000097600000, 0x0000000097600000|100%|HC|  |TAMS 0x0000000097600000, 0x0000000097500000| Complete 
| 342|0x0000000097600000, 0x0000000097700000, 0x0000000097700000|100%|HC|  |TAMS 0x0000000097700000, 0x0000000097600000| Complete 
| 343|0x0000000097700000, 0x0000000097800000, 0x0000000097800000|100%|HC|  |TAMS 0x0000000097800000, 0x0000000097700000| Complete 
| 344|0x0000000097800000, 0x0000000097900000, 0x0000000097900000|100%|HC|  |TAMS 0x0000000097900000, 0x0000000097800000| Complete 
| 345|0x0000000097900000, 0x0000000097a00000, 0x0000000097a00000|100%|HC|  |TAMS 0x0000000097a00000, 0x0000000097900000| Complete 
| 346|0x0000000097a00000, 0x0000000097b00000, 0x0000000097b00000|100%|HC|  |TAMS 0x0000000097b00000, 0x0000000097a00000| Complete 
| 347|0x0000000097b00000, 0x0000000097c00000, 0x0000000097c00000|100%|HC|  |TAMS 0x0000000097c00000, 0x0000000097b00000| Complete 
| 348|0x0000000097c00000, 0x0000000097d00000, 0x0000000097d00000|100%|HC|  |TAMS 0x0000000097d00000, 0x0000000097c00000| Complete 
| 349|0x0000000097d00000, 0x0000000097e00000, 0x0000000097e00000|100%|HC|  |TAMS 0x0000000097e00000, 0x0000000097d00000| Complete 
| 350|0x0000000097e00000, 0x0000000097f00000, 0x0000000097f00000|100%|HC|  |TAMS 0x0000000097f00000, 0x0000000097e00000| Complete 
| 351|0x0000000097f00000, 0x0000000098000000, 0x0000000098000000|100%|HC|  |TAMS 0x0000000098000000, 0x0000000097f00000| Complete 
| 352|0x0000000098000000, 0x0000000098100000, 0x0000000098100000|100%|HC|  |TAMS 0x0000000098100000, 0x0000000098000000| Complete 
| 353|0x0000000098100000, 0x0000000098200000, 0x0000000098200000|100%|HC|  |TAMS 0x0000000098200000, 0x0000000098100000| Complete 
| 354|0x0000000098200000, 0x0000000098300000, 0x0000000098300000|100%|HC|  |TAMS 0x0000000098300000, 0x0000000098200000| Complete 
| 355|0x0000000098300000, 0x0000000098400000, 0x0000000098400000|100%|HC|  |TAMS 0x0000000098400000, 0x0000000098300000| Complete 
| 356|0x0000000098400000, 0x0000000098500000, 0x0000000098500000|100%|HC|  |TAMS 0x0000000098500000, 0x0000000098400000| Complete 
| 357|0x0000000098500000, 0x0000000098600000, 0x0000000098600000|100%|HC|  |TAMS 0x0000000098600000, 0x0000000098500000| Complete 
| 358|0x0000000098600000, 0x0000000098700000, 0x0000000098700000|100%|HC|  |TAMS 0x0000000098700000, 0x0000000098600000| Complete 
| 359|0x0000000098700000, 0x0000000098700000, 0x0000000098800000|  0%| F|  |TAMS 0x0000000098700000, 0x0000000098700000| Untracked 
| 360|0x0000000098800000, 0x0000000098800000, 0x0000000098900000|  0%| F|  |TAMS 0x0000000098800000, 0x0000000098800000| Untracked 
| 361|0x0000000098900000, 0x0000000098900000, 0x0000000098a00000|  0%| F|  |TAMS 0x0000000098900000, 0x0000000098900000| Untracked 
| 362|0x0000000098a00000, 0x0000000098a00000, 0x0000000098b00000|  0%| F|  |TAMS 0x0000000098a00000, 0x0000000098a00000| Untracked 
| 363|0x0000000098b00000, 0x0000000098b00000, 0x0000000098c00000|  0%| F|  |TAMS 0x0000000098b00000, 0x0000000098b00000| Untracked 
| 364|0x0000000098c00000, 0x0000000098c00000, 0x0000000098d00000|  0%| F|  |TAMS 0x0000000098c00000, 0x0000000098c00000| Untracked 
| 365|0x0000000098d00000, 0x0000000098d00000, 0x0000000098e00000|  0%| F|  |TAMS 0x0000000098d00000, 0x0000000098d00000| Untracked 
| 366|0x0000000098e00000, 0x0000000098e00000, 0x0000000098f00000|  0%| F|  |TAMS 0x0000000098e00000, 0x0000000098e00000| Untracked 
| 367|0x0000000098f00000, 0x0000000098f00000, 0x0000000099000000|  0%| F|  |TAMS 0x0000000098f00000, 0x0000000098f00000| Untracked 
| 368|0x0000000099000000, 0x0000000099000000, 0x0000000099100000|  0%| F|  |TAMS 0x0000000099000000, 0x0000000099000000| Untracked 
| 369|0x0000000099100000, 0x0000000099100000, 0x0000000099200000|  0%| F|  |TAMS 0x0000000099100000, 0x0000000099100000| Untracked 
| 370|0x0000000099200000, 0x0000000099200000, 0x0000000099300000|  0%| F|  |TAMS 0x0000000099200000, 0x0000000099200000| Untracked 
| 371|0x0000000099300000, 0x0000000099300000, 0x0000000099400000|  0%| F|  |TAMS 0x0000000099300000, 0x0000000099300000| Untracked 
| 372|0x0000000099400000, 0x0000000099400000, 0x0000000099500000|  0%| F|  |TAMS 0x0000000099400000, 0x0000000099400000| Untracked 
| 373|0x0000000099500000, 0x0000000099500000, 0x0000000099600000|  0%| F|  |TAMS 0x0000000099500000, 0x0000000099500000| Untracked 
| 374|0x0000000099600000, 0x0000000099600000, 0x0000000099700000|  0%| F|  |TAMS 0x0000000099600000, 0x0000000099600000| Untracked 
| 375|0x0000000099700000, 0x0000000099700000, 0x0000000099800000|  0%| F|  |TAMS 0x0000000099700000, 0x0000000099700000| Untracked 
| 376|0x0000000099800000, 0x0000000099800000, 0x0000000099900000|  0%| F|  |TAMS 0x0000000099800000, 0x0000000099800000| Untracked 
| 377|0x0000000099900000, 0x0000000099900000, 0x0000000099a00000|  0%| F|  |TAMS 0x0000000099900000, 0x0000000099900000| Untracked 
| 378|0x0000000099a00000, 0x0000000099a00000, 0x0000000099b00000|  0%| F|  |TAMS 0x0000000099a00000, 0x0000000099a00000| Untracked 
| 379|0x0000000099b00000, 0x0000000099b00000, 0x0000000099c00000|  0%| F|  |TAMS 0x0000000099b00000, 0x0000000099b00000| Untracked 
| 380|0x0000000099c00000, 0x0000000099c00000, 0x0000000099d00000|  0%| F|  |TAMS 0x0000000099c00000, 0x0000000099c00000| Untracked 
| 381|0x0000000099d00000, 0x0000000099d00000, 0x0000000099e00000|  0%| F|  |TAMS 0x0000000099d00000, 0x0000000099d00000| Untracked 
| 382|0x0000000099e00000, 0x0000000099e00000, 0x0000000099f00000|  0%| F|  |TAMS 0x0000000099e00000, 0x0000000099e00000| Untracked 
| 383|0x0000000099f00000, 0x0000000099f00000, 0x000000009a000000|  0%| F|  |TAMS 0x0000000099f00000, 0x0000000099f00000| Untracked 
| 384|0x000000009a000000, 0x000000009a000000, 0x000000009a100000|  0%| F|  |TAMS 0x000000009a000000, 0x000000009a000000| Untracked 
| 385|0x000000009a100000, 0x000000009a100000, 0x000000009a200000|  0%| F|  |TAMS 0x000000009a100000, 0x000000009a100000| Untracked 
| 386|0x000000009a200000, 0x000000009a200000, 0x000000009a300000|  0%| F|  |TAMS 0x000000009a200000, 0x000000009a200000| Untracked 
| 387|0x000000009a300000, 0x000000009a300000, 0x000000009a400000|  0%| F|  |TAMS 0x000000009a300000, 0x000000009a300000| Untracked 
| 388|0x000000009a400000, 0x000000009a400000, 0x000000009a500000|  0%| F|  |TAMS 0x000000009a400000, 0x000000009a400000| Untracked 
| 389|0x000000009a500000, 0x000000009a500000, 0x000000009a600000|  0%| F|  |TAMS 0x000000009a500000, 0x000000009a500000| Untracked 
| 390|0x000000009a600000, 0x000000009a600000, 0x000000009a700000|  0%| F|  |TAMS 0x000000009a600000, 0x000000009a600000| Untracked 
| 391|0x000000009a700000, 0x000000009a700000, 0x000000009a800000|  0%| F|  |TAMS 0x000000009a700000, 0x000000009a700000| Untracked 
| 392|0x000000009a800000, 0x000000009a800000, 0x000000009a900000|  0%| F|  |TAMS 0x000000009a800000, 0x000000009a800000| Untracked 
| 393|0x000000009a900000, 0x000000009a900000, 0x000000009aa00000|  0%| F|  |TAMS 0x000000009a900000, 0x000000009a900000| Untracked 
| 394|0x000000009aa00000, 0x000000009aa00000, 0x000000009ab00000|  0%| F|  |TAMS 0x000000009aa00000, 0x000000009aa00000| Untracked 
| 395|0x000000009ab00000, 0x000000009ab00000, 0x000000009ac00000|  0%| F|  |TAMS 0x000000009ab00000, 0x000000009ab00000| Untracked 
| 396|0x000000009ac00000, 0x000000009ac00000, 0x000000009ad00000|  0%| F|  |TAMS 0x000000009ac00000, 0x000000009ac00000| Untracked 
| 397|0x000000009ad00000, 0x000000009ad00000, 0x000000009ae00000|  0%| F|  |TAMS 0x000000009ad00000, 0x000000009ad00000| Untracked 
| 398|0x000000009ae00000, 0x000000009ae00000, 0x000000009af00000|  0%| F|  |TAMS 0x000000009ae00000, 0x000000009ae00000| Untracked 
| 399|0x000000009af00000, 0x000000009af00000, 0x000000009b000000|  0%| F|  |TAMS 0x000000009af00000, 0x000000009af00000| Untracked 
| 400|0x000000009b000000, 0x000000009b000000, 0x000000009b100000|  0%| F|  |TAMS 0x000000009b000000, 0x000000009b000000| Untracked 
| 401|0x000000009b100000, 0x000000009b100000, 0x000000009b200000|  0%| F|  |TAMS 0x000000009b100000, 0x000000009b100000| Untracked 
| 402|0x000000009b200000, 0x000000009b200000, 0x000000009b300000|  0%| F|  |TAMS 0x000000009b200000, 0x000000009b200000| Untracked 
| 403|0x000000009b300000, 0x000000009b300000, 0x000000009b400000|  0%| F|  |TAMS 0x000000009b300000, 0x000000009b300000| Untracked 
| 404|0x000000009b400000, 0x000000009b400000, 0x000000009b500000|  0%| F|  |TAMS 0x000000009b400000, 0x000000009b400000| Untracked 
| 405|0x000000009b500000, 0x000000009b500000, 0x000000009b600000|  0%| F|  |TAMS 0x000000009b500000, 0x000000009b500000| Untracked 
| 406|0x000000009b600000, 0x000000009b600000, 0x000000009b700000|  0%| F|  |TAMS 0x000000009b600000, 0x000000009b600000| Untracked 
| 407|0x000000009b700000, 0x000000009b700000, 0x000000009b800000|  0%| F|  |TAMS 0x000000009b700000, 0x000000009b700000| Untracked 
| 408|0x000000009b800000, 0x000000009b8a3740, 0x000000009b900000| 63%| S|CS|TAMS 0x000000009b800000, 0x000000009b800000| Complete 
| 409|0x000000009b900000, 0x000000009ba00000, 0x000000009ba00000|100%| S|CS|TAMS 0x000000009b900000, 0x000000009b900000| Complete 
| 410|0x000000009ba00000, 0x000000009bb00000, 0x000000009bb00000|100%| S|CS|TAMS 0x000000009ba00000, 0x000000009ba00000| Complete 
| 411|0x000000009bb00000, 0x000000009bb00000, 0x000000009bc00000|  0%| F|  |TAMS 0x000000009bb00000, 0x000000009bb00000| Untracked 

Card table byte_map: [0x000002612d7a0000,0x000002612db90000] _byte_map_base: 0x000002612d390000

Marking Bits (Prev, Next): (CMBitMap*) 0x0000026116b79eb0, (CMBitMap*) 0x0000026116b79ef0
 Prev Bits: [0x000002612df80000, 0x000002612ff00000)
 Next Bits: [0x000002612ff00000, 0x0000026131e80000)

Polling page: 0x0000026114a50000

Metaspace:

Usage:
  Non-class:     10.76 MB used.
      Class:      2.03 MB used.
       Both:     12.80 MB used.

Virtual space:
  Non-class space:       64.00 MB reserved,      10.88 MB ( 17%) committed,  1 nodes.
      Class space:        1.00 GB reserved,       2.19 MB ( <1%) committed,  1 nodes.
             Both:        1.06 GB reserved,      13.06 MB (  1%) committed. 

Chunk freelists:
   Non-Class:  3.55 MB
       Class:  13.86 MB
        Both:  17.41 MB

MaxMetaspaceSize: unlimited
CompressedClassSpaceSize: 1.00 GB
Initial GC threshold: 21.00 MB
Current GC threshold: 21.81 MB
CDS: on
MetaspaceReclaimPolicy: balanced
 - commit_granule_bytes: 65536.
 - commit_granule_words: 8192.
 - virtual_space_node_default_size: 8388608.
 - enlarge_chunks_in_place: 1.
 - new_chunks_are_fully_committed: 0.
 - uncommit_free_chunks: 1.
 - use_allocation_guard: 0.
 - handle_deallocations: 1.


Internal statistics:

num_allocs_failed_limit: 0.
num_arena_births: 148.
num_arena_deaths: 0.
num_vsnodes_births: 2.
num_vsnodes_deaths: 0.
num_space_committed: 209.
num_space_uncommitted: 0.
num_chunks_returned_to_freelist: 0.
num_chunks_taken_from_freelist: 594.
num_chunk_merges: 0.
num_chunk_splits: 425.
num_chunks_enlarged: 354.
num_purges: 0.
num_inconsistent_stats: 0.

CodeHeap 'non-profiled nmethods': size=120000Kb used=812Kb max_used=812Kb free=119187Kb
 bounds [0x0000026125e80000, 0x00000261260f0000, 0x000002612d3b0000]
CodeHeap 'profiled nmethods': size=120000Kb used=3678Kb max_used=3678Kb free=116321Kb
 bounds [0x000002611e3b0000, 0x000002611e750000, 0x00000261258e0000]
CodeHeap 'non-nmethods': size=5760Kb used=1404Kb max_used=1429Kb free=4355Kb
 bounds [0x00000261258e0000, 0x0000026125b50000, 0x0000026125e80000]
 total_blobs=2901 nmethods=2137 adapters=676
 compilation: enabled
              stopped_count=0, restarted_count=0
 full_count=0

Compilation events (20 events):
Event: 7.731 Thread 0x0000026134349930 2128  s    3       java.io.BufferedInputStream::read (113 bytes)
Event: 7.732 Thread 0x0000026134349930 nmethod 2128 0x000002611e744f10 code [0x000002611e745140, 0x000002611e745a18]
Event: 7.755 Thread 0x0000026134345380 2129       4       java.util.zip.InflaterInputStream::available (32 bytes)
Event: 7.758 Thread 0x0000026134345380 nmethod 2129 0x0000026125f46d10 code [0x0000026125f46ea0, 0x0000026125f470f8]
Event: 7.786 Thread 0x0000026134345380 2130 %     4       com.sun.javafx.iio.png.PNGImageLoader2::doUpFilter @ 6 (33 bytes)
Event: 7.788 Thread 0x0000026134345380 nmethod 2130% 0x0000026125f47290 code [0x0000026125f47420, 0x0000026125f475b8]
Event: 7.896 Thread 0x0000026134345380 2131       4       java.io.BufferedInputStream::read1 (108 bytes)
Event: 7.905 Thread 0x0000026134345380 nmethod 2131 0x0000026125f47710 code [0x0000026125f478c0, 0x0000026125f48158]
Event: 7.971 Thread 0x0000026134345380 2132  s    4       java.io.BufferedInputStream::read (113 bytes)
Event: 7.997 Thread 0x0000026134345380 nmethod 2132 0x0000026125f48590 code [0x0000026125f487a0, 0x0000026125f4a010]
Event: 8.265 Thread 0x0000026134345380 2133       4       com.sun.javafx.image.impl.BaseByteToByteConverter$FourByteReorderer::doConvert (138 bytes)
Event: 8.270 Thread 0x0000026134345380 nmethod 2133 0x0000026125f4aa90 code [0x0000026125f4ac20, 0x0000026125f4b058]
Event: 8.297 Thread 0x0000026134349930 2134       3       javafx.scene.Node::isTreeVisible (8 bytes)
Event: 8.298 Thread 0x0000026134349930 nmethod 2134 0x000002611e745c90 code [0x000002611e745e60, 0x000002611e746398]
Event: 8.298 Thread 0x0000026134349930 2136       3       javafx.scene.Node::isDisable (19 bytes)
Event: 8.298 Thread 0x0000026134349930 nmethod 2136 0x000002611e746590 code [0x000002611e746760, 0x000002611e746ba8]
Event: 8.299 Thread 0x0000026134349930 2135       3       javafx.scene.Node::treeVisibleProperty (24 bytes)
Event: 8.299 Thread 0x0000026134349930 nmethod 2135 0x000002611e746d10 code [0x000002611e746ee0, 0x000002611e747338]
Event: 8.299 Thread 0x0000026134349930 2137       3       javafx.beans.property.BooleanProperty::<init> (5 bytes)
Event: 8.299 Thread 0x0000026134349930 nmethod 2137 0x000002611e747490 code [0x000002611e747640, 0x000002611e747878]

GC Heap History (16 events):
Event: 0.600 GC heap before
{Heap before GC invocations=0 (full 0):
 garbage-first heap   total 129024K, used 13312K [0x0000000082000000, 0x0000000100000000)
  region size 1024K, 13 young (13312K), 0 survivors (0K)
 Metaspace       used 2480K, committed 2688K, reserved 1114112K
  class space    used 262K, committed 384K, reserved 1048576K
}
Event: 0.604 GC heap after
{Heap after GC invocations=1 (full 0):
 garbage-first heap   total 129024K, used 1901K [0x0000000082000000, 0x0000000100000000)
  region size 1024K, 2 young (2048K), 2 survivors (2048K)
 Metaspace       used 2480K, committed 2688K, reserved 1114112K
  class space    used 262K, committed 384K, reserved 1048576K
}
Event: 0.903 GC heap before
{Heap before GC invocations=1 (full 0):
 garbage-first heap   total 129024K, used 19309K [0x0000000082000000, 0x0000000100000000)
  region size 1024K, 19 young (19456K), 2 survivors (2048K)
 Metaspace       used 6007K, committed 6144K, reserved 1114112K
  class space    used 768K, committed 832K, reserved 1048576K
}
Event: 0.910 GC heap after
{Heap after GC invocations=2 (full 0):
 garbage-first heap   total 129024K, used 8196K [0x0000000082000000, 0x0000000100000000)
  region size 1024K, 3 young (3072K), 3 survivors (3072K)
 Metaspace       used 6007K, committed 6144K, reserved 1114112K
  class space    used 768K, committed 832K, reserved 1048576K
}
Event: 1.004 GC heap before
{Heap before GC invocations=2 (full 0):
 garbage-first heap   total 129024K, used 11268K [0x0000000082000000, 0x0000000100000000)
  region size 1024K, 7 young (7168K), 3 survivors (3072K)
 Metaspace       used 6934K, committed 7104K, reserved 1114112K
  class space    used 949K, committed 1024K, reserved 1048576K
}
Event: 1.007 GC heap after
{Heap after GC invocations=3 (full 0):
 garbage-first heap   total 129024K, used 8018K [0x0000000082000000, 0x0000000100000000)
  region size 1024K, 3 young (3072K), 3 survivors (3072K)
 Metaspace       used 6934K, committed 7104K, reserved 1114112K
  class space    used 949K, committed 1024K, reserved 1048576K
}
Event: 2.310 GC heap before
{Heap before GC invocations=3 (full 0):
 garbage-first heap   total 129024K, used 88914K [0x0000000082000000, 0x0000000100000000)
  region size 1024K, 5 young (5120K), 3 survivors (3072K)
 Metaspace       used 7261K, committed 7424K, reserved 1114112K
  class space    used 1026K, committed 1088K, reserved 1048576K
}
Event: 2.313 GC heap after
{Heap after GC invocations=4 (full 0):
 garbage-first heap   total 129024K, used 88009K [0x0000000082000000, 0x0000000100000000)
  region size 1024K, 3 young (3072K), 3 survivors (3072K)
 Metaspace       used 7261K, committed 7424K, reserved 1114112K
  class space    used 1026K, committed 1088K, reserved 1048576K
}
Event: 5.721 GC heap before
{Heap before GC invocations=5 (full 0):
 garbage-first heap   total 281600K, used 186313K [0x0000000082000000, 0x0000000100000000)
  region size 1024K, 22 young (22528K), 3 survivors (3072K)
 Metaspace       used 12503K, committed 12736K, reserved 1114112K
  class space    used 2029K, committed 2112K, reserved 1048576K
}
Event: 5.749 GC heap after
{Heap after GC invocations=6 (full 0):
 garbage-first heap   total 281600K, used 169451K [0x0000000082000000, 0x0000000100000000)
  region size 1024K, 2 young (2048K), 2 survivors (2048K)
 Metaspace       used 12503K, committed 12736K, reserved 1114112K
  class space    used 2029K, committed 2112K, reserved 1048576K
}
Event: 5.766 GC heap before
{Heap before GC invocations=6 (full 0):
 garbage-first heap   total 281600K, used 169451K [0x0000000082000000, 0x0000000100000000)
  region size 1024K, 3 young (3072K), 2 survivors (2048K)
 Metaspace       used 12632K, committed 12864K, reserved 1114112K
  class space    used 2038K, committed 2112K, reserved 1048576K
}
Event: 5.770 GC heap after
{Heap after GC invocations=7 (full 0):
 garbage-first heap   total 281600K, used 169839K [0x0000000082000000, 0x0000000100000000)
  region size 1024K, 3 young (3072K), 3 survivors (3072K)
 Metaspace       used 12632K, committed 12864K, reserved 1114112K
  class space    used 2038K, committed 2112K, reserved 1048576K
}
Event: 7.601 GC heap before
{Heap before GC invocations=8 (full 0):
 garbage-first heap   total 290816K, used 174959K [0x0000000082000000, 0x0000000100000000)
  region size 1024K, 7 young (7168K), 3 survivors (3072K)
 Metaspace       used 13101K, committed 13376K, reserved 1114112K
  class space    used 2082K, committed 2240K, reserved 1048576K
}
Event: 7.605 GC heap after
{Heap after GC invocations=9 (full 0):
 garbage-first heap   total 290816K, used 172089K [0x0000000082000000, 0x0000000100000000)
  region size 1024K, 3 young (3072K), 3 survivors (3072K)
 Metaspace       used 13101K, committed 13376K, reserved 1114112K
  class space    used 2082K, committed 2240K, reserved 1048576K
}
Event: 8.299 GC heap before
{Heap before GC invocations=10 (full 0):
 garbage-first heap   total 421888K, used 251961K [0x0000000082000000, 0x0000000100000000)
  region size 1024K, 4 young (4096K), 3 survivors (3072K)
 Metaspace       used 13103K, committed 13376K, reserved 1114112K
  class space    used 2082K, committed 2240K, reserved 1048576K
}
Event: 8.304 GC heap after
{Heap after GC invocations=11 (full 0):
 garbage-first heap   total 421888K, used 252081K [0x0000000082000000, 0x0000000100000000)
  region size 1024K, 3 young (3072K), 3 survivors (3072K)
 Metaspace       used 13103K, committed 13376K, reserved 1114112K
  class space    used 2082K, committed 2240K, reserved 1048576K
}

Deoptimization events (20 events):
Event: 5.918 Thread 0x0000026134802580 DEOPT PACKING pc=0x000002611e6e0f81 sp=0x00000085282fdcb0
Event: 5.918 Thread 0x0000026134802580 DEOPT UNPACKING pc=0x0000026125932b43 sp=0x00000085282fd118 mode 0
Event: 5.921 Thread 0x0000026134802580 DEOPT PACKING pc=0x000002611e6e0f81 sp=0x00000085282fdcb0
Event: 5.921 Thread 0x0000026134802580 DEOPT UNPACKING pc=0x0000026125932b43 sp=0x00000085282fd118 mode 0
Event: 5.923 Thread 0x0000026134802580 DEOPT PACKING pc=0x000002611e6e0f81 sp=0x00000085282fdcb0
Event: 5.923 Thread 0x0000026134802580 DEOPT UNPACKING pc=0x0000026125932b43 sp=0x00000085282fd118 mode 0
Event: 6.446 Thread 0x00000261348abdf0 Uncommon trap: trap_request=0xffffff45 fr.pc=0x0000026125f149e4 relative=0x00000000000002c4
Event: 6.446 Thread 0x00000261348abdf0 Uncommon trap: reason=unstable_if action=reinterpret pc=0x0000026125f149e4 method=java.util.WeakHashMap.expungeStaleEntries()V @ 9 c2
Event: 6.446 Thread 0x00000261348abdf0 DEOPT PACKING pc=0x0000026125f149e4 sp=0x00000085284fd220
Event: 6.446 Thread 0x00000261348abdf0 DEOPT UNPACKING pc=0x00000261259323a3 sp=0x00000085284fd1b8 mode 2
Event: 7.601 Thread 0x00000261348abdf0 Uncommon trap: trap_request=0xffffffde fr.pc=0x0000026125ef8058 relative=0x00000000000000b8
Event: 7.601 Thread 0x00000261348abdf0 Uncommon trap: reason=class_check action=maybe_recompile pc=0x0000026125ef8058 method=java.io.SequenceInputStream.read([BII)I @ 58 c2
Event: 7.601 Thread 0x00000261348abdf0 DEOPT PACKING pc=0x0000026125ef8058 sp=0x00000085284fcec0
Event: 7.601 Thread 0x00000261348abdf0 DEOPT UNPACKING pc=0x00000261259323a3 sp=0x00000085284fce40 mode 2
Event: 8.265 Thread 0x00000261348abdf0 DEOPT PACKING pc=0x000002611e58c69b sp=0x00000085284fd020
Event: 8.265 Thread 0x00000261348abdf0 DEOPT UNPACKING pc=0x0000026125932b43 sp=0x00000085284fc4b0 mode 0
Event: 8.299 Thread 0x00000261348abdf0 Uncommon trap: trap_request=0xffffffde fr.pc=0x0000026125ef8058 relative=0x00000000000000b8
Event: 8.299 Thread 0x00000261348abdf0 Uncommon trap: reason=class_check action=maybe_recompile pc=0x0000026125ef8058 method=java.io.SequenceInputStream.read([BII)I @ 58 c2
Event: 8.299 Thread 0x00000261348abdf0 DEOPT PACKING pc=0x0000026125ef8058 sp=0x00000085284fcec0
Event: 8.299 Thread 0x00000261348abdf0 DEOPT UNPACKING pc=0x00000261259323a3 sp=0x00000085284fce40 mode 2

Classes unloaded (0 events):
No events

Classes redefined (0 events):
No events

Internal exceptions (20 events):
Event: 0.707 Thread 0x00000261348abdf0 Exception <a 'java/lang/NullPointerException'{0x00000000897ab5b0}> (0x00000000897ab5b0) 
thrown [s\open\src\hotspot\share\interpreter\linkResolver.cpp, line 1350]
Event: 0.717 Thread 0x00000261348abdf0 Exception <a 'java/lang/ClassNotFoundException'{0x00000000896086f8}: com/sun/glass/ui/win/themes> (0x00000000896086f8) 
thrown [s\open\src\hotspot\share\prims\jni.cpp, line 535]
Event: 0.719 Thread 0x00000261348abdf0 Exception <a 'java/lang/ClassNotFoundException'{0x00000000896148e8}: com/sun/glass/ui/win/themes_en> (0x00000000896148e8) 
thrown [s\open\src\hotspot\share\prims\jni.cpp, line 535]
Event: 0.719 Thread 0x00000261348abdf0 Exception <a 'java/lang/ClassNotFoundException'{0x000000008961c678}: com/sun/glass/ui/win/themes_en_IN> (0x000000008961c678) 
thrown [s\open\src\hotspot\share\prims\jni.cpp, line 535]
Event: 0.902 Thread 0x00000261348abdf0 Exception <a 'java/lang/NoSuchMethodError'{0x0000000088bf73e8}: 'void java.lang.invoke.DirectMethodHandle$Holder.invokeStaticInit(java.lang.Object, java.lang.Object)'> (0x0000000088bf73e8) 
thrown [s\open\src\hotspot\share\interpreter\linkResolver.cpp, line 759]
Event: 0.919 Thread 0x00000261348abdf0 Exception <a 'java/lang/NoSuchMethodError'{0x0000000089d58c58}: 'void java.lang.invoke.DirectMethodHandle$Holder.invokeSpecial(java.lang.Object, java.lang.Object, java.lang.Object, java.lang.Object, java.lang.Object)'> (0x0000000089d58c58) 
thrown [s\open\src\hotspot\share\interpreter\linkResolver.cpp, line 759]
Event: 3.234 Thread 0x00000261348abdf0 Implicit null exception at 0x0000026125ec6be0 to 0x0000026125ec6c7a
Event: 3.241 Thread 0x00000261348abdf0 Implicit null exception at 0x0000026125ed218c to 0x0000026125ed25cc
Event: 3.246 Thread 0x00000261348abdf0 Implicit null exception at 0x0000026125ecc08e to 0x0000026125ecc4cc
Event: 3.530 Thread 0x00000261348abdf0 Exception <a 'java/lang/NoSuchMethodError'{0x0000000092beb210}: 'java.lang.Object java.lang.invoke.DirectMethodHandle$Holder.invokeInterface(java.lang.Object, java.lang.Object, java.lang.Object)'> (0x0000000092beb210) 
thrown [s\open\src\hotspot\share\interpreter\linkResolver.cpp, line 759]
Event: 3.532 Thread 0x00000261348abdf0 Exception <a 'java/lang/IncompatibleClassChangeError'{0x0000000092beeb98}: Found class java.lang.Object, but interface was expected> (0x0000000092beeb98) 
thrown [s\open\src\hotspot\share\interpreter\linkResolver.cpp, line 826]
Event: 3.619 Thread 0x00000261348abdf0 Exception <a 'java/lang/ClassNotFoundException'{0x000000009280e2c8}: com/sun/javafx/scene/control/skin/resources/controls> (0x000000009280e2c8) 
thrown [s\open\src\hotspot\share\prims\jni.cpp, line 535]
Event: 3.623 Thread 0x00000261348abdf0 Exception <a 'java/lang/ClassNotFoundException'{0x000000009281c6f8}: com/sun/javafx/scene/control/skin/resources/controls_en> (0x000000009281c6f8) 
thrown [s\open\src\hotspot\share\prims\jni.cpp, line 535]
Event: 3.623 Thread 0x00000261348abdf0 Exception <a 'java/lang/ClassNotFoundException'{0x000000009281edd0}: com/sun/javafx/scene/control/skin/resources/controls_en_IN> (0x000000009281edd0) 
thrown [s\open\src\hotspot\share\prims\jni.cpp, line 535]
Event: 3.973 Thread 0x00000261348abdf0 Exception <a 'java/lang/NoSuchMethodError'{0x0000000092248730}: 'java.lang.Object java.lang.invoke.DirectMethodHandle$Holder.newInvokeSpecial(java.lang.Object, java.lang.Object, int)'> (0x0000000092248730) 
thrown [s\open\src\hotspot\share\interpreter\linkResolver.cpp, line 759]
Event: 4.057 Thread 0x0000026134802580 Exception <a 'java/lang/NoSuchMethodError'{0x00000000922d6ab0}: 'int java.lang.invoke.DirectMethodHandle$Holder.invokeStaticInit(java.lang.Object, java.lang.Object)'> (0x00000000922d6ab0) 
thrown [s\open\src\hotspot\share\interpreter\linkResolver.cpp, line 759]
Event: 5.868 Thread 0x00000261348abdf0 Exception <a 'java/lang/NoSuchMethodError'{0x0000000093b29590}: 'long java.lang.invoke.DirectMethodHandle$Holder.invokeStatic(java.lang.Object, java.lang.Object, java.lang.Object)'> (0x0000000093b29590) 
thrown [s\open\src\hotspot\share\interpreter\linkResolver.cpp, line 759]
Event: 5.869 Thread 0x00000261348abdf0 Exception <a 'java/lang/NoSuchMethodError'{0x0000000093b2cd38}: 'long java.lang.invoke.DirectMethodHandle$Holder.invokeStaticInit(java.lang.Object, java.lang.Object, java.lang.Object)'> (0x0000000093b2cd38) 
thrown [s\open\src\hotspot\share\interpreter\linkResolver.cpp, line 759]
Event: 5.873 Thread 0x00000261348abdf0 Exception <a 'java/lang/NoSuchMethodError'{0x0000000093b44938}: 'java.lang.Object java.lang.invoke.DirectMethodHandle$Holder.newInvokeSpecial(java.lang.Object, java.lang.Object, long)'> (0x0000000093b44938) 
thrown [s\open\src\hotspot\share\interpreter\linkResolver.cpp, line 759]
Event: 5.873 Thread 0x00000261348abdf0 Exception <a 'java/lang/NoSuchMethodError'{0x0000000093b484a8}: 'java.lang.Object java.lang.invoke.Invokers$Holder.linkToTargetMethod(java.lang.Object, long, java.lang.Object)'> (0x0000000093b484a8) 
thrown [s\open\src\hotspot\share\interpreter\linkResolver.cpp, line 759]

VM Operations (20 events):
Event: 4.873 Executing VM operation: Cleanup done
Event: 5.721 Executing VM operation: G1CollectForAllocation
Event: 5.749 Executing VM operation: G1CollectForAllocation done
Event: 5.765 Executing VM operation: G1TryInitiateConcMark
Event: 5.770 Executing VM operation: G1TryInitiateConcMark done
Event: 5.789 Executing VM operation: G1Concurrent
Event: 5.799 Executing VM operation: G1Concurrent done
Event: 5.806 Executing VM operation: G1Concurrent
Event: 5.806 Executing VM operation: G1Concurrent done
Event: 6.806 Executing VM operation: Cleanup
Event: 6.806 Executing VM operation: Cleanup done
Event: 7.601 Executing VM operation: G1TryInitiateConcMark
Event: 7.606 Executing VM operation: G1TryInitiateConcMark done
Event: 7.623 Executing VM operation: G1Concurrent
Event: 7.723 Executing VM operation: G1Concurrent done
Event: 7.727 Executing VM operation: G1Concurrent
Event: 7.727 Executing VM operation: G1Concurrent done
Event: 8.299 Executing VM operation: G1TryInitiateConcMark
Event: 8.304 Executing VM operation: G1TryInitiateConcMark done
Event: 8.314 Executing VM operation: G1Concurrent

Events (20 events):
Event: 5.687 loading class jdk/internal/ref/CleanerImpl$InnocuousThreadFactory done
Event: 5.687 Thread 0x0000026100e50bf0 Thread added: 0x0000026100e50bf0
Event: 5.699 loading class jdk/internal/math/FDBigInteger
Event: 5.700 loading class jdk/internal/math/FDBigInteger done
Event: 5.706 loading class sun/misc/Unsafe
Event: 5.706 loading class sun/misc/Unsafe done
Event: 5.707 loading class jdk/internal/reflect/UnsafeFieldAccessorFactory
Event: 5.707 loading class jdk/internal/reflect/UnsafeFieldAccessorFactory done
Event: 5.708 loading class jdk/internal/reflect/UnsafeQualifiedStaticObjectFieldAccessorImpl
Event: 5.709 loading class jdk/internal/reflect/UnsafeQualifiedStaticFieldAccessorImpl
Event: 5.709 loading class jdk/internal/reflect/UnsafeQualifiedStaticFieldAccessorImpl done
Event: 5.709 loading class jdk/internal/reflect/UnsafeQualifiedStaticObjectFieldAccessorImpl done
Event: 5.884 loading class java/util/EnumMap$Values
Event: 5.884 loading class java/util/EnumMap$Values done
Event: 5.884 loading class java/util/EnumMap$ValueIterator
Event: 5.884 loading class java/util/EnumMap$EnumMapIterator
Event: 5.885 loading class java/util/EnumMap$EnumMapIterator done
Event: 5.885 loading class java/util/EnumMap$ValueIterator done
Event: 7.477 loading class java/io/UnsupportedEncodingException
Event: 7.478 loading class java/io/UnsupportedEncodingException done


Dynamic libraries:
0x00007ff79a260000 - 0x00007ff79a270000 	C:\Program Files\Java\jdk-17\bin\java.exe
0x00007fffb3c50000 - 0x00007fffb3e48000 	C:\Windows\SYSTEM32\ntdll.dll
0x00007fffb2800000 - 0x00007fffb28c2000 	C:\Windows\System32\KERNEL32.DLL
0x00007fffb1600000 - 0x00007fffb18f6000 	C:\Windows\System32\KERNELBASE.dll
0x00007fffb12e0000 - 0x00007fffb13e0000 	C:\Windows\System32\ucrtbase.dll
0x00007fffaae40000 - 0x00007fffaae59000 	C:\Program Files\Java\jdk-17\bin\jli.dll
0x00007fffb2260000 - 0x00007fffb2311000 	C:\Windows\System32\ADVAPI32.dll
0x00007fffb39b0000 - 0x00007fffb3a4e000 	C:\Windows\System32\msvcrt.dll
0x00007fffb21b0000 - 0x00007fffb224f000 	C:\Windows\System32\sechost.dll
0x00007fffab230000 - 0x00007fffab24b000 	C:\Program Files\Java\jdk-17\bin\VCRUNTIME140.dll
0x00007fffb28d0000 - 0x00007fffb29f3000 	C:\Windows\System32\RPCRT4.dll
0x00007fffb1470000 - 0x00007fffb1497000 	C:\Windows\System32\bcrypt.dll
0x00007fffb2a00000 - 0x00007fffb2b9d000 	C:\Windows\System32\USER32.dll
0x00007fffb15d0000 - 0x00007fffb15f2000 	C:\Windows\System32\win32u.dll
0x00007fff9f9f0000 - 0x00007fff9fc8a000 	C:\Windows\WinSxS\amd64_microsoft.windows.common-controls_6595b64144ccf1df_6.0.19041.5915_none_60b4b9d171f9c7c7\COMCTL32.dll
0x00007fffb2180000 - 0x00007fffb21ab000 	C:\Windows\System32\GDI32.dll
0x00007fffb1b00000 - 0x00007fffb1c19000 	C:\Windows\System32\gdi32full.dll
0x00007fffb1a60000 - 0x00007fffb1afd000 	C:\Windows\System32\msvcp_win.dll
0x00007fffa2740000 - 0x00007fffa274a000 	C:\Windows\SYSTEM32\VERSION.dll
0x00007fffb1d20000 - 0x00007fffb1d4f000 	C:\Windows\System32\IMM32.DLL
0x00007fffaaf10000 - 0x00007fffaaf1c000 	C:\Program Files\Java\jdk-17\bin\vcruntime140_1.dll
0x00007fff93f90000 - 0x00007fff9401e000 	C:\Program Files\Java\jdk-17\bin\msvcp140.dll
0x00007fff30c20000 - 0x00007fff317fe000 	C:\Program Files\Java\jdk-17\bin\server\jvm.dll
0x00007fffb3a50000 - 0x00007fffb3a58000 	C:\Windows\System32\PSAPI.DLL
0x00007fff9ffc0000 - 0x00007fff9ffc9000 	C:\Windows\SYSTEM32\WSOCK32.dll
0x00007fff9eea0000 - 0x00007fff9eec7000 	C:\Windows\SYSTEM32\WINMM.dll
0x00007fffb3a60000 - 0x00007fffb3acb000 	C:\Windows\System32\WS2_32.dll
0x00007fffafac0000 - 0x00007fffafad2000 	C:\Windows\SYSTEM32\kernel.appcore.dll
0x00007fffaaea0000 - 0x00007fffaaeaa000 	C:\Program Files\Java\jdk-17\bin\jimage.dll
0x00007fffaf7b0000 - 0x00007fffaf9b1000 	C:\Windows\SYSTEM32\DBGHELP.DLL
0x00007fff91e60000 - 0x00007fff91e94000 	C:\Windows\SYSTEM32\dbgcore.DLL
0x00007fffb13e0000 - 0x00007fffb1462000 	C:\Windows\System32\bcryptPrimitives.dll
0x00007fffaadd0000 - 0x00007fffaadf5000 	C:\Program Files\Java\jdk-17\bin\java.dll
0x00007fff7e720000 - 0x00007fff7e7f7000 	C:\Program Files\Java\jdk-17\bin\jsvml.dll
0x00007fffb3070000 - 0x00007fffb37de000 	C:\Windows\System32\SHELL32.dll
0x00007fffaef30000 - 0x00007fffaf6d4000 	C:\Windows\SYSTEM32\windows.storage.dll
0x00007fffb1d70000 - 0x00007fffb20c3000 	C:\Windows\System32\combase.dll
0x00007fffb0d10000 - 0x00007fffb0d3b000 	C:\Windows\SYSTEM32\Wldp.dll
0x00007fffb2df0000 - 0x00007fffb2ebd000 	C:\Windows\System32\OLEAUT32.dll
0x00007fffb20d0000 - 0x00007fffb217d000 	C:\Windows\System32\SHCORE.dll
0x00007fffb37e0000 - 0x00007fffb383b000 	C:\Windows\System32\shlwapi.dll
0x00007fffb1210000 - 0x00007fffb1235000 	C:\Windows\SYSTEM32\profapi.dll
0x00007fffaadb0000 - 0x00007fffaadc9000 	C:\Program Files\Java\jdk-17\bin\net.dll
0x00007fffa5890000 - 0x00007fffa599a000 	C:\Windows\SYSTEM32\WINHTTP.dll
0x00007fffb0a70000 - 0x00007fffb0ada000 	C:\Windows\system32\mswsock.dll
0x00007fffaac20000 - 0x00007fffaac36000 	C:\Program Files\Java\jdk-17\bin\nio.dll
0x00007fffaaa80000 - 0x00007fffaaa98000 	C:\Program Files\Java\jdk-17\bin\zip.dll
0x0000026114ae0000 - 0x0000026114ae3000 	C:\javafx-sdk-21.0.7\bin\api-ms-win-core-console-l1-1-0.dll
0x0000026114af0000 - 0x0000026114af3000 	C:\javafx-sdk-21.0.7\bin\api-ms-win-core-console-l1-2-0.dll
0x0000026114b00000 - 0x0000026114b03000 	C:\javafx-sdk-21.0.7\bin\api-ms-win-core-datetime-l1-1-0.dll
0x0000026114b10000 - 0x0000026114b13000 	C:\javafx-sdk-21.0.7\bin\api-ms-win-core-debug-l1-1-0.dll
0x0000026114b20000 - 0x0000026114b23000 	C:\javafx-sdk-21.0.7\bin\api-ms-win-core-errorhandling-l1-1-0.dll
0x0000026116a10000 - 0x0000026116a14000 	C:\javafx-sdk-21.0.7\bin\api-ms-win-core-file-l1-1-0.dll
0x0000026116a20000 - 0x0000026116a23000 	C:\javafx-sdk-21.0.7\bin\api-ms-win-core-file-l1-2-0.dll
0x0000026116a30000 - 0x0000026116a33000 	C:\javafx-sdk-21.0.7\bin\api-ms-win-core-file-l2-1-0.dll
0x0000026116a40000 - 0x0000026116a43000 	C:\javafx-sdk-21.0.7\bin\api-ms-win-core-handle-l1-1-0.dll
0x0000026116a50000 - 0x0000026116a53000 	C:\javafx-sdk-21.0.7\bin\api-ms-win-core-heap-l1-1-0.dll
0x0000026116a60000 - 0x0000026116a63000 	C:\javafx-sdk-21.0.7\bin\api-ms-win-core-interlocked-l1-1-0.dll
0x0000026116a70000 - 0x0000026116a73000 	C:\javafx-sdk-21.0.7\bin\api-ms-win-core-libraryloader-l1-1-0.dll
0x0000026116a80000 - 0x0000026116a83000 	C:\javafx-sdk-21.0.7\bin\api-ms-win-core-localization-l1-2-0.dll
0x0000026116a90000 - 0x0000026116a93000 	C:\javafx-sdk-21.0.7\bin\api-ms-win-core-memory-l1-1-0.dll
0x0000026116aa0000 - 0x0000026116aa3000 	C:\javafx-sdk-21.0.7\bin\api-ms-win-core-namedpipe-l1-1-0.dll
0x0000026116ab0000 - 0x0000026116ab3000 	C:\javafx-sdk-21.0.7\bin\api-ms-win-core-processenvironment-l1-1-0.dll
0x0000026116ac0000 - 0x0000026116ac3000 	C:\javafx-sdk-21.0.7\bin\api-ms-win-core-processthreads-l1-1-0.dll
0x0000026116ad0000 - 0x0000026116ad3000 	C:\javafx-sdk-21.0.7\bin\api-ms-win-core-processthreads-l1-1-1.dll
0x00000261348c0000 - 0x00000261348c3000 	C:\javafx-sdk-21.0.7\bin\api-ms-win-core-profile-l1-1-0.dll
0x00000261348d0000 - 0x00000261348d3000 	C:\javafx-sdk-21.0.7\bin\api-ms-win-core-rtlsupport-l1-1-0.dll
0x00000261348e0000 - 0x00000261348e3000 	C:\javafx-sdk-21.0.7\bin\api-ms-win-core-string-l1-1-0.dll
0x00000261348f0000 - 0x00000261348f3000 	C:\javafx-sdk-21.0.7\bin\api-ms-win-core-synch-l1-1-0.dll
0x0000026134900000 - 0x0000026134903000 	C:\javafx-sdk-21.0.7\bin\api-ms-win-core-synch-l1-2-0.dll
0x0000026134910000 - 0x0000026134913000 	C:\javafx-sdk-21.0.7\bin\api-ms-win-core-sysinfo-l1-1-0.dll
0x0000026134920000 - 0x0000026134923000 	C:\javafx-sdk-21.0.7\bin\api-ms-win-core-timezone-l1-1-0.dll
0x0000026134930000 - 0x0000026134933000 	C:\javafx-sdk-21.0.7\bin\api-ms-win-core-util-l1-1-0.dll
0x0000026134940000 - 0x0000026134943000 	C:\javafx-sdk-21.0.7\bin\api-ms-win-crt-conio-l1-1-0.dll
0x0000026134950000 - 0x0000026134954000 	C:\javafx-sdk-21.0.7\bin\api-ms-win-crt-convert-l1-1-0.dll
0x0000026134960000 - 0x0000026134963000 	C:\javafx-sdk-21.0.7\bin\api-ms-win-crt-environment-l1-1-0.dll
0x0000026134970000 - 0x0000026134973000 	C:\javafx-sdk-21.0.7\bin\api-ms-win-crt-filesystem-l1-1-0.dll
0x0000026134980000 - 0x0000026134983000 	C:\javafx-sdk-21.0.7\bin\api-ms-win-crt-heap-l1-1-0.dll
0x0000026134990000 - 0x0000026134993000 	C:\javafx-sdk-21.0.7\bin\api-ms-win-crt-locale-l1-1-0.dll
0x00000261349a0000 - 0x00000261349a5000 	C:\javafx-sdk-21.0.7\bin\api-ms-win-crt-math-l1-1-0.dll
0x00000261349b0000 - 0x00000261349b5000 	C:\javafx-sdk-21.0.7\bin\api-ms-win-crt-multibyte-l1-1-0.dll
0x00000261349c0000 - 0x00000261349d0000 	C:\javafx-sdk-21.0.7\bin\api-ms-win-crt-private-l1-1-0.dll
0x00000261349d0000 - 0x00000261349d3000 	C:\javafx-sdk-21.0.7\bin\api-ms-win-crt-process-l1-1-0.dll
0x00000261349e0000 - 0x00000261349e4000 	C:\javafx-sdk-21.0.7\bin\api-ms-win-crt-runtime-l1-1-0.dll
0x00000261349f0000 - 0x00000261349f4000 	C:\javafx-sdk-21.0.7\bin\api-ms-win-crt-stdio-l1-1-0.dll
0x0000026134a00000 - 0x0000026134a04000 	C:\javafx-sdk-21.0.7\bin\api-ms-win-crt-string-l1-1-0.dll
0x0000026134a10000 - 0x0000026134a13000 	C:\javafx-sdk-21.0.7\bin\api-ms-win-crt-time-l1-1-0.dll
0x0000026134a20000 - 0x0000026134a23000 	C:\javafx-sdk-21.0.7\bin\api-ms-win-crt-utility-l1-1-0.dll
0x00007fff7e620000 - 0x00007fff7e71c000 	C:\javafx-sdk-21.0.7\bin\ucrtbase.dll
0x00007fffa9340000 - 0x00007fffa935b000 	C:\javafx-sdk-21.0.7\bin\vcruntime140.dll
0x00007fffaab40000 - 0x00007fffaab4c000 	C:\javafx-sdk-21.0.7\bin\vcruntime140_1.dll
0x00007fff8e190000 - 0x00007fff8e21e000 	C:\javafx-sdk-21.0.7\bin\msvcp140.dll
0x00007fffaaa50000 - 0x00007fffaaa59000 	C:\javafx-sdk-21.0.7\bin\msvcp140_1.dll
0x00007fffa92f0000 - 0x00007fffa9331000 	C:\javafx-sdk-21.0.7\bin\msvcp140_2.dll
0x00007fff93f60000 - 0x00007fff93f90000 	C:\javafx-sdk-21.0.7\bin\prism_d3d.dll
0x00007fff83ab0000 - 0x00007fff83c81000 	C:\Windows\system32\d3d9.dll
0x00007fffae950000 - 0x00007fffae97f000 	C:\Windows\SYSTEM32\dwmapi.dll
0x00007fffae810000 - 0x00007fffae8ae000 	C:\Windows\system32\uxtheme.dll
0x00007fff4ee00000 - 0x00007fff4ef65000 	C:\Windows\System32\DriverStore\FileRepository\iigd_dch.inf_amd64_4de65d949492707a\igdumdim64.dll
0x00007fffb2ba0000 - 0x00007fffb2ccb000 	C:\Windows\System32\ole32.dll
0x00007fff49880000 - 0x00007fff4d50b000 	C:\Windows\System32\DriverStore\FileRepository\iigd_dch.inf_amd64_4de65d949492707a\igd9dxva64.dll
0x00007fffb2390000 - 0x00007fffb2800000 	C:\Windows\System32\SETUPAPI.dll
0x00007fffb1c20000 - 0x00007fffb1c6e000 	C:\Windows\System32\cfgmgr32.dll
0x00007fffa5550000 - 0x00007fffa5886000 	C:\Windows\System32\DriverStore\FileRepository\iigd_dch.inf_amd64_4de65d949492707a\igdgmm64.dll
0x00007fff93f10000 - 0x00007fff93f52000 	C:\javafx-sdk-21.0.7\bin\glass.dll
0x00007fffb3ad0000 - 0x00007fffb3baa000 	C:\Windows\System32\COMDLG32.dll
0x00007fffb2cd0000 - 0x00007fffb2de5000 	C:\Windows\System32\MSCTF.dll
0x00007fffa9230000 - 0x00007fffa9257000 	C:\Windows\System32\DriverStore\FileRepository\iigd_dch.inf_amd64_4de65d949492707a\igdinfo64.dll
0x00007fffa27c0000 - 0x00007fffa554f000 	C:\Windows\System32\DriverStore\FileRepository\iigd_dch.inf_amd64_4de65d949492707a\igc64.dll
0x00007fffa6c90000 - 0x00007fffa6ccb000 	C:\Windows\SYSTEM32\dxcore.dll
0x00007fff9a980000 - 0x00007fff9a995000 	C:\javafx-sdk-21.0.7\bin\javafx_font.dll
0x00007fff8ff00000 - 0x00007fff9017f000 	C:\Windows\SYSTEM32\dwrite.dll
0x00007fffb1c70000 - 0x00007fffb1d19000 	C:\Windows\System32\clbcatq.dll
0x00007fffae570000 - 0x00007fffae724000 	C:\Windows\SYSTEM32\WindowsCodecs.dll
0x00007fff9f120000 - 0x00007fff9f15e000 	C:\Windows\system32\dataexchange.dll
0x00007fffab5e0000 - 0x00007fffab844000 	C:\Windows\system32\d3d11.dll
0x00007fffac310000 - 0x00007fffac4f4000 	C:\Windows\system32\dcomp.dll
0x00007fffafb30000 - 0x00007fffafc26000 	C:\Windows\system32\dxgi.dll
0x00007fffa8c70000 - 0x00007fffa8e73000 	C:\Windows\system32\twinapi.appcore.dll
0x00007fff8e4e0000 - 0x00007fff8e514000 	C:\Program Files\Common Files\Microsoft Shared\Ink\rtscom.dll
0x00007fff94560000 - 0x00007fff94659000 	C:\Windows\SYSTEM32\textinputframework.dll
0x00007fffac560000 - 0x00007fffac8bb000 	C:\Windows\System32\CoreUIComponents.dll
0x00007fffacc40000 - 0x00007fffacd32000 	C:\Windows\System32\CoreMessaging.dll
0x00007fffb0550000 - 0x00007fffb0583000 	C:\Windows\SYSTEM32\ntmarta.dll
0x00007fffad740000 - 0x00007fffad897000 	C:\Windows\SYSTEM32\wintypes.dll
0x00007fffabcb0000 - 0x00007fffac270000 	C:\Windows\SYSTEM32\d2d1.dll
0x00007fffa6d20000 - 0x00007fffa7416000 	C:\Windows\SYSTEM32\D3D10Warp.dll

dbghelp: loaded successfully - version: 4.0.5 - missing functions: none
symbol engine: initialized successfully - sym options: 0x614 - pdb path: .;C:\Program Files\Java\jdk-17\bin;C:\Windows\SYSTEM32;C:\Windows\WinSxS\amd64_microsoft.windows.common-controls_6595b64144ccf1df_6.0.19041.5915_none_60b4b9d171f9c7c7;C:\Program Files\Java\jdk-17\bin\server;C:\javafx-sdk-21.0.7\bin;C:\Windows\System32\DriverStore\FileRepository\iigd_dch.inf_amd64_4de65d949492707a;C:\Program Files\Common Files\Microsoft Shared\Ink

VM Arguments:
jvm_args: --module-path=C:/javafx-sdk-21.0.7/lib --add-modules=javafx.controls,javafx.fxml -XX:+ShowCodeDetailsInExceptionMessages 
java_command: com.login.Main
java_class_path (initial): D:\Civita\Civita user and login pages\loginpage\target\classes;c:\javafx-sdk-21.0.7\lib\javafx.base.jar;c:\javafx-sdk-21.0.7\lib\javafx.controls.jar;c:\javafx-sdk-21.0.7\lib\javafx.fxml.jar;c:\javafx-sdk-21.0.7\lib\javafx.graphics.jar;c:\javafx-sdk-21.0.7\lib\javafx.media.jar;c:\javafx-sdk-21.0.7\lib\javafx.swing.jar;c:\javafx-sdk-21.0.7\lib\javafx.web.jar;c:\javafx-sdk-21.0.7\lib\javafx-swt.jar;c:\javafx-sdk-21.0.7\lib\json-20230618.jar;C:\Users\Dell\.m2\repository\com\google\firebase\firebase-admin\9.2.0\firebase-admin-9.2.0.jar;C:\Users\Dell\.m2\repository\com\google\api-client\google-api-client\2.2.0\google-api-client-2.2.0.jar;C:\Users\Dell\.m2\repository\commons-codec\commons-codec\1.15\commons-codec-1.15.jar;C:\Users\Dell\.m2\repository\com\google\oauth-client\google-oauth-client\1.34.1\google-oauth-client-1.34.1.jar;C:\Users\Dell\.m2\repository\com\google\http-client\google-http-client-gson\1.42.3\google-http-client-gson-1.42.3.jar;C:\Users\Dell\.m2\repository\com\google\http-client\google-http-client-apache-v2\1.42.3\google-http-client-apache-v2-1.42.3.jar;C:\Users\Dell\.m2\repository\org\apache\httpcomponents\httpcore\4.4.16\httpcore-4.4.16.jar;C:\Users\Dell\.m2\repository\com\google\api-client\google-api-client-gson\2.2.0\google-api-client-gson-2.2.0.jar;C:\Users\Dell\.m2\repository\com\google\http-client\google-http-client\1.43.1\google-http-client-1.43.1.jar;C:\Users\Dell\.m2\repository\com\google\code\findbugs\jsr305\3.0.2\jsr305-3.0.2.jar;C:\Users\Dell\.m2\repository\com\google\errorprone\error_prone_annotations\2.18.0\error_prone_annotations-2.18.0.jar;C:\Users\Dell\.m2\repository\com\google\j2objc\j2objc-annotations\1.3\j2objc-annotations-1.3.jar;C:\Users\Dell\.m2\repository\io\opencensus\opencensus-api\0.31.1\opencensus-api-0.31.1.jar;C:\Users\Dell\.m2\repository\io\opencensus\opencensus-contrib-http-util\0.31.1\opencensus-contrib-http-util-0.31.1.jar;C:\Users\Dell\.m2\repository\com\google\api\api-common\2.12.0\api-com
Launcher Type: SUN_STANDARD

[Global flags]
     intx CICompilerCount                          = 3                                         {product} {ergonomic}
     uint ConcGCThreads                            = 1                                         {product} {ergonomic}
     uint G1ConcRefinementThreads                  = 4                                         {product} {ergonomic}
   size_t G1HeapRegionSize                         = 1048576                                   {product} {ergonomic}
    uintx GCDrainStackTargetSize                   = 64                                        {product} {ergonomic}
   size_t InitialHeapSize                          = 132120576                                 {product} {ergonomic}
   size_t MarkStackSize                            = 4194304                                   {product} {ergonomic}
   size_t MaxHeapSize                              = 2113929216                                {product} {ergonomic}
   size_t MaxNewSize                               = 1267728384                                {product} {ergonomic}
   size_t MinHeapDeltaBytes                        = 1048576                                   {product} {ergonomic}
   size_t MinHeapSize                              = 8388608                                   {product} {ergonomic}
    uintx NonNMethodCodeHeapSize                   = 5832780                                {pd product} {ergonomic}
    uintx NonProfiledCodeHeapSize                  = 122912730                              {pd product} {ergonomic}
    uintx ProfiledCodeHeapSize                     = 122912730                              {pd product} {ergonomic}
    uintx ReservedCodeCacheSize                    = 251658240                              {pd product} {ergonomic}
     bool SegmentedCodeCache                       = true                                      {product} {ergonomic}
     bool ShowCodeDetailsInExceptionMessages       = true                                   {manageable} {command line}
   size_t SoftMaxHeapSize                          = 2113929216                             {manageable} {ergonomic}
     bool UseCompressedClassPointers               = true                           {product lp64_product} {ergonomic}
     bool UseCompressedOops                        = true                           {product lp64_product} {ergonomic}
     bool UseG1GC                                  = true                                      {product} {ergonomic}
     bool UseLargePagesIndividualAllocation        = false                                  {pd product} {ergonomic}

Logging:
Log output configuration:
 #0: stdout all=warning uptime,level,tags
 #1: stderr all=off uptime,level,tags

Environment Variables:
PATH=C:\Program Files\Common Files\Oracle\Java\javapath;C:\Program Files\Eclipse Adoptium\jdk-21.0.4.7-hotspot\bin;C:\Program Files\Java\jdk-17\bin;C:\apache-maven-3.9.11\bin;C:\Windows\system32;C:\Windows;C:\Windows\System32\Wbem;C:\Windows\System32\WindowsPowerShell\v1.0\;C:\Windows\System32\OpenSSH\;C:\src\flutter\bin;C:\Program Files\Git\cmd;C:\Users\Dell\AppData\Local\Microsoft\WindowsApps;C:\Users\Dell\AppData\Local\Programs\Microsoft VS Code\bin
USERNAME=Dell
LANG=en_US.UTF-8
OS=Windows_NT
PROCESSOR_IDENTIFIER=Intel64 Family 6 Model 142 Stepping 9, GenuineIntel



---------------  S Y S T E M  ---------------

OS:
 Windows 10 , 64 bit Build 19041 (10.0.19041.5915)
OS uptime: 11 days 15:14 hours
Hyper-V role detected

CPU: total 4 (initial active 4) (2 cores per cpu, 2 threads per core) family 6 model 142 stepping 9 microcode 0xb4, cx8, cmov, fxsr, ht, mmx, 3dnowpref, sse, sse2, sse3, ssse3, sse4.1, sse4.2, popcnt, lzcnt, tsc, tscinvbit, avx, avx2, aes, erms, clmul, bmi1, bmi2, adx, fma, vzeroupper, clflush, clflushopt, hv

Memory: 4k page, system-wide physical 8058M (51M free)
TotalPageFile size 32634M (AvailPageFile size 53M)
current process WorkingSet (physical memory assigned to process): 400M, peak: 479M
current process commit charge ("private bytes"): 976M, peak: 1106M

vm_info: Java HotSpot(TM) 64-Bit Server VM (17.0.8+9-LTS-211) for windows-amd64 JRE (17.0.8+9-LTS-211), built on Jun 14 2023 10:34:31 by "mach5one" with MS VC++ 17.1 (VS2022)

END.
