#
# There is insufficient memory for the Java Runtime Environment to continue.
# Native memory allocation (mmap) failed to map 1048576 bytes for G1 virtual space
# Possible reasons:
#   The system is out of physical RAM or swap space
#   The process is running with CompressedOops enabled, and the Java Heap may be blocking the growth of the native heap
# Possible solutions:
#   Reduce memory load on the system
#   Increase physical memory or swap space
#   Check if swap backing store is full
#   Decrease Java heap size (-Xmx/-Xms)
#   Decrease number of Java threads
#   Decrease Java thread stack sizes (-Xss)
#   Set larger code cache with -XX:ReservedCodeCacheSize=
#   JVM is running with Unscaled Compressed Oops mode in which the Java heap is
#     placed in the first 4GB address space. The Java Heap base address is the
#     maximum limit for the native heap growth. Please use -XX:HeapBaseMinAddress
#     to set the Java Heap base and to place the Java Heap above 4GB virtual address.
# This output file may be truncated or incomplete.
#
#  Out of Memory Error (os_windows.cpp:3550), pid=14516, tid=5172
#
# JRE version: Java(TM) SE Runtime Environment (17.0.8+9) (build 17.0.8+9-LTS-211)
# Java VM: Java HotSpot(TM) 64-Bit Server VM (17.0.8+9-LTS-211, mixed mode, sharing, tiered, compressed oops, compressed class ptrs, g1 gc, windows-amd64)
# No core dump will be written. Minidumps are not enabled by default on client versions of Windows
#

---------------  S U M M A R Y ------------

Command Line: --module-path=C:/javafx-sdk-21.0.7/lib --add-modules=javafx.controls,javafx.fxml -XX:+ShowCodeDetailsInExceptionMessages com.login.Main

Host: Intel(R) Core(TM) i5-7200U CPU @ 2.50GHz, 4 cores, 7G,  Windows 10 , 64 bit Build 19041 (10.0.19041.5915)
Time: Wed Jul 23 12:29:45 2025 India Standard Time elapsed time: 6.846749 seconds (0d 0h 0m 6s)

---------------  T H R E A D  ---------------

Current thread (0x000001def1357c70):  JavaThread "JavaFX Application Thread" [_thread_in_vm, id=5172, stack(0x000000566a200000,0x000000566a300000)]

Stack: [0x000000566a200000,0x000000566a300000]
Native frames: (J=compiled Java code, j=interpreted, Vv=VM code, C=native code)
V  [jvm.dll+0x677d0a]
V  [jvm.dll+0x7d8c54]
V  [jvm.dll+0x7da3fe]
V  [jvm.dll+0x7daa63]
V  [jvm.dll+0x245c5f]
V  [jvm.dll+0x674bb9]
V  [jvm.dll+0x6694f2]
V  [jvm.dll+0x3031d6]
V  [jvm.dll+0x30a756]
V  [jvm.dll+0x359c7b]
V  [jvm.dll+0x35a2b4]
V  [jvm.dll+0x359e66]
V  [jvm.dll+0x2da934]
V  [jvm.dll+0x2d6986]
V  [jvm.dll+0x60c753]
V  [jvm.dll+0x20fd25]
V  [jvm.dll+0x7a2bd6]
V  [jvm.dll+0x37ffda]
C  0x000001de9c4fb90d

Java frames: (J=compiled Java code, j=interpreted, Vv=VM code)
j  java.nio.HeapByteBuffer.<init>(IILjdk/internal/access/foreign/MemorySegmentProxy;)V+6 java.base@17.0.8
j  java.nio.ByteBuffer.allocate(I)Ljava/nio/ByteBuffer;+16 java.base@17.0.8
j  com.sun.javafx.iio.png.PNGImageLoader2.load(IIIZZ)Lcom/sun/javafx/iio/ImageFrame;+134 javafx.graphics@21.0.7
j  com.sun.javafx.iio.ImageStorage.loadAll(Lcom/sun/javafx/iio/ImageLoader;DDZFZ)[Lcom/sun/javafx/iio/ImageFrame;+55 javafx.graphics@21.0.7
j  com.sun.javafx.iio.ImageStorage.loadAll(Ljava/lang/String;Lcom/sun/javafx/iio/ImageLoadListener;DDZFZ)[Lcom/sun/javafx/iio/ImageFrame;+399 javafx.graphics@21.0.7
j  com.sun.javafx.tk.quantum.PrismImageLoader2.loadAll(Ljava/lang/String;DDZFZ)V+25 javafx.graphics@21.0.7
j  com.sun.javafx.tk.quantum.PrismImageLoader2.<init>(Ljava/lang/String;DDZFZ)V+15 javafx.graphics@21.0.7
j  com.sun.javafx.tk.quantum.QuantumToolkit.loadImage(Ljava/lang/String;DDZZ)Lcom/sun/javafx/tk/ImageLoader;+16 javafx.graphics@21.0.7
j  javafx.scene.image.Image.loadImage(Ljava/lang/String;DDZZ)Lcom/sun/javafx/tk/ImageLoader;+10 javafx.graphics@21.0.7
j  javafx.scene.image.Image.initialize(Ljava/lang/Object;)V+92 javafx.graphics@21.0.7
j  javafx.scene.image.Image.<init>(Ljava/lang/String;)V+16 javafx.graphics@21.0.7
j  com.login.View.AuthenticationPages.SigninPage.createSigninScene()Ljavafx/scene/layout/VBox;+663
j  com.login.View.AuthenticationPages.SignupPage.initalizeSigninPage()V+22
j  com.login.View.AuthenticationPages.SignupPage.lambda$0(Ljavafx/scene/input/MouseEvent;)V+1
j  com.login.View.AuthenticationPages.SignupPage$$Lambda$124+0x000001deac0f6670.handle(Ljavafx/event/Event;)V+8
j  com.sun.javafx.event.CompositeEventHandler.dispatchBubblingEvent(Ljavafx/event/Event;)V+51 javafx.base@21.0.7
J 1951 c1 com.sun.javafx.event.EventHandlerManager.dispatchBubblingEvent(Ljavafx/event/EventType;Ljavafx/event/Event;)Ljavafx/event/Event; javafx.base@21.0.7 (41 bytes) @ 0x000001de952e379c [0x000001de952e3180+0x000000000000061c]
j  com.sun.javafx.event.EventHandlerManager.dispatchBubblingEvent(Ljavafx/event/Event;)Ljavafx/event/Event;+8 javafx.base@21.0.7
j  com.sun.javafx.event.CompositeEventDispatcher.dispatchBubblingEvent(Ljavafx/event/Event;)Ljavafx/event/Event;+11 javafx.base@21.0.7
j  com.sun.javafx.event.BasicEventDispatcher.dispatchEvent(Ljavafx/event/Event;Ljavafx/event/EventDispatchChain;)Ljavafx/event/Event;+29 javafx.base@21.0.7
j  com.sun.javafx.event.EventDispatchChainImpl.dispatchEvent(Ljavafx/event/Event;)Ljavafx/event/Event;+69 javafx.base@21.0.7
j  com.sun.javafx.event.BasicEventDispatcher.dispatchEvent(Ljavafx/event/Event;Ljavafx/event/EventDispatchChain;)Ljavafx/event/Event;+17 javafx.base@21.0.7
j  com.sun.javafx.event.EventDispatchChainImpl.dispatchEvent(Ljavafx/event/Event;)Ljavafx/event/Event;+69 javafx.base@21.0.7
j  com.sun.javafx.event.BasicEventDispatcher.dispatchEvent(Ljavafx/event/Event;Ljavafx/event/EventDispatchChain;)Ljavafx/event/Event;+17 javafx.base@21.0.7
j  com.sun.javafx.event.EventDispatchChainImpl.dispatchEvent(Ljavafx/event/Event;)Ljavafx/event/Event;+69 javafx.base@21.0.7
j  com.sun.javafx.event.EventUtil.fireEventImpl(Ljavafx/event/EventDispatchChain;Ljavafx/event/EventTarget;Ljavafx/event/Event;)Ljavafx/event/Event;+10 javafx.base@21.0.7
j  com.sun.javafx.event.EventUtil.fireEvent(Ljavafx/event/EventTarget;Ljavafx/event/Event;)Ljavafx/event/Event;+46 javafx.base@21.0.7
j  javafx.event.Event.fireEvent(Ljavafx/event/EventTarget;Ljavafx/event/Event;)V+30 javafx.base@21.0.7
j  javafx.scene.Scene$ClickGenerator.postProcess(Ljavafx/scene/input/MouseEvent;Ljavafx/scene/Scene$TargetWrapper;Ljavafx/scene/Scene$TargetWrapper;)V+262 javafx.graphics@21.0.7
j  javafx.scene.Scene$MouseHandler.process(Ljavafx/scene/input/MouseEvent;Z)V+583 javafx.graphics@21.0.7
j  javafx.scene.Scene.processMouseEvent(Ljavafx/scene/input/MouseEvent;)V+6 javafx.graphics@21.0.7
j  javafx.scene.Scene$ScenePeerListener.mouseEvent(Ljavafx/event/EventType;DDDDLjavafx/scene/input/MouseButton;ZZZZZZZZZZZ)V+50 javafx.graphics@21.0.7
j  com.sun.javafx.tk.quantum.GlassViewEventHandler$MouseEventNotification.run()Ljava/lang/Void;+650 javafx.graphics@21.0.7
j  com.sun.javafx.tk.quantum.GlassViewEventHandler$MouseEventNotification.run()Ljava/lang/Object;+1 javafx.graphics@21.0.7
J 1968 c1 java.security.AccessController.doPrivileged(Ljava/security/PrivilegedAction;Ljava/security/AccessControlContext;)Ljava/lang/Object; java.base@17.0.8 (17 bytes) @ 0x000001de952e7a5c [0x000001de952e7880+0x00000000000001dc]
j  com.sun.javafx.tk.quantum.GlassViewEventHandler.lambda$handleMouseEvent$2()Ljava/lang/Void;+11 javafx.graphics@21.0.7
j  com.sun.javafx.tk.quantum.GlassViewEventHandler$$Lambda$413+0x000001deac21a770.get()Ljava/lang/Object;+4 javafx.graphics@21.0.7
j  com.sun.javafx.tk.quantum.QuantumToolkit.runWithoutRenderLock(Ljava/util/function/Supplier;)Ljava/lang/Object;+18 javafx.graphics@21.0.7
j  com.sun.javafx.tk.quantum.GlassViewEventHandler.handleMouseEvent(Lcom/sun/glass/ui/View;JIIIIIIIZZ)V+103 javafx.graphics@21.0.7
j  com.sun.glass.ui.View.handleMouseEvent(JIIIIIIIZZ)V+30 javafx.graphics@21.0.7
j  com.sun.glass.ui.View.notifyMouse(IIIIIIIZZ)V+181 javafx.graphics@21.0.7
v  ~StubRoutines::call_stub
j  com.sun.glass.ui.win.WinApplication._runLoop(Ljava/lang/Runnable;)V+0 javafx.graphics@21.0.7
j  com.sun.glass.ui.win.WinApplication.lambda$runLoop$3(ILjava/lang/Runnable;)V+8 javafx.graphics@21.0.7
j  com.sun.glass.ui.win.WinApplication$$Lambda$87+0x000001deac02d780.run()V+12 javafx.graphics@21.0.7
j  java.lang.Thread.run()V+11 java.base@17.0.8
v  ~StubRoutines::call_stub

---------------  P R O C E S S  ---------------

Threads class SMR info:
_java_thread_list=0x000001def1c62bb0, length=19, elements={
0x000001de8d71a480, 0x000001deaaf1a530, 0x000001deaaf1aee0, 0x000001deaaf2f0d0,
0x000001deaaf2fa80, 0x000001deaaf30430, 0x000001deaaf3ae00, 0x000001deaaf64e50,
0x000001deaaf65b00, 0x000001deaaf66f10, 0x000001def01b0330, 0x000001def07e1360,
0x000001de8d71afe0, 0x000001def0e6a800, 0x000001def0cf70a0, 0x000001def1357c70,
0x000001def1615190, 0x000001def10d07e0, 0x000001def19ff610
}

Java Threads: ( => current thread )
  0x000001de8d71a480 JavaThread "main" [_thread_blocked, id=1704, stack(0x0000005668b00000,0x0000005668c00000)]
  0x000001deaaf1a530 JavaThread "Reference Handler" daemon [_thread_blocked, id=12628, stack(0x0000005669200000,0x0000005669300000)]
  0x000001deaaf1aee0 JavaThread "Finalizer" daemon [_thread_blocked, id=5512, stack(0x0000005669300000,0x0000005669400000)]
  0x000001deaaf2f0d0 JavaThread "Signal Dispatcher" daemon [_thread_blocked, id=9236, stack(0x0000005669400000,0x0000005669500000)]
  0x000001deaaf2fa80 JavaThread "Attach Listener" daemon [_thread_blocked, id=10396, stack(0x0000005669500000,0x0000005669600000)]
  0x000001deaaf30430 JavaThread "Service Thread" daemon [_thread_blocked, id=15476, stack(0x0000005669600000,0x0000005669700000)]
  0x000001deaaf3ae00 JavaThread "Monitor Deflation Thread" daemon [_thread_blocked, id=11456, stack(0x0000005669700000,0x0000005669800000)]
  0x000001deaaf64e50 JavaThread "C2 CompilerThread0" daemon [_thread_blocked, id=6700, stack(0x0000005669800000,0x0000005669900000)]
  0x000001deaaf65b00 JavaThread "C1 CompilerThread0" daemon [_thread_blocked, id=11324, stack(0x0000005669900000,0x0000005669a00000)]
  0x000001deaaf66f10 JavaThread "Sweeper thread" daemon [_thread_blocked, id=1212, stack(0x0000005669a00000,0x0000005669b00000)]
  0x000001def01b0330 JavaThread "Common-Cleaner" daemon [_thread_blocked, id=12836, stack(0x0000005669b00000,0x0000005669c00000)]
  0x000001def07e1360 JavaThread "Notification Thread" daemon [_thread_blocked, id=10344, stack(0x0000005669d00000,0x0000005669e00000)]
  0x000001de8d71afe0 JavaThread "JavaFX-Launcher" [_thread_blocked, id=10672, stack(0x0000005669f00000,0x000000566a000000)]
  0x000001def0e6a800 JavaThread "QuantumRenderer-0" daemon [_thread_blocked, id=844, stack(0x000000566a000000,0x000000566a100000)]
  0x000001def0cf70a0 JavaThread "InvokeLaterDispatcher" daemon [_thread_blocked, id=388, stack(0x000000566a100000,0x000000566a200000)]
=>0x000001def1357c70 JavaThread "JavaFX Application Thread" [_thread_in_vm, id=5172, stack(0x000000566a200000,0x000000566a300000)]
  0x000001def1615190 JavaThread "Thread-2" daemon [_thread_in_native, id=7088, stack(0x000000566a900000,0x000000566aa00000)]
  0x000001def10d07e0 JavaThread "Prism Font Disposer" daemon [_thread_blocked, id=8244, stack(0x000000566ab00000,0x000000566ac00000)]
  0x000001def19ff610 JavaThread "Cleaner-0" daemon [_thread_blocked, id=4540, stack(0x000000566b200000,0x000000566b300000)]

Other Threads:
  0x000001deaaf15b90 VMThread "VM Thread" [stack: 0x0000005669100000,0x0000005669200000] [id=9180]
  0x000001de8d7965a0 WatcherThread [stack: 0x0000005669e00000,0x0000005669f00000] [id=9400]
  0x000001de8d77b060 GCTaskThread "GC Thread#0" [stack: 0x0000005668c00000,0x0000005668d00000] [id=14908]
  0x000001def156d2f0 GCTaskThread "GC Thread#1" [stack: 0x000000566a600000,0x000000566a700000] [id=13788]
  0x000001def161d720 GCTaskThread "GC Thread#2" [stack: 0x000000566a700000,0x000000566a800000] [id=5708]
  0x000001def16259c0 GCTaskThread "GC Thread#3" [stack: 0x000000566a800000,0x000000566a900000] [id=10560]
  0x000001de8d78baa0 ConcurrentGCThread "G1 Main Marker" [stack: 0x0000005668d00000,0x0000005668e00000] [id=3668]
  0x000001de8d78c3b0 ConcurrentGCThread "G1 Conc#0" [stack: 0x0000005668e00000,0x0000005668f00000] [id=6840]
  0x000001de8d7d7280 ConcurrentGCThread "G1 Refine#0" [stack: 0x0000005668f00000,0x0000005669000000] [id=13424]
  0x000001def0ef17a0 ConcurrentGCThread "G1 Refine#1" [stack: 0x000000566aa00000,0x000000566ab00000] [id=7576]
  0x000001de8d7d9a60 ConcurrentGCThread "G1 Service" [stack: 0x0000005669000000,0x0000005669100000] [id=7980]

Threads with active compile tasks:

VM state: not at safepoint (normal execution)

VM Mutex/Monitor currently owned by a thread:  ([mutex/lock_event])
[0x000001de8d714c70] Heap_lock - owner thread: 0x000001def1357c70

Heap address: 0x0000000082000000, size: 2016 MB, Compressed Oops mode: 32-bit

CDS archive(s) mapped at: [0x000001deab000000-0x000001deabbd0000-0x000001deabbd0000), size 12386304, SharedBaseAddress: 0x000001deab000000, ArchiveRelocationMode: 1.
Compressed class space mapped at: 0x000001deac000000-0x000001deec000000, reserved size: 1073741824
Narrow klass base: 0x000001deab000000, Narrow klass shift: 0, Narrow klass range: 0x100000000

GC Precious Log:
 CPUs: 4 total, 4 available
 Memory: 8058M
 Large Page Support: Disabled
 NUMA Support: Disabled
 Compressed Oops: Enabled (32-bit)
 Heap Region Size: 1M
 Heap Min Capacity: 8M
 Heap Initial Capacity: 126M
 Heap Max Capacity: 2016M
 Pre-touch: Disabled
 Parallel Workers: 4
 Concurrent Workers: 1
 Concurrent Refinement Workers: 4
 Periodic GC: Disabled

Heap:
 garbage-first heap   total 485376K, used 252256K [0x0000000082000000, 0x0000000100000000)
  region size 1024K, 3 young (3072K), 3 survivors (3072K)
 Metaspace       used 13017K, committed 13312K, reserved 1114112K
  class space    used 2081K, committed 2240K, reserved 1048576K

Heap Regions: E=young(eden), S=young(survivor), O=old, HS=humongous(starts), HC=humongous(continues), CS=collection set, F=free, OA=open archive, CA=closed archive, TAMS=top-at-mark-start (previous, next)
|   0|0x0000000082000000, 0x0000000082100000, 0x0000000082100000|100%|HS|  |TAMS 0x0000000082100000, 0x0000000082100000| Complete 
|   1|0x0000000082100000, 0x0000000082100000, 0x0000000082200000|  0%| F|  |TAMS 0x0000000082100000, 0x0000000082100000| Untracked 
|   2|0x0000000082200000, 0x0000000082300000, 0x0000000082300000|100%| O|  |TAMS 0x0000000082300000, 0x0000000082300000| Untracked 
|   3|0x0000000082300000, 0x0000000082400000, 0x0000000082400000|100%| O|  |TAMS 0x0000000082400000, 0x0000000082400000| Untracked 
|   4|0x0000000082400000, 0x0000000082500000, 0x0000000082500000|100%| O|  |TAMS 0x0000000082500000, 0x0000000082500000| Untracked 
|   5|0x0000000082500000, 0x0000000082600000, 0x0000000082600000|100%| O|  |TAMS 0x0000000082600000, 0x0000000082600000| Untracked 
|   6|0x0000000082600000, 0x0000000082700000, 0x0000000082700000|100%|HS|  |TAMS 0x0000000082700000, 0x0000000082700000| Complete 
|   7|0x0000000082700000, 0x0000000082800000, 0x0000000082800000|100%|HC|  |TAMS 0x0000000082800000, 0x0000000082800000| Complete 
|   8|0x0000000082800000, 0x0000000082900000, 0x0000000082900000|100%|HC|  |TAMS 0x0000000082900000, 0x0000000082900000| Complete 
|   9|0x0000000082900000, 0x0000000082a00000, 0x0000000082a00000|100%|HC|  |TAMS 0x0000000082a00000, 0x0000000082a00000| Complete 
|  10|0x0000000082a00000, 0x0000000082b00000, 0x0000000082b00000|100%|HC|  |TAMS 0x0000000082b00000, 0x0000000082b00000| Complete 
|  11|0x0000000082b00000, 0x0000000082c00000, 0x0000000082c00000|100%|HC|  |TAMS 0x0000000082c00000, 0x0000000082c00000| Complete 
|  12|0x0000000082c00000, 0x0000000082d00000, 0x0000000082d00000|100%|HC|  |TAMS 0x0000000082d00000, 0x0000000082d00000| Complete 
|  13|0x0000000082d00000, 0x0000000082e00000, 0x0000000082e00000|100%|HC|  |TAMS 0x0000000082e00000, 0x0000000082e00000| Complete 
|  14|0x0000000082e00000, 0x0000000082f00000, 0x0000000082f00000|100%|HC|  |TAMS 0x0000000082f00000, 0x0000000082f00000| Complete 
|  15|0x0000000082f00000, 0x0000000083000000, 0x0000000083000000|100%|HC|  |TAMS 0x0000000083000000, 0x0000000083000000| Complete 
|  16|0x0000000083000000, 0x0000000083100000, 0x0000000083100000|100%|HC|  |TAMS 0x0000000083100000, 0x0000000083100000| Complete 
|  17|0x0000000083100000, 0x0000000083200000, 0x0000000083200000|100%|HC|  |TAMS 0x0000000083200000, 0x0000000083200000| Complete 
|  18|0x0000000083200000, 0x0000000083300000, 0x0000000083300000|100%|HC|  |TAMS 0x0000000083300000, 0x0000000083300000| Complete 
|  19|0x0000000083300000, 0x0000000083400000, 0x0000000083400000|100%|HC|  |TAMS 0x0000000083400000, 0x0000000083400000| Complete 
|  20|0x0000000083400000, 0x0000000083500000, 0x0000000083500000|100%|HC|  |TAMS 0x0000000083500000, 0x0000000083500000| Complete 
|  21|0x0000000083500000, 0x0000000083600000, 0x0000000083600000|100%|HC|  |TAMS 0x0000000083600000, 0x0000000083600000| Complete 
|  22|0x0000000083600000, 0x0000000083700000, 0x0000000083700000|100%|HC|  |TAMS 0x0000000083700000, 0x0000000083700000| Complete 
|  23|0x0000000083700000, 0x0000000083800000, 0x0000000083800000|100%|HC|  |TAMS 0x0000000083800000, 0x0000000083800000| Complete 
|  24|0x0000000083800000, 0x0000000083900000, 0x0000000083900000|100%|HC|  |TAMS 0x0000000083900000, 0x0000000083900000| Complete 
|  25|0x0000000083900000, 0x0000000083a00000, 0x0000000083a00000|100%|HC|  |TAMS 0x0000000083a00000, 0x0000000083a00000| Complete 
|  26|0x0000000083a00000, 0x0000000083b00000, 0x0000000083b00000|100%|HC|  |TAMS 0x0000000083b00000, 0x0000000083b00000| Complete 
|  27|0x0000000083b00000, 0x0000000083c00000, 0x0000000083c00000|100%|HC|  |TAMS 0x0000000083c00000, 0x0000000083c00000| Complete 
|  28|0x0000000083c00000, 0x0000000083d00000, 0x0000000083d00000|100%|HC|  |TAMS 0x0000000083d00000, 0x0000000083d00000| Complete 
|  29|0x0000000083d00000, 0x0000000083e00000, 0x0000000083e00000|100%|HC|  |TAMS 0x0000000083e00000, 0x0000000083e00000| Complete 
|  30|0x0000000083e00000, 0x0000000083f00000, 0x0000000083f00000|100%|HC|  |TAMS 0x0000000083f00000, 0x0000000083f00000| Complete 
|  31|0x0000000083f00000, 0x0000000084000000, 0x0000000084000000|100%|HC|  |TAMS 0x0000000084000000, 0x0000000084000000| Complete 
|  32|0x0000000084000000, 0x0000000084100000, 0x0000000084100000|100%|HC|  |TAMS 0x0000000084100000, 0x0000000084100000| Complete 
|  33|0x0000000084100000, 0x0000000084200000, 0x0000000084200000|100%|HC|  |TAMS 0x0000000084200000, 0x0000000084200000| Complete 
|  34|0x0000000084200000, 0x0000000084300000, 0x0000000084300000|100%|HC|  |TAMS 0x0000000084300000, 0x0000000084300000| Complete 
|  35|0x0000000084300000, 0x0000000084400000, 0x0000000084400000|100%|HC|  |TAMS 0x0000000084400000, 0x0000000084400000| Complete 
|  36|0x0000000084400000, 0x0000000084500000, 0x0000000084500000|100%|HC|  |TAMS 0x0000000084500000, 0x0000000084500000| Complete 
|  37|0x0000000084500000, 0x0000000084600000, 0x0000000084600000|100%|HC|  |TAMS 0x0000000084600000, 0x0000000084600000| Complete 
|  38|0x0000000084600000, 0x0000000084700000, 0x0000000084700000|100%|HC|  |TAMS 0x0000000084700000, 0x0000000084700000| Complete 
|  39|0x0000000084700000, 0x0000000084800000, 0x0000000084800000|100%|HC|  |TAMS 0x0000000084800000, 0x0000000084800000| Complete 
|  40|0x0000000084800000, 0x0000000084900000, 0x0000000084900000|100%|HC|  |TAMS 0x0000000084900000, 0x0000000084900000| Complete 
|  41|0x0000000084900000, 0x0000000084a00000, 0x0000000084a00000|100%|HC|  |TAMS 0x0000000084a00000, 0x0000000084a00000| Complete 
|  42|0x0000000084a00000, 0x0000000084b00000, 0x0000000084b00000|100%|HC|  |TAMS 0x0000000084b00000, 0x0000000084b00000| Complete 
|  43|0x0000000084b00000, 0x0000000084c00000, 0x0000000084c00000|100%|HC|  |TAMS 0x0000000084c00000, 0x0000000084c00000| Complete 
|  44|0x0000000084c00000, 0x0000000084d00000, 0x0000000084d00000|100%|HC|  |TAMS 0x0000000084d00000, 0x0000000084d00000| Complete 
|  45|0x0000000084d00000, 0x0000000084e00000, 0x0000000084e00000|100%|HC|  |TAMS 0x0000000084e00000, 0x0000000084e00000| Complete 
|  46|0x0000000084e00000, 0x0000000084f00000, 0x0000000084f00000|100%|HC|  |TAMS 0x0000000084f00000, 0x0000000084f00000| Complete 
|  47|0x0000000084f00000, 0x0000000085000000, 0x0000000085000000|100%|HC|  |TAMS 0x0000000085000000, 0x0000000085000000| Complete 
|  48|0x0000000085000000, 0x0000000085100000, 0x0000000085100000|100%|HC|  |TAMS 0x0000000085100000, 0x0000000085100000| Complete 
|  49|0x0000000085100000, 0x0000000085200000, 0x0000000085200000|100%|HC|  |TAMS 0x0000000085200000, 0x0000000085200000| Complete 
|  50|0x0000000085200000, 0x0000000085300000, 0x0000000085300000|100%|HC|  |TAMS 0x0000000085300000, 0x0000000085300000| Complete 
|  51|0x0000000085300000, 0x0000000085400000, 0x0000000085400000|100%|HC|  |TAMS 0x0000000085400000, 0x0000000085400000| Complete 
|  52|0x0000000085400000, 0x0000000085500000, 0x0000000085500000|100%|HC|  |TAMS 0x0000000085500000, 0x0000000085500000| Complete 
|  53|0x0000000085500000, 0x0000000085600000, 0x0000000085600000|100%|HC|  |TAMS 0x0000000085600000, 0x0000000085600000| Complete 
|  54|0x0000000085600000, 0x0000000085700000, 0x0000000085700000|100%|HC|  |TAMS 0x0000000085700000, 0x0000000085700000| Complete 
|  55|0x0000000085700000, 0x0000000085800000, 0x0000000085800000|100%|HC|  |TAMS 0x0000000085800000, 0x0000000085800000| Complete 
|  56|0x0000000085800000, 0x0000000085900000, 0x0000000085900000|100%|HC|  |TAMS 0x0000000085900000, 0x0000000085900000| Complete 
|  57|0x0000000085900000, 0x0000000085a00000, 0x0000000085a00000|100%|HC|  |TAMS 0x0000000085a00000, 0x0000000085a00000| Complete 
|  58|0x0000000085a00000, 0x0000000085b00000, 0x0000000085b00000|100%|HC|  |TAMS 0x0000000085b00000, 0x0000000085b00000| Complete 
|  59|0x0000000085b00000, 0x0000000085c00000, 0x0000000085c00000|100%|HC|  |TAMS 0x0000000085c00000, 0x0000000085c00000| Complete 
|  60|0x0000000085c00000, 0x0000000085d00000, 0x0000000085d00000|100%|HC|  |TAMS 0x0000000085d00000, 0x0000000085d00000| Complete 
|  61|0x0000000085d00000, 0x0000000085e00000, 0x0000000085e00000|100%|HC|  |TAMS 0x0000000085e00000, 0x0000000085e00000| Complete 
|  62|0x0000000085e00000, 0x0000000085f00000, 0x0000000085f00000|100%|HC|  |TAMS 0x0000000085f00000, 0x0000000085f00000| Complete 
|  63|0x0000000085f00000, 0x0000000086000000, 0x0000000086000000|100%|HC|  |TAMS 0x0000000086000000, 0x0000000086000000| Complete 
|  64|0x0000000086000000, 0x0000000086100000, 0x0000000086100000|100%|HC|  |TAMS 0x0000000086100000, 0x0000000086100000| Complete 
|  65|0x0000000086100000, 0x0000000086200000, 0x0000000086200000|100%|HC|  |TAMS 0x0000000086200000, 0x0000000086200000| Complete 
|  66|0x0000000086200000, 0x0000000086300000, 0x0000000086300000|100%|HC|  |TAMS 0x0000000086300000, 0x0000000086300000| Complete 
|  67|0x0000000086300000, 0x0000000086400000, 0x0000000086400000|100%|HC|  |TAMS 0x0000000086400000, 0x0000000086400000| Complete 
|  68|0x0000000086400000, 0x0000000086500000, 0x0000000086500000|100%|HC|  |TAMS 0x0000000086500000, 0x0000000086500000| Complete 
|  69|0x0000000086500000, 0x0000000086600000, 0x0000000086600000|100%|HC|  |TAMS 0x0000000086600000, 0x0000000086600000| Complete 
|  70|0x0000000086600000, 0x0000000086700000, 0x0000000086700000|100%|HC|  |TAMS 0x0000000086700000, 0x0000000086700000| Complete 
|  71|0x0000000086700000, 0x0000000086800000, 0x0000000086800000|100%|HC|  |TAMS 0x0000000086800000, 0x0000000086800000| Complete 
|  72|0x0000000086800000, 0x0000000086900000, 0x0000000086900000|100%|HC|  |TAMS 0x0000000086900000, 0x0000000086900000| Complete 
|  73|0x0000000086900000, 0x0000000086a00000, 0x0000000086a00000|100%|HC|  |TAMS 0x0000000086a00000, 0x0000000086a00000| Complete 
|  74|0x0000000086a00000, 0x0000000086b00000, 0x0000000086b00000|100%|HC|  |TAMS 0x0000000086b00000, 0x0000000086b00000| Complete 
|  75|0x0000000086b00000, 0x0000000086c00000, 0x0000000086c00000|100%|HC|  |TAMS 0x0000000086c00000, 0x0000000086c00000| Complete 
|  76|0x0000000086c00000, 0x0000000086d00000, 0x0000000086d00000|100%|HC|  |TAMS 0x0000000086d00000, 0x0000000086d00000| Complete 
|  77|0x0000000086d00000, 0x0000000086e00000, 0x0000000086e00000|100%|HC|  |TAMS 0x0000000086e00000, 0x0000000086e00000| Complete 
|  78|0x0000000086e00000, 0x0000000086f00000, 0x0000000086f00000|100%|HC|  |TAMS 0x0000000086f00000, 0x0000000086f00000| Complete 
|  79|0x0000000086f00000, 0x0000000087000000, 0x0000000087000000|100%|HC|  |TAMS 0x0000000087000000, 0x0000000087000000| Complete 
|  80|0x0000000087000000, 0x0000000087100000, 0x0000000087100000|100%|HC|  |TAMS 0x0000000087100000, 0x0000000087100000| Complete 
|  81|0x0000000087100000, 0x0000000087200000, 0x0000000087200000|100%|HC|  |TAMS 0x0000000087200000, 0x0000000087200000| Complete 
|  82|0x0000000087200000, 0x0000000087300000, 0x0000000087300000|100%|HC|  |TAMS 0x0000000087300000, 0x0000000087300000| Complete 
|  83|0x0000000087300000, 0x0000000087400000, 0x0000000087400000|100%|HC|  |TAMS 0x0000000087400000, 0x0000000087400000| Complete 
|  84|0x0000000087400000, 0x0000000087500000, 0x0000000087500000|100%| O|  |TAMS 0x0000000087500000, 0x0000000087500000| Untracked 
|  85|0x0000000087500000, 0x0000000087600000, 0x0000000087600000|100%| O|  |TAMS 0x0000000087600000, 0x0000000087600000| Untracked 
|  86|0x0000000087600000, 0x0000000087700000, 0x0000000087700000|100%|HS|  |TAMS 0x0000000087700000, 0x0000000087700000| Complete 
|  87|0x0000000087700000, 0x0000000087800000, 0x0000000087800000|100%|HC|  |TAMS 0x0000000087800000, 0x0000000087800000| Complete 
|  88|0x0000000087800000, 0x0000000087900000, 0x0000000087900000|100%| O|  |TAMS 0x0000000087900000, 0x0000000087900000| Untracked 
|  89|0x0000000087900000, 0x0000000087927200, 0x0000000087a00000| 15%| O|  |TAMS 0x0000000087927200, 0x0000000087927200| Untracked 
|  90|0x0000000087a00000, 0x0000000087a00000, 0x0000000087b00000|  0%| F|  |TAMS 0x0000000087a00000, 0x0000000087a00000| Untracked 
|  91|0x0000000087b00000, 0x0000000087b00000, 0x0000000087c00000|  0%| F|  |TAMS 0x0000000087b00000, 0x0000000087b00000| Untracked 
|  92|0x0000000087c00000, 0x0000000087c00000, 0x0000000087d00000|  0%| F|  |TAMS 0x0000000087c00000, 0x0000000087c00000| Untracked 
|  93|0x0000000087d00000, 0x0000000087d00000, 0x0000000087e00000|  0%| F|  |TAMS 0x0000000087d00000, 0x0000000087d00000| Untracked 
|  94|0x0000000087e00000, 0x0000000087e00000, 0x0000000087f00000|  0%| F|  |TAMS 0x0000000087e00000, 0x0000000087e00000| Untracked 
|  95|0x0000000087f00000, 0x0000000087f00000, 0x0000000088000000|  0%| F|  |TAMS 0x0000000087f00000, 0x0000000087f00000| Untracked 
|  96|0x0000000088000000, 0x0000000088000000, 0x0000000088100000|  0%| F|  |TAMS 0x0000000088000000, 0x0000000088000000| Untracked 
|  97|0x0000000088100000, 0x0000000088100000, 0x0000000088200000|  0%| F|  |TAMS 0x0000000088100000, 0x0000000088100000| Untracked 
|  98|0x0000000088200000, 0x0000000088200000, 0x0000000088300000|  0%| F|  |TAMS 0x0000000088200000, 0x0000000088200000| Untracked 
|  99|0x0000000088300000, 0x0000000088300000, 0x0000000088400000|  0%| F|  |TAMS 0x0000000088300000, 0x0000000088300000| Untracked 
| 100|0x0000000088400000, 0x0000000088400000, 0x0000000088500000|  0%| F|  |TAMS 0x0000000088400000, 0x0000000088400000| Untracked 
| 101|0x0000000088500000, 0x0000000088500000, 0x0000000088600000|  0%| F|  |TAMS 0x0000000088500000, 0x0000000088500000| Untracked 
| 102|0x0000000088600000, 0x0000000088600000, 0x0000000088700000|  0%| F|  |TAMS 0x0000000088600000, 0x0000000088600000| Untracked 
| 103|0x0000000088700000, 0x0000000088700000, 0x0000000088800000|  0%| F|  |TAMS 0x0000000088700000, 0x0000000088700000| Untracked 
| 104|0x0000000088800000, 0x0000000088800000, 0x0000000088900000|  0%| F|  |TAMS 0x0000000088800000, 0x0000000088800000| Untracked 
| 105|0x0000000088900000, 0x0000000088900000, 0x0000000088a00000|  0%| F|  |TAMS 0x0000000088900000, 0x0000000088900000| Untracked 
| 106|0x0000000088a00000, 0x0000000088a00000, 0x0000000088b00000|  0%| F|  |TAMS 0x0000000088a00000, 0x0000000088a00000| Untracked 
| 107|0x0000000088b00000, 0x0000000088b00000, 0x0000000088c00000|  0%| F|  |TAMS 0x0000000088b00000, 0x0000000088b00000| Untracked 
| 108|0x0000000088c00000, 0x0000000088c00000, 0x0000000088d00000|  0%| F|  |TAMS 0x0000000088c00000, 0x0000000088c00000| Untracked 
| 109|0x0000000088d00000, 0x0000000088d00000, 0x0000000088e00000|  0%| F|  |TAMS 0x0000000088d00000, 0x0000000088d00000| Untracked 
| 110|0x0000000088e00000, 0x0000000088e00000, 0x0000000088f00000|  0%| F|  |TAMS 0x0000000088e00000, 0x0000000088e00000| Untracked 
| 111|0x0000000088f00000, 0x0000000088f00000, 0x0000000089000000|  0%| F|  |TAMS 0x0000000088f00000, 0x0000000088f00000| Untracked 
| 112|0x0000000089000000, 0x0000000089000000, 0x0000000089100000|  0%| F|  |TAMS 0x0000000089000000, 0x0000000089000000| Untracked 
| 113|0x0000000089100000, 0x0000000089100000, 0x0000000089200000|  0%| F|  |TAMS 0x0000000089100000, 0x0000000089100000| Untracked 
| 114|0x0000000089200000, 0x0000000089200000, 0x0000000089300000|  0%| F|  |TAMS 0x0000000089200000, 0x0000000089200000| Untracked 
| 115|0x0000000089300000, 0x0000000089300000, 0x0000000089400000|  0%| F|  |TAMS 0x0000000089300000, 0x0000000089300000| Untracked 
| 116|0x0000000089400000, 0x0000000089400000, 0x0000000089500000|  0%| F|  |TAMS 0x0000000089400000, 0x0000000089400000| Untracked 
| 117|0x0000000089500000, 0x0000000089500000, 0x0000000089600000|  0%| F|  |TAMS 0x0000000089500000, 0x0000000089500000| Untracked 
| 118|0x0000000089600000, 0x0000000089600000, 0x0000000089700000|  0%| F|  |TAMS 0x0000000089600000, 0x0000000089600000| Untracked 
| 119|0x0000000089700000, 0x0000000089700000, 0x0000000089800000|  0%| F|  |TAMS 0x0000000089700000, 0x0000000089700000| Untracked 
| 120|0x0000000089800000, 0x0000000089800000, 0x0000000089900000|  0%| F|  |TAMS 0x0000000089800000, 0x0000000089800000| Untracked 
| 121|0x0000000089900000, 0x0000000089900000, 0x0000000089a00000|  0%| F|  |TAMS 0x0000000089900000, 0x0000000089900000| Untracked 
| 122|0x0000000089a00000, 0x0000000089a00000, 0x0000000089b00000|  0%| F|  |TAMS 0x0000000089a00000, 0x0000000089a00000| Untracked 
| 123|0x0000000089b00000, 0x0000000089b00000, 0x0000000089c00000|  0%| F|  |TAMS 0x0000000089b00000, 0x0000000089b00000| Untracked 
| 124|0x0000000089c00000, 0x0000000089d00000, 0x0000000089d00000|100%|HS|  |TAMS 0x0000000089d00000, 0x0000000089d00000| Complete 
| 125|0x0000000089d00000, 0x0000000089e00000, 0x0000000089e00000|100%|HC|  |TAMS 0x0000000089e00000, 0x0000000089e00000| Complete 
| 126|0x0000000089e00000, 0x0000000089f00000, 0x0000000089f00000|100%|HC|  |TAMS 0x0000000089f00000, 0x0000000089f00000| Complete 
| 127|0x0000000089f00000, 0x000000008a000000, 0x000000008a000000|100%|HC|  |TAMS 0x000000008a000000, 0x000000008a000000| Complete 
| 128|0x000000008a000000, 0x000000008a100000, 0x000000008a100000|100%|HC|  |TAMS 0x000000008a100000, 0x000000008a100000| Complete 
| 129|0x000000008a100000, 0x000000008a200000, 0x000000008a200000|100%|HC|  |TAMS 0x000000008a200000, 0x000000008a200000| Complete 
| 130|0x000000008a200000, 0x000000008a300000, 0x000000008a300000|100%|HC|  |TAMS 0x000000008a300000, 0x000000008a300000| Complete 
| 131|0x000000008a300000, 0x000000008a400000, 0x000000008a400000|100%|HC|  |TAMS 0x000000008a400000, 0x000000008a400000| Complete 
| 132|0x000000008a400000, 0x000000008a500000, 0x000000008a500000|100%|HC|  |TAMS 0x000000008a500000, 0x000000008a500000| Complete 
| 133|0x000000008a500000, 0x000000008a600000, 0x000000008a600000|100%|HC|  |TAMS 0x000000008a600000, 0x000000008a600000| Complete 
| 134|0x000000008a600000, 0x000000008a700000, 0x000000008a700000|100%|HC|  |TAMS 0x000000008a700000, 0x000000008a700000| Complete 
| 135|0x000000008a700000, 0x000000008a800000, 0x000000008a800000|100%|HC|  |TAMS 0x000000008a800000, 0x000000008a800000| Complete 
| 136|0x000000008a800000, 0x000000008a900000, 0x000000008a900000|100%|HC|  |TAMS 0x000000008a900000, 0x000000008a900000| Complete 
| 137|0x000000008a900000, 0x000000008aa00000, 0x000000008aa00000|100%|HC|  |TAMS 0x000000008aa00000, 0x000000008aa00000| Complete 
| 138|0x000000008aa00000, 0x000000008ab00000, 0x000000008ab00000|100%|HC|  |TAMS 0x000000008ab00000, 0x000000008ab00000| Complete 
| 139|0x000000008ab00000, 0x000000008ac00000, 0x000000008ac00000|100%|HC|  |TAMS 0x000000008ac00000, 0x000000008ac00000| Complete 
| 140|0x000000008ac00000, 0x000000008ad00000, 0x000000008ad00000|100%|HC|  |TAMS 0x000000008ad00000, 0x000000008ad00000| Complete 
| 141|0x000000008ad00000, 0x000000008ae00000, 0x000000008ae00000|100%|HC|  |TAMS 0x000000008ae00000, 0x000000008ae00000| Complete 
| 142|0x000000008ae00000, 0x000000008af00000, 0x000000008af00000|100%|HC|  |TAMS 0x000000008af00000, 0x000000008af00000| Complete 
| 143|0x000000008af00000, 0x000000008b000000, 0x000000008b000000|100%|HC|  |TAMS 0x000000008b000000, 0x000000008b000000| Complete 
| 144|0x000000008b000000, 0x000000008b100000, 0x000000008b100000|100%|HC|  |TAMS 0x000000008b100000, 0x000000008b100000| Complete 
| 145|0x000000008b100000, 0x000000008b200000, 0x000000008b200000|100%|HC|  |TAMS 0x000000008b200000, 0x000000008b200000| Complete 
| 146|0x000000008b200000, 0x000000008b300000, 0x000000008b300000|100%|HC|  |TAMS 0x000000008b300000, 0x000000008b300000| Complete 
| 147|0x000000008b300000, 0x000000008b400000, 0x000000008b400000|100%|HC|  |TAMS 0x000000008b400000, 0x000000008b400000| Complete 
| 148|0x000000008b400000, 0x000000008b500000, 0x000000008b500000|100%|HC|  |TAMS 0x000000008b500000, 0x000000008b500000| Complete 
| 149|0x000000008b500000, 0x000000008b600000, 0x000000008b600000|100%|HC|  |TAMS 0x000000008b600000, 0x000000008b600000| Complete 
| 150|0x000000008b600000, 0x000000008b700000, 0x000000008b700000|100%|HC|  |TAMS 0x000000008b700000, 0x000000008b700000| Complete 
| 151|0x000000008b700000, 0x000000008b800000, 0x000000008b800000|100%|HC|  |TAMS 0x000000008b800000, 0x000000008b800000| Complete 
| 152|0x000000008b800000, 0x000000008b900000, 0x000000008b900000|100%|HC|  |TAMS 0x000000008b900000, 0x000000008b900000| Complete 
| 153|0x000000008b900000, 0x000000008ba00000, 0x000000008ba00000|100%|HC|  |TAMS 0x000000008ba00000, 0x000000008ba00000| Complete 
| 154|0x000000008ba00000, 0x000000008bb00000, 0x000000008bb00000|100%|HC|  |TAMS 0x000000008bb00000, 0x000000008bb00000| Complete 
| 155|0x000000008bb00000, 0x000000008bc00000, 0x000000008bc00000|100%|HC|  |TAMS 0x000000008bc00000, 0x000000008bc00000| Complete 
| 156|0x000000008bc00000, 0x000000008bd00000, 0x000000008bd00000|100%|HC|  |TAMS 0x000000008bd00000, 0x000000008bd00000| Complete 
| 157|0x000000008bd00000, 0x000000008be00000, 0x000000008be00000|100%|HC|  |TAMS 0x000000008be00000, 0x000000008be00000| Complete 
| 158|0x000000008be00000, 0x000000008bf00000, 0x000000008bf00000|100%|HC|  |TAMS 0x000000008bf00000, 0x000000008bf00000| Complete 
| 159|0x000000008bf00000, 0x000000008c000000, 0x000000008c000000|100%|HC|  |TAMS 0x000000008c000000, 0x000000008c000000| Complete 
| 160|0x000000008c000000, 0x000000008c100000, 0x000000008c100000|100%|HC|  |TAMS 0x000000008c100000, 0x000000008c100000| Complete 
| 161|0x000000008c100000, 0x000000008c200000, 0x000000008c200000|100%|HC|  |TAMS 0x000000008c200000, 0x000000008c200000| Complete 
| 162|0x000000008c200000, 0x000000008c300000, 0x000000008c300000|100%|HC|  |TAMS 0x000000008c300000, 0x000000008c300000| Complete 
| 163|0x000000008c300000, 0x000000008c400000, 0x000000008c400000|100%|HC|  |TAMS 0x000000008c400000, 0x000000008c400000| Complete 
| 164|0x000000008c400000, 0x000000008c500000, 0x000000008c500000|100%|HC|  |TAMS 0x000000008c500000, 0x000000008c500000| Complete 
| 165|0x000000008c500000, 0x000000008c600000, 0x000000008c600000|100%|HC|  |TAMS 0x000000008c600000, 0x000000008c600000| Complete 
| 166|0x000000008c600000, 0x000000008c700000, 0x000000008c700000|100%|HC|  |TAMS 0x000000008c700000, 0x000000008c700000| Complete 
| 167|0x000000008c700000, 0x000000008c800000, 0x000000008c800000|100%|HC|  |TAMS 0x000000008c800000, 0x000000008c800000| Complete 
| 168|0x000000008c800000, 0x000000008c900000, 0x000000008c900000|100%|HC|  |TAMS 0x000000008c900000, 0x000000008c900000| Complete 
| 169|0x000000008c900000, 0x000000008ca00000, 0x000000008ca00000|100%|HC|  |TAMS 0x000000008ca00000, 0x000000008ca00000| Complete 
| 170|0x000000008ca00000, 0x000000008cb00000, 0x000000008cb00000|100%|HC|  |TAMS 0x000000008cb00000, 0x000000008cb00000| Complete 
| 171|0x000000008cb00000, 0x000000008cc00000, 0x000000008cc00000|100%|HC|  |TAMS 0x000000008cc00000, 0x000000008cc00000| Complete 
| 172|0x000000008cc00000, 0x000000008cd00000, 0x000000008cd00000|100%|HC|  |TAMS 0x000000008cd00000, 0x000000008cd00000| Complete 
| 173|0x000000008cd00000, 0x000000008ce00000, 0x000000008ce00000|100%|HC|  |TAMS 0x000000008ce00000, 0x000000008ce00000| Complete 
| 174|0x000000008ce00000, 0x000000008cf00000, 0x000000008cf00000|100%|HC|  |TAMS 0x000000008cf00000, 0x000000008cf00000| Complete 
| 175|0x000000008cf00000, 0x000000008d000000, 0x000000008d000000|100%|HC|  |TAMS 0x000000008d000000, 0x000000008d000000| Complete 
| 176|0x000000008d000000, 0x000000008d100000, 0x000000008d100000|100%|HC|  |TAMS 0x000000008d100000, 0x000000008d100000| Complete 
| 177|0x000000008d100000, 0x000000008d200000, 0x000000008d200000|100%|HC|  |TAMS 0x000000008d200000, 0x000000008d200000| Complete 
| 178|0x000000008d200000, 0x000000008d300000, 0x000000008d300000|100%|HC|  |TAMS 0x000000008d300000, 0x000000008d300000| Complete 
| 179|0x000000008d300000, 0x000000008d400000, 0x000000008d400000|100%|HC|  |TAMS 0x000000008d400000, 0x000000008d400000| Complete 
| 180|0x000000008d400000, 0x000000008d500000, 0x000000008d500000|100%|HC|  |TAMS 0x000000008d500000, 0x000000008d500000| Complete 
| 181|0x000000008d500000, 0x000000008d600000, 0x000000008d600000|100%|HC|  |TAMS 0x000000008d600000, 0x000000008d600000| Complete 
| 182|0x000000008d600000, 0x000000008d700000, 0x000000008d700000|100%|HC|  |TAMS 0x000000008d700000, 0x000000008d700000| Complete 
| 183|0x000000008d700000, 0x000000008d800000, 0x000000008d800000|100%|HC|  |TAMS 0x000000008d800000, 0x000000008d800000| Complete 
| 184|0x000000008d800000, 0x000000008d900000, 0x000000008d900000|100%|HC|  |TAMS 0x000000008d900000, 0x000000008d900000| Complete 
| 185|0x000000008d900000, 0x000000008da00000, 0x000000008da00000|100%|HC|  |TAMS 0x000000008da00000, 0x000000008da00000| Complete 
| 186|0x000000008da00000, 0x000000008db00000, 0x000000008db00000|100%|HC|  |TAMS 0x000000008db00000, 0x000000008db00000| Complete 
| 187|0x000000008db00000, 0x000000008dc00000, 0x000000008dc00000|100%|HC|  |TAMS 0x000000008dc00000, 0x000000008dc00000| Complete 
| 188|0x000000008dc00000, 0x000000008dd00000, 0x000000008dd00000|100%|HC|  |TAMS 0x000000008dd00000, 0x000000008dd00000| Complete 
| 189|0x000000008dd00000, 0x000000008de00000, 0x000000008de00000|100%|HC|  |TAMS 0x000000008de00000, 0x000000008de00000| Complete 
| 190|0x000000008de00000, 0x000000008df00000, 0x000000008df00000|100%|HC|  |TAMS 0x000000008df00000, 0x000000008df00000| Complete 
| 191|0x000000008df00000, 0x000000008e000000, 0x000000008e000000|100%|HC|  |TAMS 0x000000008e000000, 0x000000008e000000| Complete 
| 192|0x000000008e000000, 0x000000008e100000, 0x000000008e100000|100%|HC|  |TAMS 0x000000008e100000, 0x000000008e100000| Complete 
| 193|0x000000008e100000, 0x000000008e200000, 0x000000008e200000|100%|HC|  |TAMS 0x000000008e200000, 0x000000008e200000| Complete 
| 194|0x000000008e200000, 0x000000008e300000, 0x000000008e300000|100%|HC|  |TAMS 0x000000008e300000, 0x000000008e300000| Complete 
| 195|0x000000008e300000, 0x000000008e400000, 0x000000008e400000|100%|HC|  |TAMS 0x000000008e400000, 0x000000008e400000| Complete 
| 196|0x000000008e400000, 0x000000008e500000, 0x000000008e500000|100%|HC|  |TAMS 0x000000008e500000, 0x000000008e500000| Complete 
| 197|0x000000008e500000, 0x000000008e600000, 0x000000008e600000|100%|HC|  |TAMS 0x000000008e600000, 0x000000008e600000| Complete 
| 198|0x000000008e600000, 0x000000008e700000, 0x000000008e700000|100%|HC|  |TAMS 0x000000008e700000, 0x000000008e700000| Complete 
| 199|0x000000008e700000, 0x000000008e800000, 0x000000008e800000|100%|HC|  |TAMS 0x000000008e800000, 0x000000008e800000| Complete 
| 200|0x000000008e800000, 0x000000008e900000, 0x000000008e900000|100%|HC|  |TAMS 0x000000008e900000, 0x000000008e900000| Complete 
| 201|0x000000008e900000, 0x000000008ea00000, 0x000000008ea00000|100%|HC|  |TAMS 0x000000008ea00000, 0x000000008ea00000| Complete 
| 202|0x000000008ea00000, 0x000000008ea00000, 0x000000008eb00000|  0%| F|  |TAMS 0x000000008ea00000, 0x000000008ea00000| Untracked 
| 203|0x000000008eb00000, 0x000000008eb00000, 0x000000008ec00000|  0%| F|  |TAMS 0x000000008eb00000, 0x000000008eb00000| Untracked 
| 204|0x000000008ec00000, 0x000000008ec00000, 0x000000008ed00000|  0%| F|  |TAMS 0x000000008ec00000, 0x000000008ec00000| Untracked 
| 205|0x000000008ed00000, 0x000000008ed00000, 0x000000008ee00000|  0%| F|  |TAMS 0x000000008ed00000, 0x000000008ed00000| Untracked 
| 206|0x000000008ee00000, 0x000000008ee00000, 0x000000008ef00000|  0%| F|  |TAMS 0x000000008ee00000, 0x000000008ee00000| Untracked 
| 207|0x000000008ef00000, 0x000000008ef00000, 0x000000008f000000|  0%| F|  |TAMS 0x000000008ef00000, 0x000000008ef00000| Untracked 
| 208|0x000000008f000000, 0x000000008f000000, 0x000000008f100000|  0%| F|  |TAMS 0x000000008f000000, 0x000000008f000000| Untracked 
| 209|0x000000008f100000, 0x000000008f100000, 0x000000008f200000|  0%| F|  |TAMS 0x000000008f100000, 0x000000008f100000| Untracked 
| 210|0x000000008f200000, 0x000000008f200000, 0x000000008f300000|  0%| F|  |TAMS 0x000000008f200000, 0x000000008f200000| Untracked 
| 211|0x000000008f300000, 0x000000008f300000, 0x000000008f400000|  0%| F|  |TAMS 0x000000008f300000, 0x000000008f300000| Untracked 
| 212|0x000000008f400000, 0x000000008f400000, 0x000000008f500000|  0%| F|  |TAMS 0x000000008f400000, 0x000000008f400000| Untracked 
| 213|0x000000008f500000, 0x000000008f500000, 0x000000008f600000|  0%| F|  |TAMS 0x000000008f500000, 0x000000008f500000| Untracked 
| 214|0x000000008f600000, 0x000000008f600000, 0x000000008f700000|  0%| F|  |TAMS 0x000000008f600000, 0x000000008f600000| Untracked 
| 215|0x000000008f700000, 0x000000008f700000, 0x000000008f800000|  0%| F|  |TAMS 0x000000008f700000, 0x000000008f700000| Untracked 
| 216|0x000000008f800000, 0x000000008f800000, 0x000000008f900000|  0%| F|  |TAMS 0x000000008f800000, 0x000000008f800000| Untracked 
| 217|0x000000008f900000, 0x000000008f900000, 0x000000008fa00000|  0%| F|  |TAMS 0x000000008f900000, 0x000000008f900000| Untracked 
| 218|0x000000008fa00000, 0x000000008fa00000, 0x000000008fb00000|  0%| F|  |TAMS 0x000000008fa00000, 0x000000008fa00000| Untracked 
| 219|0x000000008fb00000, 0x000000008fb00000, 0x000000008fc00000|  0%| F|  |TAMS 0x000000008fb00000, 0x000000008fb00000| Untracked 
| 220|0x000000008fc00000, 0x000000008fc00000, 0x000000008fd00000|  0%| F|  |TAMS 0x000000008fc00000, 0x000000008fc00000| Untracked 
| 221|0x000000008fd00000, 0x000000008fd00000, 0x000000008fe00000|  0%| F|  |TAMS 0x000000008fd00000, 0x000000008fd00000| Untracked 
| 222|0x000000008fe00000, 0x000000008fe00000, 0x000000008ff00000|  0%| F|  |TAMS 0x000000008fe00000, 0x000000008fe00000| Untracked 
| 223|0x000000008ff00000, 0x000000008ff00000, 0x0000000090000000|  0%| F|  |TAMS 0x000000008ff00000, 0x000000008ff00000| Untracked 
| 224|0x0000000090000000, 0x0000000090000000, 0x0000000090100000|  0%| F|  |TAMS 0x0000000090000000, 0x0000000090000000| Untracked 
| 225|0x0000000090100000, 0x0000000090100000, 0x0000000090200000|  0%| F|  |TAMS 0x0000000090100000, 0x0000000090100000| Untracked 
| 226|0x0000000090200000, 0x0000000090200000, 0x0000000090300000|  0%| F|  |TAMS 0x0000000090200000, 0x0000000090200000| Untracked 
| 227|0x0000000090300000, 0x0000000090300000, 0x0000000090400000|  0%| F|  |TAMS 0x0000000090300000, 0x0000000090300000| Untracked 
| 228|0x0000000090400000, 0x0000000090400000, 0x0000000090500000|  0%| F|  |TAMS 0x0000000090400000, 0x0000000090400000| Untracked 
| 229|0x0000000090500000, 0x0000000090500000, 0x0000000090600000|  0%| F|  |TAMS 0x0000000090500000, 0x0000000090500000| Untracked 
| 230|0x0000000090600000, 0x0000000090600000, 0x0000000090700000|  0%| F|  |TAMS 0x0000000090600000, 0x0000000090600000| Untracked 
| 231|0x0000000090700000, 0x0000000090700000, 0x0000000090800000|  0%| F|  |TAMS 0x0000000090700000, 0x0000000090700000| Untracked 
| 232|0x0000000090800000, 0x0000000090800000, 0x0000000090900000|  0%| F|  |TAMS 0x0000000090800000, 0x0000000090800000| Untracked 
| 233|0x0000000090900000, 0x0000000090900000, 0x0000000090a00000|  0%| F|  |TAMS 0x0000000090900000, 0x0000000090900000| Untracked 
| 234|0x0000000090a00000, 0x0000000090a00000, 0x0000000090b00000|  0%| F|  |TAMS 0x0000000090a00000, 0x0000000090a00000| Untracked 
| 235|0x0000000090b00000, 0x0000000090b00000, 0x0000000090c00000|  0%| F|  |TAMS 0x0000000090b00000, 0x0000000090b00000| Untracked 
| 236|0x0000000090c00000, 0x0000000090c00000, 0x0000000090d00000|  0%| F|  |TAMS 0x0000000090c00000, 0x0000000090c00000| Untracked 
| 237|0x0000000090d00000, 0x0000000090d00000, 0x0000000090e00000|  0%| F|  |TAMS 0x0000000090d00000, 0x0000000090d00000| Untracked 
| 238|0x0000000090e00000, 0x0000000090e00000, 0x0000000090f00000|  0%| F|  |TAMS 0x0000000090e00000, 0x0000000090e00000| Untracked 
| 239|0x0000000090f00000, 0x0000000090f00000, 0x0000000091000000|  0%| F|  |TAMS 0x0000000090f00000, 0x0000000090f00000| Untracked 
| 240|0x0000000091000000, 0x0000000091000000, 0x0000000091100000|  0%| F|  |TAMS 0x0000000091000000, 0x0000000091000000| Untracked 
| 241|0x0000000091100000, 0x0000000091100000, 0x0000000091200000|  0%| F|  |TAMS 0x0000000091100000, 0x0000000091100000| Untracked 
| 242|0x0000000091200000, 0x0000000091200000, 0x0000000091300000|  0%| F|  |TAMS 0x0000000091200000, 0x0000000091200000| Untracked 
| 243|0x0000000091300000, 0x0000000091300000, 0x0000000091400000|  0%| F|  |TAMS 0x0000000091300000, 0x0000000091300000| Untracked 
| 244|0x0000000091400000, 0x0000000091400000, 0x0000000091500000|  0%| F|  |TAMS 0x0000000091400000, 0x0000000091400000| Untracked 
| 245|0x0000000091500000, 0x0000000091500000, 0x0000000091600000|  0%| F|  |TAMS 0x0000000091500000, 0x0000000091500000| Untracked 
| 246|0x0000000091600000, 0x0000000091600000, 0x0000000091700000|  0%| F|  |TAMS 0x0000000091600000, 0x0000000091600000| Untracked 
| 247|0x0000000091700000, 0x0000000091700000, 0x0000000091800000|  0%| F|  |TAMS 0x0000000091700000, 0x0000000091700000| Untracked 
| 248|0x0000000091800000, 0x0000000091800000, 0x0000000091900000|  0%| F|  |TAMS 0x0000000091800000, 0x0000000091800000| Untracked 
| 249|0x0000000091900000, 0x0000000091900000, 0x0000000091a00000|  0%| F|  |TAMS 0x0000000091900000, 0x0000000091900000| Untracked 
| 250|0x0000000091a00000, 0x0000000091a00000, 0x0000000091b00000|  0%| F|  |TAMS 0x0000000091a00000, 0x0000000091a00000| Untracked 
| 251|0x0000000091b00000, 0x0000000091b00000, 0x0000000091c00000|  0%| F|  |TAMS 0x0000000091b00000, 0x0000000091b00000| Untracked 
| 252|0x0000000091c00000, 0x0000000091c00000, 0x0000000091d00000|  0%| F|  |TAMS 0x0000000091c00000, 0x0000000091c00000| Untracked 
| 253|0x0000000091d00000, 0x0000000091d00000, 0x0000000091e00000|  0%| F|  |TAMS 0x0000000091d00000, 0x0000000091d00000| Untracked 
| 254|0x0000000091e00000, 0x0000000091e00000, 0x0000000091f00000|  0%| F|  |TAMS 0x0000000091e00000, 0x0000000091e00000| Untracked 
| 255|0x0000000091f00000, 0x0000000091f00000, 0x0000000092000000|  0%| F|  |TAMS 0x0000000091f00000, 0x0000000091f00000| Untracked 
| 256|0x0000000092000000, 0x0000000092000000, 0x0000000092100000|  0%| F|  |TAMS 0x0000000092000000, 0x0000000092000000| Untracked 
| 257|0x0000000092100000, 0x0000000092100000, 0x0000000092200000|  0%| F|  |TAMS 0x0000000092100000, 0x0000000092100000| Untracked 
| 258|0x0000000092200000, 0x0000000092200000, 0x0000000092300000|  0%| F|  |TAMS 0x0000000092200000, 0x0000000092200000| Untracked 
| 259|0x0000000092300000, 0x0000000092300000, 0x0000000092400000|  0%| F|  |TAMS 0x0000000092300000, 0x0000000092300000| Untracked 
| 260|0x0000000092400000, 0x0000000092400000, 0x0000000092500000|  0%| F|  |TAMS 0x0000000092400000, 0x0000000092400000| Untracked 
| 261|0x0000000092500000, 0x0000000092500000, 0x0000000092600000|  0%| F|  |TAMS 0x0000000092500000, 0x0000000092500000| Untracked 
| 262|0x0000000092600000, 0x0000000092600000, 0x0000000092700000|  0%| F|  |TAMS 0x0000000092600000, 0x0000000092600000| Untracked 
| 263|0x0000000092700000, 0x0000000092700000, 0x0000000092800000|  0%| F|  |TAMS 0x0000000092700000, 0x0000000092700000| Untracked 
| 264|0x0000000092800000, 0x0000000092800000, 0x0000000092900000|  0%| F|  |TAMS 0x0000000092800000, 0x0000000092800000| Untracked 
| 265|0x0000000092900000, 0x0000000092900000, 0x0000000092a00000|  0%| F|  |TAMS 0x0000000092900000, 0x0000000092900000| Untracked 
| 266|0x0000000092a00000, 0x0000000092a00000, 0x0000000092b00000|  0%| F|  |TAMS 0x0000000092a00000, 0x0000000092a00000| Untracked 
| 267|0x0000000092b00000, 0x0000000092b00000, 0x0000000092c00000|  0%| F|  |TAMS 0x0000000092b00000, 0x0000000092b00000| Untracked 
| 268|0x0000000092c00000, 0x0000000092c00000, 0x0000000092d00000|  0%| F|  |TAMS 0x0000000092c00000, 0x0000000092c00000| Untracked 
| 269|0x0000000092d00000, 0x0000000092d00000, 0x0000000092e00000|  0%| F|  |TAMS 0x0000000092d00000, 0x0000000092d00000| Untracked 
| 270|0x0000000092e00000, 0x0000000092e00000, 0x0000000092f00000|  0%| F|  |TAMS 0x0000000092e00000, 0x0000000092e00000| Untracked 
| 271|0x0000000092f00000, 0x0000000092f00000, 0x0000000093000000|  0%| F|  |TAMS 0x0000000092f00000, 0x0000000092f00000| Untracked 
| 272|0x0000000093000000, 0x0000000093000000, 0x0000000093100000|  0%| F|  |TAMS 0x0000000093000000, 0x0000000093000000| Untracked 
| 273|0x0000000093100000, 0x0000000093100000, 0x0000000093200000|  0%| F|  |TAMS 0x0000000093100000, 0x0000000093100000| Untracked 
| 274|0x0000000093200000, 0x0000000093200000, 0x0000000093300000|  0%| F|  |TAMS 0x0000000093200000, 0x0000000093200000| Untracked 
| 275|0x0000000093300000, 0x0000000093400000, 0x0000000093400000|100%|HS|  |TAMS 0x0000000093300000, 0x0000000093400000| Complete 
| 276|0x0000000093400000, 0x0000000093500000, 0x0000000093500000|100%|HC|  |TAMS 0x0000000093400000, 0x0000000093500000| Complete 
| 277|0x0000000093500000, 0x0000000093600000, 0x0000000093600000|100%|HC|  |TAMS 0x0000000093500000, 0x0000000093600000| Complete 
| 278|0x0000000093600000, 0x0000000093700000, 0x0000000093700000|100%|HC|  |TAMS 0x0000000093600000, 0x0000000093700000| Complete 
| 279|0x0000000093700000, 0x0000000093800000, 0x0000000093800000|100%|HC|  |TAMS 0x0000000093700000, 0x0000000093800000| Complete 
| 280|0x0000000093800000, 0x0000000093900000, 0x0000000093900000|100%|HC|  |TAMS 0x0000000093800000, 0x0000000093900000| Complete 
| 281|0x0000000093900000, 0x0000000093a00000, 0x0000000093a00000|100%|HC|  |TAMS 0x0000000093900000, 0x0000000093a00000| Complete 
| 282|0x0000000093a00000, 0x0000000093b00000, 0x0000000093b00000|100%|HC|  |TAMS 0x0000000093a00000, 0x0000000093b00000| Complete 
| 283|0x0000000093b00000, 0x0000000093c00000, 0x0000000093c00000|100%|HC|  |TAMS 0x0000000093b00000, 0x0000000093c00000| Complete 
| 284|0x0000000093c00000, 0x0000000093d00000, 0x0000000093d00000|100%|HC|  |TAMS 0x0000000093c00000, 0x0000000093d00000| Complete 
| 285|0x0000000093d00000, 0x0000000093e00000, 0x0000000093e00000|100%|HC|  |TAMS 0x0000000093d00000, 0x0000000093e00000| Complete 
| 286|0x0000000093e00000, 0x0000000093f00000, 0x0000000093f00000|100%|HC|  |TAMS 0x0000000093e00000, 0x0000000093f00000| Complete 
| 287|0x0000000093f00000, 0x0000000094000000, 0x0000000094000000|100%|HC|  |TAMS 0x0000000093f00000, 0x0000000094000000| Complete 
| 288|0x0000000094000000, 0x0000000094100000, 0x0000000094100000|100%|HC|  |TAMS 0x0000000094000000, 0x0000000094100000| Complete 
| 289|0x0000000094100000, 0x0000000094200000, 0x0000000094200000|100%|HC|  |TAMS 0x0000000094100000, 0x0000000094200000| Complete 
| 290|0x0000000094200000, 0x0000000094300000, 0x0000000094300000|100%|HC|  |TAMS 0x0000000094200000, 0x0000000094300000| Complete 
| 291|0x0000000094300000, 0x0000000094400000, 0x0000000094400000|100%|HC|  |TAMS 0x0000000094300000, 0x0000000094400000| Complete 
| 292|0x0000000094400000, 0x0000000094500000, 0x0000000094500000|100%|HC|  |TAMS 0x0000000094400000, 0x0000000094500000| Complete 
| 293|0x0000000094500000, 0x0000000094600000, 0x0000000094600000|100%|HC|  |TAMS 0x0000000094500000, 0x0000000094600000| Complete 
| 294|0x0000000094600000, 0x0000000094700000, 0x0000000094700000|100%|HC|  |TAMS 0x0000000094600000, 0x0000000094700000| Complete 
| 295|0x0000000094700000, 0x0000000094800000, 0x0000000094800000|100%|HC|  |TAMS 0x0000000094700000, 0x0000000094800000| Complete 
| 296|0x0000000094800000, 0x0000000094900000, 0x0000000094900000|100%|HC|  |TAMS 0x0000000094800000, 0x0000000094900000| Complete 
| 297|0x0000000094900000, 0x0000000094a00000, 0x0000000094a00000|100%|HC|  |TAMS 0x0000000094900000, 0x0000000094a00000| Complete 
| 298|0x0000000094a00000, 0x0000000094b00000, 0x0000000094b00000|100%|HC|  |TAMS 0x0000000094a00000, 0x0000000094b00000| Complete 
| 299|0x0000000094b00000, 0x0000000094c00000, 0x0000000094c00000|100%|HC|  |TAMS 0x0000000094b00000, 0x0000000094c00000| Complete 
| 300|0x0000000094c00000, 0x0000000094d00000, 0x0000000094d00000|100%|HC|  |TAMS 0x0000000094c00000, 0x0000000094d00000| Complete 
| 301|0x0000000094d00000, 0x0000000094e00000, 0x0000000094e00000|100%|HC|  |TAMS 0x0000000094d00000, 0x0000000094e00000| Complete 
| 302|0x0000000094e00000, 0x0000000094f00000, 0x0000000094f00000|100%|HC|  |TAMS 0x0000000094e00000, 0x0000000094f00000| Complete 
| 303|0x0000000094f00000, 0x0000000095000000, 0x0000000095000000|100%|HC|  |TAMS 0x0000000094f00000, 0x0000000095000000| Complete 
| 304|0x0000000095000000, 0x0000000095100000, 0x0000000095100000|100%|HC|  |TAMS 0x0000000095000000, 0x0000000095100000| Complete 
| 305|0x0000000095100000, 0x0000000095200000, 0x0000000095200000|100%|HC|  |TAMS 0x0000000095100000, 0x0000000095200000| Complete 
| 306|0x0000000095200000, 0x0000000095300000, 0x0000000095300000|100%|HC|  |TAMS 0x0000000095200000, 0x0000000095300000| Complete 
| 307|0x0000000095300000, 0x0000000095400000, 0x0000000095400000|100%|HC|  |TAMS 0x0000000095300000, 0x0000000095400000| Complete 
| 308|0x0000000095400000, 0x0000000095500000, 0x0000000095500000|100%|HC|  |TAMS 0x0000000095400000, 0x0000000095500000| Complete 
| 309|0x0000000095500000, 0x0000000095600000, 0x0000000095600000|100%|HC|  |TAMS 0x0000000095500000, 0x0000000095600000| Complete 
| 310|0x0000000095600000, 0x0000000095700000, 0x0000000095700000|100%|HC|  |TAMS 0x0000000095600000, 0x0000000095700000| Complete 
| 311|0x0000000095700000, 0x0000000095800000, 0x0000000095800000|100%|HC|  |TAMS 0x0000000095700000, 0x0000000095800000| Complete 
| 312|0x0000000095800000, 0x0000000095900000, 0x0000000095900000|100%|HC|  |TAMS 0x0000000095800000, 0x0000000095900000| Complete 
| 313|0x0000000095900000, 0x0000000095a00000, 0x0000000095a00000|100%|HC|  |TAMS 0x0000000095900000, 0x0000000095a00000| Complete 
| 314|0x0000000095a00000, 0x0000000095b00000, 0x0000000095b00000|100%|HC|  |TAMS 0x0000000095a00000, 0x0000000095b00000| Complete 
| 315|0x0000000095b00000, 0x0000000095c00000, 0x0000000095c00000|100%|HC|  |TAMS 0x0000000095b00000, 0x0000000095c00000| Complete 
| 316|0x0000000095c00000, 0x0000000095d00000, 0x0000000095d00000|100%|HC|  |TAMS 0x0000000095c00000, 0x0000000095d00000| Complete 
| 317|0x0000000095d00000, 0x0000000095e00000, 0x0000000095e00000|100%|HC|  |TAMS 0x0000000095d00000, 0x0000000095e00000| Complete 
| 318|0x0000000095e00000, 0x0000000095f00000, 0x0000000095f00000|100%|HC|  |TAMS 0x0000000095e00000, 0x0000000095f00000| Complete 
| 319|0x0000000095f00000, 0x0000000096000000, 0x0000000096000000|100%|HC|  |TAMS 0x0000000095f00000, 0x0000000096000000| Complete 
| 320|0x0000000096000000, 0x0000000096100000, 0x0000000096100000|100%|HC|  |TAMS 0x0000000096000000, 0x0000000096100000| Complete 
| 321|0x0000000096100000, 0x0000000096200000, 0x0000000096200000|100%|HC|  |TAMS 0x0000000096100000, 0x0000000096200000| Complete 
| 322|0x0000000096200000, 0x0000000096300000, 0x0000000096300000|100%|HC|  |TAMS 0x0000000096200000, 0x0000000096300000| Complete 
| 323|0x0000000096300000, 0x0000000096400000, 0x0000000096400000|100%|HC|  |TAMS 0x0000000096300000, 0x0000000096400000| Complete 
| 324|0x0000000096400000, 0x0000000096500000, 0x0000000096500000|100%|HC|  |TAMS 0x0000000096400000, 0x0000000096500000| Complete 
| 325|0x0000000096500000, 0x0000000096600000, 0x0000000096600000|100%|HC|  |TAMS 0x0000000096500000, 0x0000000096600000| Complete 
| 326|0x0000000096600000, 0x0000000096700000, 0x0000000096700000|100%|HC|  |TAMS 0x0000000096600000, 0x0000000096700000| Complete 
| 327|0x0000000096700000, 0x0000000096800000, 0x0000000096800000|100%|HC|  |TAMS 0x0000000096700000, 0x0000000096800000| Complete 
| 328|0x0000000096800000, 0x0000000096900000, 0x0000000096900000|100%|HC|  |TAMS 0x0000000096800000, 0x0000000096900000| Complete 
| 329|0x0000000096900000, 0x0000000096a00000, 0x0000000096a00000|100%|HC|  |TAMS 0x0000000096900000, 0x0000000096a00000| Complete 
| 330|0x0000000096a00000, 0x0000000096b00000, 0x0000000096b00000|100%|HC|  |TAMS 0x0000000096a00000, 0x0000000096b00000| Complete 
| 331|0x0000000096b00000, 0x0000000096c00000, 0x0000000096c00000|100%|HC|  |TAMS 0x0000000096b00000, 0x0000000096c00000| Complete 
| 332|0x0000000096c00000, 0x0000000096d00000, 0x0000000096d00000|100%|HC|  |TAMS 0x0000000096c00000, 0x0000000096d00000| Complete 
| 333|0x0000000096d00000, 0x0000000096e00000, 0x0000000096e00000|100%|HC|  |TAMS 0x0000000096d00000, 0x0000000096e00000| Complete 
| 334|0x0000000096e00000, 0x0000000096f00000, 0x0000000096f00000|100%|HC|  |TAMS 0x0000000096e00000, 0x0000000096f00000| Complete 
| 335|0x0000000096f00000, 0x0000000097000000, 0x0000000097000000|100%|HC|  |TAMS 0x0000000096f00000, 0x0000000097000000| Complete 
| 336|0x0000000097000000, 0x0000000097100000, 0x0000000097100000|100%|HC|  |TAMS 0x0000000097000000, 0x0000000097100000| Complete 
| 337|0x0000000097100000, 0x0000000097200000, 0x0000000097200000|100%|HC|  |TAMS 0x0000000097100000, 0x0000000097200000| Complete 
| 338|0x0000000097200000, 0x0000000097300000, 0x0000000097300000|100%|HC|  |TAMS 0x0000000097200000, 0x0000000097300000| Complete 
| 339|0x0000000097300000, 0x0000000097400000, 0x0000000097400000|100%|HC|  |TAMS 0x0000000097300000, 0x0000000097400000| Complete 
| 340|0x0000000097400000, 0x0000000097500000, 0x0000000097500000|100%|HC|  |TAMS 0x0000000097400000, 0x0000000097500000| Complete 
| 341|0x0000000097500000, 0x0000000097600000, 0x0000000097600000|100%|HC|  |TAMS 0x0000000097500000, 0x0000000097600000| Complete 
| 342|0x0000000097600000, 0x0000000097700000, 0x0000000097700000|100%|HC|  |TAMS 0x0000000097600000, 0x0000000097700000| Complete 
| 343|0x0000000097700000, 0x0000000097800000, 0x0000000097800000|100%|HC|  |TAMS 0x0000000097700000, 0x0000000097800000| Complete 
| 344|0x0000000097800000, 0x0000000097900000, 0x0000000097900000|100%|HC|  |TAMS 0x0000000097800000, 0x0000000097900000| Complete 
| 345|0x0000000097900000, 0x0000000097a00000, 0x0000000097a00000|100%|HC|  |TAMS 0x0000000097900000, 0x0000000097a00000| Complete 
| 346|0x0000000097a00000, 0x0000000097b00000, 0x0000000097b00000|100%|HC|  |TAMS 0x0000000097a00000, 0x0000000097b00000| Complete 
| 347|0x0000000097b00000, 0x0000000097c00000, 0x0000000097c00000|100%|HC|  |TAMS 0x0000000097b00000, 0x0000000097c00000| Complete 
| 348|0x0000000097c00000, 0x0000000097d00000, 0x0000000097d00000|100%|HC|  |TAMS 0x0000000097c00000, 0x0000000097d00000| Complete 
| 349|0x0000000097d00000, 0x0000000097e00000, 0x0000000097e00000|100%|HC|  |TAMS 0x0000000097d00000, 0x0000000097e00000| Complete 
| 350|0x0000000097e00000, 0x0000000097f00000, 0x0000000097f00000|100%|HC|  |TAMS 0x0000000097e00000, 0x0000000097f00000| Complete 
| 351|0x0000000097f00000, 0x0000000098000000, 0x0000000098000000|100%|HC|  |TAMS 0x0000000097f00000, 0x0000000098000000| Complete 
| 352|0x0000000098000000, 0x0000000098100000, 0x0000000098100000|100%|HC|  |TAMS 0x0000000098000000, 0x0000000098100000| Complete 
| 353|0x0000000098100000, 0x0000000098100000, 0x0000000098200000|  0%| F|  |TAMS 0x0000000098100000, 0x0000000098100000| Untracked 
| 354|0x0000000098200000, 0x0000000098200000, 0x0000000098300000|  0%| F|  |TAMS 0x0000000098200000, 0x0000000098200000| Untracked 
| 355|0x0000000098300000, 0x0000000098300000, 0x0000000098400000|  0%| F|  |TAMS 0x0000000098300000, 0x0000000098300000| Untracked 
| 356|0x0000000098400000, 0x0000000098400000, 0x0000000098500000|  0%| F|  |TAMS 0x0000000098400000, 0x0000000098400000| Untracked 
| 357|0x0000000098500000, 0x0000000098500000, 0x0000000098600000|  0%| F|  |TAMS 0x0000000098500000, 0x0000000098500000| Untracked 
| 358|0x0000000098600000, 0x0000000098600000, 0x0000000098700000|  0%| F|  |TAMS 0x0000000098600000, 0x0000000098600000| Untracked 
| 359|0x0000000098700000, 0x0000000098700000, 0x0000000098800000|  0%| F|  |TAMS 0x0000000098700000, 0x0000000098700000| Untracked 
| 360|0x0000000098800000, 0x0000000098800000, 0x0000000098900000|  0%| F|  |TAMS 0x0000000098800000, 0x0000000098800000| Untracked 
| 361|0x0000000098900000, 0x0000000098900000, 0x0000000098a00000|  0%| F|  |TAMS 0x0000000098900000, 0x0000000098900000| Untracked 
| 362|0x0000000098a00000, 0x0000000098a00000, 0x0000000098b00000|  0%| F|  |TAMS 0x0000000098a00000, 0x0000000098a00000| Untracked 
| 363|0x0000000098b00000, 0x0000000098b00000, 0x0000000098c00000|  0%| F|  |TAMS 0x0000000098b00000, 0x0000000098b00000| Untracked 
| 364|0x0000000098c00000, 0x0000000098c00000, 0x0000000098d00000|  0%| F|  |TAMS 0x0000000098c00000, 0x0000000098c00000| Untracked 
| 365|0x0000000098d00000, 0x0000000098d00000, 0x0000000098e00000|  0%| F|  |TAMS 0x0000000098d00000, 0x0000000098d00000| Untracked 
| 366|0x0000000098e00000, 0x0000000098e00000, 0x0000000098f00000|  0%| F|  |TAMS 0x0000000098e00000, 0x0000000098e00000| Untracked 
| 367|0x0000000098f00000, 0x0000000098f00000, 0x0000000099000000|  0%| F|  |TAMS 0x0000000098f00000, 0x0000000098f00000| Untracked 
| 368|0x0000000099000000, 0x0000000099000000, 0x0000000099100000|  0%| F|  |TAMS 0x0000000099000000, 0x0000000099000000| Untracked 
| 369|0x0000000099100000, 0x0000000099100000, 0x0000000099200000|  0%| F|  |TAMS 0x0000000099100000, 0x0000000099100000| Untracked 
| 370|0x0000000099200000, 0x0000000099200000, 0x0000000099300000|  0%| F|  |TAMS 0x0000000099200000, 0x0000000099200000| Untracked 
| 371|0x0000000099300000, 0x0000000099300000, 0x0000000099400000|  0%| F|  |TAMS 0x0000000099300000, 0x0000000099300000| Untracked 
| 372|0x0000000099400000, 0x0000000099400000, 0x0000000099500000|  0%| F|  |TAMS 0x0000000099400000, 0x0000000099400000| Untracked 
| 373|0x0000000099500000, 0x0000000099500000, 0x0000000099600000|  0%| F|  |TAMS 0x0000000099500000, 0x0000000099500000| Untracked 
| 374|0x0000000099600000, 0x0000000099600000, 0x0000000099700000|  0%| F|  |TAMS 0x0000000099600000, 0x0000000099600000| Untracked 
| 375|0x0000000099700000, 0x0000000099700000, 0x0000000099800000|  0%| F|  |TAMS 0x0000000099700000, 0x0000000099700000| Untracked 
| 376|0x0000000099800000, 0x0000000099800000, 0x0000000099900000|  0%| F|  |TAMS 0x0000000099800000, 0x0000000099800000| Untracked 
| 377|0x0000000099900000, 0x0000000099900000, 0x0000000099a00000|  0%| F|  |TAMS 0x0000000099900000, 0x0000000099900000| Untracked 
| 378|0x0000000099a00000, 0x0000000099a00000, 0x0000000099b00000|  0%| F|  |TAMS 0x0000000099a00000, 0x0000000099a00000| Untracked 
| 379|0x0000000099b00000, 0x0000000099b00000, 0x0000000099c00000|  0%| F|  |TAMS 0x0000000099b00000, 0x0000000099b00000| Untracked 
| 380|0x0000000099c00000, 0x0000000099c00000, 0x0000000099d00000|  0%| F|  |TAMS 0x0000000099c00000, 0x0000000099c00000| Untracked 
| 381|0x0000000099d00000, 0x0000000099d00000, 0x0000000099e00000|  0%| F|  |TAMS 0x0000000099d00000, 0x0000000099d00000| Untracked 
| 382|0x0000000099e00000, 0x0000000099e00000, 0x0000000099f00000|  0%| F|  |TAMS 0x0000000099e00000, 0x0000000099e00000| Untracked 
| 383|0x0000000099f00000, 0x0000000099f00000, 0x000000009a000000|  0%| F|  |TAMS 0x0000000099f00000, 0x0000000099f00000| Untracked 
| 384|0x000000009a000000, 0x000000009a000000, 0x000000009a100000|  0%| F|  |TAMS 0x000000009a000000, 0x000000009a000000| Untracked 
| 385|0x000000009a100000, 0x000000009a100000, 0x000000009a200000|  0%| F|  |TAMS 0x000000009a100000, 0x000000009a100000| Untracked 
| 386|0x000000009a200000, 0x000000009a200000, 0x000000009a300000|  0%| F|  |TAMS 0x000000009a200000, 0x000000009a200000| Untracked 
| 387|0x000000009a300000, 0x000000009a300000, 0x000000009a400000|  0%| F|  |TAMS 0x000000009a300000, 0x000000009a300000| Untracked 
| 388|0x000000009a400000, 0x000000009a400000, 0x000000009a500000|  0%| F|  |TAMS 0x000000009a400000, 0x000000009a400000| Untracked 
| 389|0x000000009a500000, 0x000000009a500000, 0x000000009a600000|  0%| F|  |TAMS 0x000000009a500000, 0x000000009a500000| Untracked 
| 390|0x000000009a600000, 0x000000009a600000, 0x000000009a700000|  0%| F|  |TAMS 0x000000009a600000, 0x000000009a600000| Untracked 
| 391|0x000000009a700000, 0x000000009a700000, 0x000000009a800000|  0%| F|  |TAMS 0x000000009a700000, 0x000000009a700000| Untracked 
| 392|0x000000009a800000, 0x000000009a800000, 0x000000009a900000|  0%| F|  |TAMS 0x000000009a800000, 0x000000009a800000| Untracked 
| 393|0x000000009a900000, 0x000000009a900000, 0x000000009aa00000|  0%| F|  |TAMS 0x000000009a900000, 0x000000009a900000| Untracked 
| 394|0x000000009aa00000, 0x000000009aa00000, 0x000000009ab00000|  0%| F|  |TAMS 0x000000009aa00000, 0x000000009aa00000| Untracked 
| 395|0x000000009ab00000, 0x000000009ab00000, 0x000000009ac00000|  0%| F|  |TAMS 0x000000009ab00000, 0x000000009ab00000| Untracked 
| 396|0x000000009ac00000, 0x000000009ac00000, 0x000000009ad00000|  0%| F|  |TAMS 0x000000009ac00000, 0x000000009ac00000| Untracked 
| 397|0x000000009ad00000, 0x000000009ad00000, 0x000000009ae00000|  0%| F|  |TAMS 0x000000009ad00000, 0x000000009ad00000| Untracked 
| 398|0x000000009ae00000, 0x000000009ae00000, 0x000000009af00000|  0%| F|  |TAMS 0x000000009ae00000, 0x000000009ae00000| Untracked 
| 399|0x000000009af00000, 0x000000009af00000, 0x000000009b000000|  0%| F|  |TAMS 0x000000009af00000, 0x000000009af00000| Untracked 
| 400|0x000000009b000000, 0x000000009b000000, 0x000000009b100000|  0%| F|  |TAMS 0x000000009b000000, 0x000000009b000000| Untracked 
| 401|0x000000009b100000, 0x000000009b100000, 0x000000009b200000|  0%| F|  |TAMS 0x000000009b100000, 0x000000009b100000| Untracked 
| 402|0x000000009b200000, 0x000000009b200000, 0x000000009b300000|  0%| F|  |TAMS 0x000000009b200000, 0x000000009b200000| Untracked 
| 403|0x000000009b300000, 0x000000009b300000, 0x000000009b400000|  0%| F|  |TAMS 0x000000009b300000, 0x000000009b300000| Untracked 
| 404|0x000000009b400000, 0x000000009b400000, 0x000000009b500000|  0%| F|  |TAMS 0x000000009b400000, 0x000000009b400000| Untracked 
| 405|0x000000009b500000, 0x000000009b500000, 0x000000009b600000|  0%| F|  |TAMS 0x000000009b500000, 0x000000009b500000| Untracked 
| 406|0x000000009b600000, 0x000000009b600000, 0x000000009b700000|  0%| F|  |TAMS 0x000000009b600000, 0x000000009b600000| Untracked 
| 407|0x000000009b700000, 0x000000009b700000, 0x000000009b800000|  0%| F|  |TAMS 0x000000009b700000, 0x000000009b700000| Untracked 
| 408|0x000000009b800000, 0x000000009b800000, 0x000000009b900000|  0%| F|  |TAMS 0x000000009b800000, 0x000000009b800000| Untracked 
| 409|0x000000009b900000, 0x000000009b900000, 0x000000009ba00000|  0%| F|  |TAMS 0x000000009b900000, 0x000000009b900000| Untracked 
| 410|0x000000009ba00000, 0x000000009ba00000, 0x000000009bb00000|  0%| F|  |TAMS 0x000000009ba00000, 0x000000009ba00000| Untracked 
| 411|0x000000009bb00000, 0x000000009bb00000, 0x000000009bc00000|  0%| F|  |TAMS 0x000000009bb00000, 0x000000009bb00000| Untracked 
| 412|0x000000009bc00000, 0x000000009bc311a0, 0x000000009bd00000| 19%| S|CS|TAMS 0x000000009bc00000, 0x000000009bc00000| Complete 
| 413|0x000000009bd00000, 0x000000009be00000, 0x000000009be00000|100%| S|CS|TAMS 0x000000009bd00000, 0x000000009bd00000| Complete 
| 414|0x000000009be00000, 0x000000009bf00000, 0x000000009bf00000|100%| S|CS|TAMS 0x000000009be00000, 0x000000009be00000| Complete 
| 415|0x000000009bf00000, 0x000000009bf00000, 0x000000009c000000|  0%| F|  |TAMS 0x000000009bf00000, 0x000000009bf00000| Untracked 
| 416|0x000000009c000000, 0x000000009c000000, 0x000000009c100000|  0%| F|  |TAMS 0x000000009c000000, 0x000000009c000000| Untracked 
| 417|0x000000009c100000, 0x000000009c100000, 0x000000009c200000|  0%| F|  |TAMS 0x000000009c100000, 0x000000009c100000| Untracked 
| 418|0x000000009c200000, 0x000000009c200000, 0x000000009c300000|  0%| F|  |TAMS 0x000000009c200000, 0x000000009c200000| Untracked 
| 419|0x000000009c300000, 0x000000009c300000, 0x000000009c400000|  0%| F|  |TAMS 0x000000009c300000, 0x000000009c300000| Untracked 
| 420|0x000000009c400000, 0x000000009c400000, 0x000000009c500000|  0%| F|  |TAMS 0x000000009c400000, 0x000000009c400000| Untracked 
| 421|0x000000009c500000, 0x000000009c500000, 0x000000009c600000|  0%| F|  |TAMS 0x000000009c500000, 0x000000009c500000| Untracked 
| 422|0x000000009c600000, 0x000000009c600000, 0x000000009c700000|  0%| F|  |TAMS 0x000000009c600000, 0x000000009c600000| Untracked 
| 423|0x000000009c700000, 0x000000009c700000, 0x000000009c800000|  0%| F|  |TAMS 0x000000009c700000, 0x000000009c700000| Untracked 
| 424|0x000000009c800000, 0x000000009c800000, 0x000000009c900000|  0%| F|  |TAMS 0x000000009c800000, 0x000000009c800000| Untracked 
| 425|0x000000009c900000, 0x000000009c900000, 0x000000009ca00000|  0%| F|  |TAMS 0x000000009c900000, 0x000000009c900000| Untracked 
| 426|0x000000009ca00000, 0x000000009ca00000, 0x000000009cb00000|  0%| F|  |TAMS 0x000000009ca00000, 0x000000009ca00000| Untracked 
| 427|0x000000009cb00000, 0x000000009cb00000, 0x000000009cc00000|  0%| F|  |TAMS 0x000000009cb00000, 0x000000009cb00000| Untracked 
| 428|0x000000009cc00000, 0x000000009cc00000, 0x000000009cd00000|  0%| F|  |TAMS 0x000000009cc00000, 0x000000009cc00000| Untracked 
| 429|0x000000009cd00000, 0x000000009cd00000, 0x000000009ce00000|  0%| F|  |TAMS 0x000000009cd00000, 0x000000009cd00000| Untracked 
| 430|0x000000009ce00000, 0x000000009ce00000, 0x000000009cf00000|  0%| F|  |TAMS 0x000000009ce00000, 0x000000009ce00000| Untracked 
| 431|0x000000009cf00000, 0x000000009cf00000, 0x000000009d000000|  0%| F|  |TAMS 0x000000009cf00000, 0x000000009cf00000| Untracked 
| 432|0x000000009d000000, 0x000000009d000000, 0x000000009d100000|  0%| F|  |TAMS 0x000000009d000000, 0x000000009d000000| Untracked 
| 433|0x000000009d100000, 0x000000009d100000, 0x000000009d200000|  0%| F|  |TAMS 0x000000009d100000, 0x000000009d100000| Untracked 
| 434|0x000000009d200000, 0x000000009d200000, 0x000000009d300000|  0%| F|  |TAMS 0x000000009d200000, 0x000000009d200000| Untracked 
| 435|0x000000009d300000, 0x000000009d300000, 0x000000009d400000|  0%| F|  |TAMS 0x000000009d300000, 0x000000009d300000| Untracked 
| 436|0x000000009d400000, 0x000000009d400000, 0x000000009d500000|  0%| F|  |TAMS 0x000000009d400000, 0x000000009d400000| Untracked 
| 437|0x000000009d500000, 0x000000009d500000, 0x000000009d600000|  0%| F|  |TAMS 0x000000009d500000, 0x000000009d500000| Untracked 
| 438|0x000000009d600000, 0x000000009d600000, 0x000000009d700000|  0%| F|  |TAMS 0x000000009d600000, 0x000000009d600000| Untracked 
| 439|0x000000009d700000, 0x000000009d700000, 0x000000009d800000|  0%| F|  |TAMS 0x000000009d700000, 0x000000009d700000| Untracked 
| 440|0x000000009d800000, 0x000000009d800000, 0x000000009d900000|  0%| F|  |TAMS 0x000000009d800000, 0x000000009d800000| Untracked 
| 441|0x000000009d900000, 0x000000009d900000, 0x000000009da00000|  0%| F|  |TAMS 0x000000009d900000, 0x000000009d900000| Untracked 
| 442|0x000000009da00000, 0x000000009da00000, 0x000000009db00000|  0%| F|  |TAMS 0x000000009da00000, 0x000000009da00000| Untracked 
| 443|0x000000009db00000, 0x000000009db00000, 0x000000009dc00000|  0%| F|  |TAMS 0x000000009db00000, 0x000000009db00000| Untracked 
| 444|0x000000009dc00000, 0x000000009dc00000, 0x000000009dd00000|  0%| F|  |TAMS 0x000000009dc00000, 0x000000009dc00000| Untracked 
| 445|0x000000009dd00000, 0x000000009dd00000, 0x000000009de00000|  0%| F|  |TAMS 0x000000009dd00000, 0x000000009dd00000| Untracked 
| 446|0x000000009de00000, 0x000000009de00000, 0x000000009df00000|  0%| F|  |TAMS 0x000000009de00000, 0x000000009de00000| Untracked 
| 447|0x000000009df00000, 0x000000009df00000, 0x000000009e000000|  0%| F|  |TAMS 0x000000009df00000, 0x000000009df00000| Untracked 
| 448|0x000000009e000000, 0x000000009e000000, 0x000000009e100000|  0%| F|  |TAMS 0x000000009e000000, 0x000000009e000000| Untracked 
| 449|0x000000009e100000, 0x000000009e100000, 0x000000009e200000|  0%| F|  |TAMS 0x000000009e100000, 0x000000009e100000| Untracked 
| 450|0x000000009e200000, 0x000000009e200000, 0x000000009e300000|  0%| F|  |TAMS 0x000000009e200000, 0x000000009e200000| Untracked 
| 451|0x000000009e300000, 0x000000009e300000, 0x000000009e400000|  0%| F|  |TAMS 0x000000009e300000, 0x000000009e300000| Untracked 
| 452|0x000000009e400000, 0x000000009e400000, 0x000000009e500000|  0%| F|  |TAMS 0x000000009e400000, 0x000000009e400000| Untracked 
| 453|0x000000009e500000, 0x000000009e500000, 0x000000009e600000|  0%| F|  |TAMS 0x000000009e500000, 0x000000009e500000| Untracked 
| 454|0x000000009e600000, 0x000000009e600000, 0x000000009e700000|  0%| F|  |TAMS 0x000000009e600000, 0x000000009e600000| Untracked 
| 455|0x000000009e700000, 0x000000009e700000, 0x000000009e800000|  0%| F|  |TAMS 0x000000009e700000, 0x000000009e700000| Untracked 
| 456|0x000000009e800000, 0x000000009e800000, 0x000000009e900000|  0%| F|  |TAMS 0x000000009e800000, 0x000000009e800000| Untracked 
| 457|0x000000009e900000, 0x000000009e900000, 0x000000009ea00000|  0%| F|  |TAMS 0x000000009e900000, 0x000000009e900000| Untracked 
| 458|0x000000009ea00000, 0x000000009ea00000, 0x000000009eb00000|  0%| F|  |TAMS 0x000000009ea00000, 0x000000009ea00000| Untracked 
| 459|0x000000009eb00000, 0x000000009eb00000, 0x000000009ec00000|  0%| F|  |TAMS 0x000000009eb00000, 0x000000009eb00000| Untracked 
| 460|0x000000009ec00000, 0x000000009ec00000, 0x000000009ed00000|  0%| F|  |TAMS 0x000000009ec00000, 0x000000009ec00000| Untracked 
| 461|0x000000009ed00000, 0x000000009ed00000, 0x000000009ee00000|  0%| F|  |TAMS 0x000000009ed00000, 0x000000009ed00000| Untracked 
| 462|0x000000009ee00000, 0x000000009ee00000, 0x000000009ef00000|  0%| F|  |TAMS 0x000000009ee00000, 0x000000009ee00000| Untracked 
| 463|0x000000009ef00000, 0x000000009ef00000, 0x000000009f000000|  0%| F|  |TAMS 0x000000009ef00000, 0x000000009ef00000| Untracked 
| 464|0x000000009f000000, 0x000000009f000000, 0x000000009f100000|  0%| F|  |TAMS 0x000000009f000000, 0x000000009f000000| Untracked 
| 465|0x000000009f100000, 0x000000009f100000, 0x000000009f200000|  0%| F|  |TAMS 0x000000009f100000, 0x000000009f100000| Untracked 
| 466|0x000000009f200000, 0x000000009f200000, 0x000000009f300000|  0%| F|  |TAMS 0x000000009f200000, 0x000000009f200000| Untracked 
| 467|0x000000009f300000, 0x000000009f300000, 0x000000009f400000|  0%| F|  |TAMS 0x000000009f300000, 0x000000009f300000| Untracked 
| 468|0x000000009f400000, 0x000000009f400000, 0x000000009f500000|  0%| F|  |TAMS 0x000000009f400000, 0x000000009f400000| Untracked 
| 469|0x000000009f500000, 0x000000009f500000, 0x000000009f600000|  0%| F|  |TAMS 0x000000009f500000, 0x000000009f500000| Untracked 
| 470|0x000000009f600000, 0x000000009f600000, 0x000000009f700000|  0%| F|  |TAMS 0x000000009f600000, 0x000000009f600000| Untracked 
| 471|0x000000009f700000, 0x000000009f700000, 0x000000009f800000|  0%| F|  |TAMS 0x000000009f700000, 0x000000009f700000| Untracked 
| 472|0x000000009f800000, 0x000000009f800000, 0x000000009f900000|  0%| F|  |TAMS 0x000000009f800000, 0x000000009f800000| Untracked 
| 473|0x000000009f900000, 0x000000009f900000, 0x000000009fa00000|  0%| F|  |TAMS 0x000000009f900000, 0x000000009f900000| Untracked 

Card table byte_map: [0x000001dea43a0000,0x000001dea4790000] _byte_map_base: 0x000001dea3f90000

Marking Bits (Prev, Next): (CMBitMap*) 0x000001de8d77b570, (CMBitMap*) 0x000001de8d77b5b0
 Prev Bits: [0x000001dea4b80000, 0x000001dea6b00000)
 Next Bits: [0x000001dea6b00000, 0x000001dea8a80000)

Polling page: 0x000001de8b5d0000

Metaspace:

Usage:
  Non-class:     10.68 MB used.
      Class:      2.03 MB used.
       Both:     12.71 MB used.

Virtual space:
  Non-class space:       64.00 MB reserved,      10.81 MB ( 17%) committed,  1 nodes.
      Class space:        1.00 GB reserved,       2.19 MB ( <1%) committed,  1 nodes.
             Both:        1.06 GB reserved,      13.00 MB (  1%) committed. 

Chunk freelists:
   Non-Class:  3.61 MB
       Class:  13.86 MB
        Both:  17.47 MB

MaxMetaspaceSize: unlimited
CompressedClassSpaceSize: 1.00 GB
Initial GC threshold: 21.00 MB
Current GC threshold: 21.69 MB
CDS: on
MetaspaceReclaimPolicy: balanced
 - commit_granule_bytes: 65536.
 - commit_granule_words: 8192.
 - virtual_space_node_default_size: 8388608.
 - enlarge_chunks_in_place: 1.
 - new_chunks_are_fully_committed: 0.
 - uncommit_free_chunks: 1.
 - use_allocation_guard: 0.
 - handle_deallocations: 1.


Internal statistics:

num_allocs_failed_limit: 0.
num_arena_births: 148.
num_arena_deaths: 0.
num_vsnodes_births: 2.
num_vsnodes_deaths: 0.
num_space_committed: 208.
num_space_uncommitted: 0.
num_chunks_returned_to_freelist: 0.
num_chunks_taken_from_freelist: 593.
num_chunk_merges: 0.
num_chunk_splits: 425.
num_chunks_enlarged: 351.
num_purges: 0.
num_inconsistent_stats: 0.

CodeHeap 'non-profiled nmethods': size=120000Kb used=845Kb max_used=845Kb free=119154Kb
 bounds [0x000001de9ca80000, 0x000001de9ccf0000, 0x000001dea3fb0000]
CodeHeap 'profiled nmethods': size=120000Kb used=3382Kb max_used=3382Kb free=116617Kb
 bounds [0x000001de94fb0000, 0x000001de95300000, 0x000001de9c4e0000]
CodeHeap 'non-nmethods': size=5760Kb used=1404Kb max_used=1429Kb free=4355Kb
 bounds [0x000001de9c4e0000, 0x000001de9c750000, 0x000001de9ca80000]
 total_blobs=2797 nmethods=2033 adapters=676
 compilation: enabled
              stopped_count=0, restarted_count=0
 full_count=0

Compilation events (20 events):
Event: 6.269 Thread 0x000001deaaf65b00 2025  s    3       java.io.BufferedInputStream::read (113 bytes)
Event: 6.270 Thread 0x000001deaaf65b00 nmethod 2025 0x000001de952fb990 code [0x000001de952fbbc0, 0x000001de952fc498]
Event: 6.283 Thread 0x000001deaaf64e50 2026       4       java.util.zip.InflaterInputStream::available (32 bytes)
Event: 6.284 Thread 0x000001deaaf64e50 nmethod 2026 0x000001de9cb4ea90 code [0x000001de9cb4ec20, 0x000001de9cb4ee78]
Event: 6.322 Thread 0x000001deaaf64e50 2027 %     4       com.sun.javafx.iio.png.PNGImageLoader2::doUpFilter @ 6 (33 bytes)
Event: 6.324 Thread 0x000001deaaf64e50 nmethod 2027% 0x000001de9cb4f010 code [0x000001de9cb4f1a0, 0x000001de9cb4f338]
Event: 6.434 Thread 0x000001deaaf64e50 2028       4       java.io.BufferedInputStream::read1 (108 bytes)
Event: 6.442 Thread 0x000001deaaf64e50 nmethod 2028 0x000001de9cb4f490 code [0x000001de9cb4f640, 0x000001de9cb4fea8]
Event: 6.505 Thread 0x000001deaaf64e50 2029  s    4       java.io.BufferedInputStream::read (113 bytes)
Event: 6.531 Thread 0x000001deaaf64e50 nmethod 2029 0x000001de9cb50310 code [0x000001de9cb50520, 0x000001de9cb51cd8]
Event: 6.800 Thread 0x000001deaaf64e50 2030       4       com.sun.javafx.image.impl.BaseByteToByteConverter$FourByteReorderer::doConvert (138 bytes)
Event: 6.805 Thread 0x000001deaaf64e50 nmethod 2030 0x000001de9cb52710 code [0x000001de9cb528a0, 0x000001de9cb52cd8]
Event: 6.832 Thread 0x000001deaaf65b00 2031       3       javafx.scene.Node::isTreeVisible (8 bytes)
Event: 6.833 Thread 0x000001deaaf65b00 nmethod 2031 0x000001de952fc710 code [0x000001de952fc8e0, 0x000001de952fce18]
Event: 6.833 Thread 0x000001deaaf64e50 2034       4       java.lang.String::startsWith (7 bytes)
Event: 6.833 Thread 0x000001deaaf65b00 2032       3       javafx.scene.Node::treeVisibleProperty (24 bytes)
Event: 6.833 Thread 0x000001deaaf65b00 nmethod 2032 0x000001de952fd010 code [0x000001de952fd1e0, 0x000001de952fd638]
Event: 6.833 Thread 0x000001deaaf65b00 2033       3       javafx.scene.Node::getAutomaticOrientation (5 bytes)
Event: 6.833 Thread 0x000001deaaf65b00 nmethod 2033 0x000001de952fd790 code [0x000001de952fd920, 0x000001de952fda18]
Event: 6.838 Thread 0x000001deaaf64e50 nmethod 2034 0x000001de9cb52f10 code [0x000001de9cb530a0, 0x000001de9cb532d8]

GC Heap History (16 events):
Event: 0.664 GC heap before
{Heap before GC invocations=0 (full 0):
 garbage-first heap   total 129024K, used 13312K [0x0000000082000000, 0x0000000100000000)
  region size 1024K, 13 young (13312K), 0 survivors (0K)
 Metaspace       used 2496K, committed 2752K, reserved 1114112K
  class space    used 262K, committed 384K, reserved 1048576K
}
Event: 0.668 GC heap after
{Heap after GC invocations=1 (full 0):
 garbage-first heap   total 129024K, used 1648K [0x0000000082000000, 0x0000000100000000)
  region size 1024K, 2 young (2048K), 2 survivors (2048K)
 Metaspace       used 2496K, committed 2752K, reserved 1114112K
  class space    used 262K, committed 384K, reserved 1048576K
}
Event: 0.995 GC heap before
{Heap before GC invocations=1 (full 0):
 garbage-first heap   total 129024K, used 19056K [0x0000000082000000, 0x0000000100000000)
  region size 1024K, 19 young (19456K), 2 survivors (2048K)
 Metaspace       used 6010K, committed 6208K, reserved 1114112K
  class space    used 764K, committed 832K, reserved 1048576K
}
Event: 1.000 GC heap after
{Heap after GC invocations=2 (full 0):
 garbage-first heap   total 129024K, used 8224K [0x0000000082000000, 0x0000000100000000)
  region size 1024K, 3 young (3072K), 3 survivors (3072K)
 Metaspace       used 6010K, committed 6208K, reserved 1114112K
  class space    used 764K, committed 832K, reserved 1048576K
}
Event: 1.121 GC heap before
{Heap before GC invocations=2 (full 0):
 garbage-first heap   total 129024K, used 11296K [0x0000000082000000, 0x0000000100000000)
  region size 1024K, 7 young (7168K), 3 survivors (3072K)
 Metaspace       used 6947K, committed 7104K, reserved 1114112K
  class space    used 948K, committed 1024K, reserved 1048576K
}
Event: 1.125 GC heap after
{Heap after GC invocations=3 (full 0):
 garbage-first heap   total 129024K, used 8732K [0x0000000082000000, 0x0000000100000000)
  region size 1024K, 4 young (4096K), 4 survivors (4096K)
 Metaspace       used 6947K, committed 7104K, reserved 1114112K
  class space    used 948K, committed 1024K, reserved 1048576K
}
Event: 2.007 GC heap before
{Heap before GC invocations=3 (full 0):
 garbage-first heap   total 129024K, used 89628K [0x0000000082000000, 0x0000000100000000)
  region size 1024K, 6 young (6144K), 4 survivors (4096K)
 Metaspace       used 7273K, committed 7424K, reserved 1114112K
  class space    used 1025K, committed 1088K, reserved 1048576K
}
Event: 2.009 GC heap after
{Heap after GC invocations=4 (full 0):
 garbage-first heap   total 129024K, used 88413K [0x0000000082000000, 0x0000000100000000)
  region size 1024K, 4 young (4096K), 4 survivors (4096K)
 Metaspace       used 7273K, committed 7424K, reserved 1114112K
  class space    used 1025K, committed 1088K, reserved 1048576K
}
Event: 3.110 GC heap before
{Heap before GC invocations=5 (full 0):
 garbage-first heap   total 283648K, used 177501K [0x0000000082000000, 0x0000000100000000)
  region size 1024K, 13 young (13312K), 4 survivors (4096K)
 Metaspace       used 9583K, committed 9792K, reserved 1114112K
  class space    used 1439K, committed 1536K, reserved 1048576K
}
Event: 3.114 GC heap after
{Heap after GC invocations=6 (full 0):
 garbage-first heap   total 283648K, used 168892K [0x0000000082000000, 0x0000000100000000)
  region size 1024K, 1 young (1024K), 1 survivors (1024K)
 Metaspace       used 9583K, committed 9792K, reserved 1114112K
  class space    used 1439K, committed 1536K, reserved 1048576K
}
Event: 4.317 GC heap before
{Heap before GC invocations=6 (full 0):
 garbage-first heap   total 283648K, used 182204K [0x0000000082000000, 0x0000000100000000)
  region size 1024K, 13 young (13312K), 1 survivors (1024K)
 Metaspace       used 12730K, committed 12864K, reserved 1114112K
  class space    used 2060K, committed 2112K, reserved 1048576K
}
Event: 4.326 GC heap after
{Heap after GC invocations=7 (full 0):
 garbage-first heap   total 283648K, used 172188K [0x0000000082000000, 0x0000000100000000)
  region size 1024K, 2 young (2048K), 2 survivors (2048K)
 Metaspace       used 12730K, committed 12864K, reserved 1114112K
  class space    used 2060K, committed 2112K, reserved 1048576K
}
Event: 6.208 GC heap before
{Heap before GC invocations=7 (full 0):
 garbage-first heap   total 283648K, used 173212K [0x0000000082000000, 0x0000000100000000)
  region size 1024K, 4 young (4096K), 2 survivors (2048K)
 Metaspace       used 13017K, committed 13312K, reserved 1114112K
  class space    used 2081K, committed 2240K, reserved 1048576K
}
Event: 6.212 GC heap after
{Heap after GC invocations=8 (full 0):
 garbage-first heap   total 283648K, used 172364K [0x0000000082000000, 0x0000000100000000)
  region size 1024K, 3 young (3072K), 3 survivors (3072K)
 Metaspace       used 13017K, committed 13312K, reserved 1114112K
  class space    used 2081K, committed 2240K, reserved 1048576K
}
Event: 6.834 GC heap before
{Heap before GC invocations=9 (full 0):
 garbage-first heap   total 424960K, used 252236K [0x0000000082000000, 0x0000000100000000)
  region size 1024K, 4 young (4096K), 3 survivors (3072K)
 Metaspace       used 13017K, committed 13312K, reserved 1114112K
  class space    used 2081K, committed 2240K, reserved 1048576K
}
Event: 6.838 GC heap after
{Heap after GC invocations=10 (full 0):
 garbage-first heap   total 424960K, used 252256K [0x0000000082000000, 0x0000000100000000)
  region size 1024K, 3 young (3072K), 3 survivors (3072K)
 Metaspace       used 13017K, committed 13312K, reserved 1114112K
  class space    used 2081K, committed 2240K, reserved 1048576K
}

Deoptimization events (20 events):
Event: 4.411 Thread 0x000001def0e6a800 DEOPT PACKING pc=0x000001de952ab401 sp=0x000000566a0fd750
Event: 4.411 Thread 0x000001def0e6a800 DEOPT UNPACKING pc=0x000001de9c532b43 sp=0x000000566a0fcbb8 mode 0
Event: 6.208 Thread 0x000001def1357c70 Uncommon trap: trap_request=0xffffffc6 fr.pc=0x000001de9cade854 relative=0x0000000000000974
Event: 6.208 Thread 0x000001def1357c70 Uncommon trap: reason=bimorphic_or_optimized_type_check action=maybe_recompile pc=0x000001de9cade854 method=java.io.DataInputStream.readFully([BII)V @ 30 c2
Event: 6.208 Thread 0x000001def1357c70 DEOPT PACKING pc=0x000001de9cade854 sp=0x000000566a2fcdb0
Event: 6.208 Thread 0x000001def1357c70 DEOPT UNPACKING pc=0x000001de9c5323a3 sp=0x000000566a2fcd88 mode 2
Event: 6.208 Thread 0x000001def1357c70 Uncommon trap: trap_request=0xffffffde fr.pc=0x000001de9caffed8 relative=0x00000000000000b8
Event: 6.208 Thread 0x000001def1357c70 Uncommon trap: reason=class_check action=maybe_recompile pc=0x000001de9caffed8 method=java.io.SequenceInputStream.read([BII)I @ 58 c2
Event: 6.208 Thread 0x000001def1357c70 DEOPT PACKING pc=0x000001de9caffed8 sp=0x000000566a2fcd60
Event: 6.208 Thread 0x000001def1357c70 DEOPT UNPACKING pc=0x000001de9c5323a3 sp=0x000000566a2fcd00 mode 2
Event: 6.800 Thread 0x000001def1357c70 DEOPT PACKING pc=0x000001de95192a1b sp=0x000000566a2fce90
Event: 6.800 Thread 0x000001def1357c70 DEOPT UNPACKING pc=0x000001de9c532b43 sp=0x000000566a2fc320 mode 0
Event: 6.834 Thread 0x000001def1357c70 Uncommon trap: trap_request=0xffffffc6 fr.pc=0x000001de9cade854 relative=0x0000000000000974
Event: 6.834 Thread 0x000001def1357c70 Uncommon trap: reason=bimorphic_or_optimized_type_check action=maybe_recompile pc=0x000001de9cade854 method=java.io.DataInputStream.readFully([BII)V @ 30 c2
Event: 6.834 Thread 0x000001def1357c70 DEOPT PACKING pc=0x000001de9cade854 sp=0x000000566a2fcdb0
Event: 6.834 Thread 0x000001def1357c70 DEOPT UNPACKING pc=0x000001de9c5323a3 sp=0x000000566a2fcd88 mode 2
Event: 6.834 Thread 0x000001def1357c70 Uncommon trap: trap_request=0xffffffde fr.pc=0x000001de9caffed8 relative=0x00000000000000b8
Event: 6.834 Thread 0x000001def1357c70 Uncommon trap: reason=class_check action=maybe_recompile pc=0x000001de9caffed8 method=java.io.SequenceInputStream.read([BII)I @ 58 c2
Event: 6.834 Thread 0x000001def1357c70 DEOPT PACKING pc=0x000001de9caffed8 sp=0x000000566a2fcd60
Event: 6.834 Thread 0x000001def1357c70 DEOPT UNPACKING pc=0x000001de9c5323a3 sp=0x000000566a2fcd00 mode 2

Classes unloaded (0 events):
No events

Classes redefined (0 events):
No events

Internal exceptions (20 events):
Event: 0.783 Thread 0x000001def1357c70 Exception <a 'java/lang/NoSuchMethodError'{0x00000000897c3450}: 'java.lang.Object java.lang.invoke.DirectMethodHandle$Holder.invokeStaticInit(java.lang.Object, java.lang.Object, java.lang.Object, java.lang.Object)'> (0x00000000897c3450) 
thrown [s\open\src\hotspot\share\interpreter\linkResolver.cpp, line 759]
Event: 0.785 Thread 0x000001def1357c70 Exception <a 'java/lang/NullPointerException'{0x00000000897cef98}> (0x00000000897cef98) 
thrown [s\open\src\hotspot\share\interpreter\linkResolver.cpp, line 1350]
Event: 0.796 Thread 0x000001def1357c70 Exception <a 'java/lang/ClassNotFoundException'{0x000000008962c378}: com/sun/glass/ui/win/themes> (0x000000008962c378) 
thrown [s\open\src\hotspot\share\prims\jni.cpp, line 535]
Event: 0.798 Thread 0x000001def1357c70 Exception <a 'java/lang/ClassNotFoundException'{0x0000000089638568}: com/sun/glass/ui/win/themes_en> (0x0000000089638568) 
thrown [s\open\src\hotspot\share\prims\jni.cpp, line 535]
Event: 0.798 Thread 0x000001def1357c70 Exception <a 'java/lang/ClassNotFoundException'{0x0000000089640a28}: com/sun/glass/ui/win/themes_en_IN> (0x0000000089640a28) 
thrown [s\open\src\hotspot\share\prims\jni.cpp, line 535]
Event: 1.007 Thread 0x000001def1357c70 Exception <a 'java/lang/NoSuchMethodError'{0x0000000089d98e00}: 'void java.lang.invoke.DirectMethodHandle$Holder.invokeStaticInit(java.lang.Object, java.lang.Object)'> (0x0000000089d98e00) 
thrown [s\open\src\hotspot\share\interpreter\linkResolver.cpp, line 759]
Event: 1.017 Thread 0x000001def1357c70 Exception <a 'java/lang/NoSuchMethodError'{0x0000000089df8bf8}: 'void java.lang.invoke.DirectMethodHandle$Holder.invokeSpecial(java.lang.Object, java.lang.Object, java.lang.Object, java.lang.Object, java.lang.Object)'> (0x0000000089df8bf8) 
thrown [s\open\src\hotspot\share\interpreter\linkResolver.cpp, line 759]
Event: 2.904 Thread 0x000001def1357c70 Implicit null exception at 0x000001de9cad708c to 0x000001de9cad74c8
Event: 2.910 Thread 0x000001def1357c70 Implicit null exception at 0x000001de9cad160e to 0x000001de9cad1a4c
Event: 3.083 Thread 0x000001def1357c70 Exception <a 'java/lang/NoSuchMethodError'{0x0000000092c0f7f0}: 'java.lang.Object java.lang.invoke.DirectMethodHandle$Holder.invokeInterface(java.lang.Object, java.lang.Object, java.lang.Object)'> (0x0000000092c0f7f0) 
thrown [s\open\src\hotspot\share\interpreter\linkResolver.cpp, line 759]
Event: 3.084 Thread 0x000001def1357c70 Exception <a 'java/lang/IncompatibleClassChangeError'{0x0000000092c13178}: Found class java.lang.Object, but interface was expected> (0x0000000092c13178) 
thrown [s\open\src\hotspot\share\interpreter\linkResolver.cpp, line 826]
Event: 3.139 Thread 0x000001def1357c70 Exception <a 'java/lang/ClassNotFoundException'{0x0000000093320b48}: com/sun/javafx/scene/control/skin/resources/controls> (0x0000000093320b48) 
thrown [s\open\src\hotspot\share\prims\jni.cpp, line 535]
Event: 3.140 Thread 0x000001def1357c70 Exception <a 'java/lang/ClassNotFoundException'{0x000000009332ef78}: com/sun/javafx/scene/control/skin/resources/controls_en> (0x000000009332ef78) 
thrown [s\open\src\hotspot\share\prims\jni.cpp, line 535]
Event: 3.141 Thread 0x000001def1357c70 Exception <a 'java/lang/ClassNotFoundException'{0x00000000933318e0}: com/sun/javafx/scene/control/skin/resources/controls_en_IN> (0x00000000933318e0) 
thrown [s\open\src\hotspot\share\prims\jni.cpp, line 535]
Event: 3.328 Thread 0x000001def1357c70 Exception <a 'java/lang/NoSuchMethodError'{0x0000000092d5c1e8}: 'java.lang.Object java.lang.invoke.DirectMethodHandle$Holder.newInvokeSpecial(java.lang.Object, java.lang.Object, int)'> (0x0000000092d5c1e8) 
thrown [s\open\src\hotspot\share\interpreter\linkResolver.cpp, line 759]
Event: 3.418 Thread 0x000001def0e6a800 Exception <a 'java/lang/NoSuchMethodError'{0x0000000092ddbed0}: 'int java.lang.invoke.DirectMethodHandle$Holder.invokeStaticInit(java.lang.Object, java.lang.Object)'> (0x0000000092ddbed0) 
thrown [s\open\src\hotspot\share\interpreter\linkResolver.cpp, line 759]
Event: 4.308 Thread 0x000001def1357c70 Exception <a 'java/lang/NoSuchMethodError'{0x0000000092dc1bd0}: 'long java.lang.invoke.DirectMethodHandle$Holder.invokeStatic(java.lang.Object, java.lang.Object, java.lang.Object)'> (0x0000000092dc1bd0) 
thrown [s\open\src\hotspot\share\interpreter\linkResolver.cpp, line 759]
Event: 4.308 Thread 0x000001def1357c70 Exception <a 'java/lang/NoSuchMethodError'{0x0000000092dc5378}: 'long java.lang.invoke.DirectMethodHandle$Holder.invokeStaticInit(java.lang.Object, java.lang.Object, java.lang.Object)'> (0x0000000092dc5378) 
thrown [s\open\src\hotspot\share\interpreter\linkResolver.cpp, line 759]
Event: 4.311 Thread 0x000001def1357c70 Exception <a 'java/lang/NoSuchMethodError'{0x00000000928dea30}: 'java.lang.Object java.lang.invoke.DirectMethodHandle$Holder.newInvokeSpecial(java.lang.Object, java.lang.Object, long)'> (0x00000000928dea30) 
thrown [s\open\src\hotspot\share\interpreter\linkResolver.cpp, line 759]
Event: 4.312 Thread 0x000001def1357c70 Exception <a 'java/lang/NoSuchMethodError'{0x00000000928e25a0}: 'java.lang.Object java.lang.invoke.Invokers$Holder.linkToTargetMethod(java.lang.Object, long, java.lang.Object)'> (0x00000000928e25a0) 
thrown [s\open\src\hotspot\share\interpreter\linkResolver.cpp, line 759]

VM Operations (20 events):
Event: 2.017 Executing VM operation: G1Concurrent
Event: 2.062 Executing VM operation: G1Concurrent done
Event: 2.065 Executing VM operation: G1Concurrent
Event: 2.066 Executing VM operation: G1Concurrent done
Event: 3.066 Executing VM operation: Cleanup
Event: 3.066 Executing VM operation: Cleanup done
Event: 3.110 Executing VM operation: G1CollectForAllocation
Event: 3.114 Executing VM operation: G1CollectForAllocation done
Event: 4.116 Executing VM operation: Cleanup
Event: 4.118 Executing VM operation: Cleanup done
Event: 4.316 Executing VM operation: G1CollectForAllocation
Event: 4.326 Executing VM operation: G1CollectForAllocation done
Event: 6.208 Executing VM operation: G1TryInitiateConcMark
Event: 6.212 Executing VM operation: G1TryInitiateConcMark done
Event: 6.229 Executing VM operation: G1Concurrent
Event: 6.262 Executing VM operation: G1Concurrent done
Event: 6.266 Executing VM operation: G1Concurrent
Event: 6.267 Executing VM operation: G1Concurrent done
Event: 6.834 Executing VM operation: G1TryInitiateConcMark
Event: 6.838 Executing VM operation: G1TryInitiateConcMark done

Events (20 events):
Event: 3.968 loading class jdk/internal/ref/CleanerImpl$InnocuousThreadFactory done
Event: 3.968 Thread 0x000001def19ff610 Thread added: 0x000001def19ff610
Event: 3.979 loading class jdk/internal/math/FDBigInteger
Event: 3.980 loading class jdk/internal/math/FDBigInteger done
Event: 3.988 loading class sun/misc/Unsafe
Event: 3.988 loading class sun/misc/Unsafe done
Event: 3.989 loading class jdk/internal/reflect/UnsafeFieldAccessorFactory
Event: 3.989 loading class jdk/internal/reflect/UnsafeFieldAccessorFactory done
Event: 3.989 loading class jdk/internal/reflect/UnsafeQualifiedStaticObjectFieldAccessorImpl
Event: 3.989 loading class jdk/internal/reflect/UnsafeQualifiedStaticFieldAccessorImpl
Event: 3.989 loading class jdk/internal/reflect/UnsafeQualifiedStaticFieldAccessorImpl done
Event: 3.989 loading class jdk/internal/reflect/UnsafeQualifiedStaticObjectFieldAccessorImpl done
Event: 4.327 loading class java/util/EnumMap$Values
Event: 4.327 loading class java/util/EnumMap$Values done
Event: 4.327 loading class java/util/EnumMap$ValueIterator
Event: 4.327 loading class java/util/EnumMap$EnumMapIterator
Event: 4.328 loading class java/util/EnumMap$EnumMapIterator done
Event: 4.328 loading class java/util/EnumMap$ValueIterator done
Event: 6.099 loading class java/io/UnsupportedEncodingException
Event: 6.099 loading class java/io/UnsupportedEncodingException done


Dynamic libraries:
0x00007ff79a260000 - 0x00007ff79a270000 	C:\Program Files\Java\jdk-17\bin\java.exe
0x00007fffb3c50000 - 0x00007fffb3e48000 	C:\Windows\SYSTEM32\ntdll.dll
0x00007fffb2800000 - 0x00007fffb28c2000 	C:\Windows\System32\KERNEL32.DLL
0x00007fffb1600000 - 0x00007fffb18f6000 	C:\Windows\System32\KERNELBASE.dll
0x00007fffb12e0000 - 0x00007fffb13e0000 	C:\Windows\System32\ucrtbase.dll
0x00007fffab230000 - 0x00007fffab24b000 	C:\Program Files\Java\jdk-17\bin\VCRUNTIME140.dll
0x00007fffaae40000 - 0x00007fffaae59000 	C:\Program Files\Java\jdk-17\bin\jli.dll
0x00007fffb2260000 - 0x00007fffb2311000 	C:\Windows\System32\ADVAPI32.dll
0x00007fffb39b0000 - 0x00007fffb3a4e000 	C:\Windows\System32\msvcrt.dll
0x00007fffb21b0000 - 0x00007fffb224f000 	C:\Windows\System32\sechost.dll
0x00007fffb28d0000 - 0x00007fffb29f3000 	C:\Windows\System32\RPCRT4.dll
0x00007fffb1470000 - 0x00007fffb1497000 	C:\Windows\System32\bcrypt.dll
0x00007fffb2a00000 - 0x00007fffb2b9d000 	C:\Windows\System32\USER32.dll
0x00007fffb15d0000 - 0x00007fffb15f2000 	C:\Windows\System32\win32u.dll
0x00007fffb2180000 - 0x00007fffb21ab000 	C:\Windows\System32\GDI32.dll
0x00007fffb1b00000 - 0x00007fffb1c19000 	C:\Windows\System32\gdi32full.dll
0x00007fffb1a60000 - 0x00007fffb1afd000 	C:\Windows\System32\msvcp_win.dll
0x00007fff9f9f0000 - 0x00007fff9fc8a000 	C:\Windows\WinSxS\amd64_microsoft.windows.common-controls_6595b64144ccf1df_6.0.19041.5915_none_60b4b9d171f9c7c7\COMCTL32.dll
0x00007fffa2740000 - 0x00007fffa274a000 	C:\Windows\SYSTEM32\VERSION.dll
0x00007fffb1d20000 - 0x00007fffb1d4f000 	C:\Windows\System32\IMM32.DLL
0x00007fffaaf10000 - 0x00007fffaaf1c000 	C:\Program Files\Java\jdk-17\bin\vcruntime140_1.dll
0x00007fff93f90000 - 0x00007fff9401e000 	C:\Program Files\Java\jdk-17\bin\msvcp140.dll
0x00007fff30c20000 - 0x00007fff317fe000 	C:\Program Files\Java\jdk-17\bin\server\jvm.dll
0x00007fffb3a50000 - 0x00007fffb3a58000 	C:\Windows\System32\PSAPI.DLL
0x00007fff9ffc0000 - 0x00007fff9ffc9000 	C:\Windows\SYSTEM32\WSOCK32.dll
0x00007fff9eea0000 - 0x00007fff9eec7000 	C:\Windows\SYSTEM32\WINMM.dll
0x00007fffb3a60000 - 0x00007fffb3acb000 	C:\Windows\System32\WS2_32.dll
0x00007fffafac0000 - 0x00007fffafad2000 	C:\Windows\SYSTEM32\kernel.appcore.dll
0x00007fffaaea0000 - 0x00007fffaaeaa000 	C:\Program Files\Java\jdk-17\bin\jimage.dll
0x00007fffaf7b0000 - 0x00007fffaf9b1000 	C:\Windows\SYSTEM32\DBGHELP.DLL
0x00007fff91e60000 - 0x00007fff91e94000 	C:\Windows\SYSTEM32\dbgcore.DLL
0x00007fffb13e0000 - 0x00007fffb1462000 	C:\Windows\System32\bcryptPrimitives.dll
0x00007fffaadd0000 - 0x00007fffaadf5000 	C:\Program Files\Java\jdk-17\bin\java.dll
0x00007fff7e720000 - 0x00007fff7e7f7000 	C:\Program Files\Java\jdk-17\bin\jsvml.dll
0x00007fffb3070000 - 0x00007fffb37de000 	C:\Windows\System32\SHELL32.dll
0x00007fffaef30000 - 0x00007fffaf6d4000 	C:\Windows\SYSTEM32\windows.storage.dll
0x00007fffb1d70000 - 0x00007fffb20c3000 	C:\Windows\System32\combase.dll
0x00007fffb0d10000 - 0x00007fffb0d3b000 	C:\Windows\SYSTEM32\Wldp.dll
0x00007fffb2df0000 - 0x00007fffb2ebd000 	C:\Windows\System32\OLEAUT32.dll
0x00007fffb20d0000 - 0x00007fffb217d000 	C:\Windows\System32\SHCORE.dll
0x00007fffb37e0000 - 0x00007fffb383b000 	C:\Windows\System32\shlwapi.dll
0x00007fffb1210000 - 0x00007fffb1235000 	C:\Windows\SYSTEM32\profapi.dll
0x00007fffaadb0000 - 0x00007fffaadc9000 	C:\Program Files\Java\jdk-17\bin\net.dll
0x00007fffa5890000 - 0x00007fffa599a000 	C:\Windows\SYSTEM32\WINHTTP.dll
0x00007fffb0a70000 - 0x00007fffb0ada000 	C:\Windows\system32\mswsock.dll
0x00007fffaac20000 - 0x00007fffaac36000 	C:\Program Files\Java\jdk-17\bin\nio.dll
0x00007fffaaa80000 - 0x00007fffaaa98000 	C:\Program Files\Java\jdk-17\bin\zip.dll
0x000001de8b620000 - 0x000001de8b623000 	C:\javafx-sdk-21.0.7\bin\api-ms-win-core-console-l1-1-0.dll
0x000001de8b630000 - 0x000001de8b633000 	C:\javafx-sdk-21.0.7\bin\api-ms-win-core-console-l1-2-0.dll
0x000001de8d670000 - 0x000001de8d673000 	C:\javafx-sdk-21.0.7\bin\api-ms-win-core-datetime-l1-1-0.dll
0x000001de8d680000 - 0x000001de8d683000 	C:\javafx-sdk-21.0.7\bin\api-ms-win-core-debug-l1-1-0.dll
0x000001de8d690000 - 0x000001de8d693000 	C:\javafx-sdk-21.0.7\bin\api-ms-win-core-errorhandling-l1-1-0.dll
0x000001de8d6a0000 - 0x000001de8d6a4000 	C:\javafx-sdk-21.0.7\bin\api-ms-win-core-file-l1-1-0.dll
0x000001de8d6b0000 - 0x000001de8d6b3000 	C:\javafx-sdk-21.0.7\bin\api-ms-win-core-file-l1-2-0.dll
0x000001de8d6c0000 - 0x000001de8d6c3000 	C:\javafx-sdk-21.0.7\bin\api-ms-win-core-file-l2-1-0.dll
0x000001de8d6d0000 - 0x000001de8d6d3000 	C:\javafx-sdk-21.0.7\bin\api-ms-win-core-handle-l1-1-0.dll
0x000001deaafb0000 - 0x000001deaafb3000 	C:\javafx-sdk-21.0.7\bin\api-ms-win-core-heap-l1-1-0.dll
0x000001deaafc0000 - 0x000001deaafc3000 	C:\javafx-sdk-21.0.7\bin\api-ms-win-core-interlocked-l1-1-0.dll
0x000001deaafd0000 - 0x000001deaafd3000 	C:\javafx-sdk-21.0.7\bin\api-ms-win-core-libraryloader-l1-1-0.dll
0x000001deaafe0000 - 0x000001deaafe3000 	C:\javafx-sdk-21.0.7\bin\api-ms-win-core-localization-l1-2-0.dll
0x000001deaaff0000 - 0x000001deaaff3000 	C:\javafx-sdk-21.0.7\bin\api-ms-win-core-memory-l1-1-0.dll
0x000001def1cd0000 - 0x000001def1cd3000 	C:\javafx-sdk-21.0.7\bin\api-ms-win-core-namedpipe-l1-1-0.dll
0x000001def1e10000 - 0x000001def1e13000 	C:\javafx-sdk-21.0.7\bin\api-ms-win-core-processenvironment-l1-1-0.dll
0x000001def1ce0000 - 0x000001def1ce3000 	C:\javafx-sdk-21.0.7\bin\api-ms-win-core-processthreads-l1-1-0.dll
0x000001def1cf0000 - 0x000001def1cf3000 	C:\javafx-sdk-21.0.7\bin\api-ms-win-core-processthreads-l1-1-1.dll
0x000001def1d00000 - 0x000001def1d03000 	C:\javafx-sdk-21.0.7\bin\api-ms-win-core-profile-l1-1-0.dll
0x000001def1d10000 - 0x000001def1d13000 	C:\javafx-sdk-21.0.7\bin\api-ms-win-core-rtlsupport-l1-1-0.dll
0x000001def1d20000 - 0x000001def1d23000 	C:\javafx-sdk-21.0.7\bin\api-ms-win-core-string-l1-1-0.dll
0x000001def1d30000 - 0x000001def1d33000 	C:\javafx-sdk-21.0.7\bin\api-ms-win-core-synch-l1-1-0.dll
0x000001def1d40000 - 0x000001def1d43000 	C:\javafx-sdk-21.0.7\bin\api-ms-win-core-synch-l1-2-0.dll
0x000001def1d50000 - 0x000001def1d53000 	C:\javafx-sdk-21.0.7\bin\api-ms-win-core-sysinfo-l1-1-0.dll
0x000001def1d60000 - 0x000001def1d63000 	C:\javafx-sdk-21.0.7\bin\api-ms-win-core-timezone-l1-1-0.dll
0x000001def1d70000 - 0x000001def1d73000 	C:\javafx-sdk-21.0.7\bin\api-ms-win-core-util-l1-1-0.dll
0x000001def1d80000 - 0x000001def1d83000 	C:\javafx-sdk-21.0.7\bin\api-ms-win-crt-conio-l1-1-0.dll
0x000001def1d90000 - 0x000001def1d94000 	C:\javafx-sdk-21.0.7\bin\api-ms-win-crt-convert-l1-1-0.dll
0x000001def1da0000 - 0x000001def1da3000 	C:\javafx-sdk-21.0.7\bin\api-ms-win-crt-environment-l1-1-0.dll
0x000001def1db0000 - 0x000001def1db3000 	C:\javafx-sdk-21.0.7\bin\api-ms-win-crt-filesystem-l1-1-0.dll
0x000001def1dc0000 - 0x000001def1dc3000 	C:\javafx-sdk-21.0.7\bin\api-ms-win-crt-heap-l1-1-0.dll
0x000001def1dd0000 - 0x000001def1dd3000 	C:\javafx-sdk-21.0.7\bin\api-ms-win-crt-locale-l1-1-0.dll
0x000001def1de0000 - 0x000001def1de5000 	C:\javafx-sdk-21.0.7\bin\api-ms-win-crt-math-l1-1-0.dll
0x000001def1df0000 - 0x000001def1df5000 	C:\javafx-sdk-21.0.7\bin\api-ms-win-crt-multibyte-l1-1-0.dll
0x000001def1e00000 - 0x000001def1e10000 	C:\javafx-sdk-21.0.7\bin\api-ms-win-crt-private-l1-1-0.dll
0x000001def1e20000 - 0x000001def1e23000 	C:\javafx-sdk-21.0.7\bin\api-ms-win-crt-process-l1-1-0.dll
0x000001def1e30000 - 0x000001def1e34000 	C:\javafx-sdk-21.0.7\bin\api-ms-win-crt-runtime-l1-1-0.dll
0x000001def1e40000 - 0x000001def1e44000 	C:\javafx-sdk-21.0.7\bin\api-ms-win-crt-stdio-l1-1-0.dll
0x000001def1e50000 - 0x000001def1e54000 	C:\javafx-sdk-21.0.7\bin\api-ms-win-crt-string-l1-1-0.dll
0x000001def1e60000 - 0x000001def1e63000 	C:\javafx-sdk-21.0.7\bin\api-ms-win-crt-time-l1-1-0.dll
0x000001def1e70000 - 0x000001def1e73000 	C:\javafx-sdk-21.0.7\bin\api-ms-win-crt-utility-l1-1-0.dll
0x00007fff7e620000 - 0x00007fff7e71c000 	C:\javafx-sdk-21.0.7\bin\ucrtbase.dll
0x00007fffa9340000 - 0x00007fffa935b000 	C:\javafx-sdk-21.0.7\bin\vcruntime140.dll
0x00007fffaab40000 - 0x00007fffaab4c000 	C:\javafx-sdk-21.0.7\bin\vcruntime140_1.dll
0x00007fff8e190000 - 0x00007fff8e21e000 	C:\javafx-sdk-21.0.7\bin\msvcp140.dll
0x00007fffaaa50000 - 0x00007fffaaa59000 	C:\javafx-sdk-21.0.7\bin\msvcp140_1.dll
0x00007fffa92f0000 - 0x00007fffa9331000 	C:\javafx-sdk-21.0.7\bin\msvcp140_2.dll
0x00007fff93f60000 - 0x00007fff93f90000 	C:\javafx-sdk-21.0.7\bin\prism_d3d.dll
0x00007fff83ab0000 - 0x00007fff83c81000 	C:\Windows\system32\d3d9.dll
0x00007fffae950000 - 0x00007fffae97f000 	C:\Windows\SYSTEM32\dwmapi.dll
0x00007fffae810000 - 0x00007fffae8ae000 	C:\Windows\system32\uxtheme.dll
0x00007fff4ee00000 - 0x00007fff4ef65000 	C:\Windows\System32\DriverStore\FileRepository\iigd_dch.inf_amd64_4de65d949492707a\igdumdim64.dll
0x00007fffb2ba0000 - 0x00007fffb2ccb000 	C:\Windows\System32\ole32.dll
0x00007fff49880000 - 0x00007fff4d50b000 	C:\Windows\System32\DriverStore\FileRepository\iigd_dch.inf_amd64_4de65d949492707a\igd9dxva64.dll
0x00007fffb2390000 - 0x00007fffb2800000 	C:\Windows\System32\SETUPAPI.dll
0x00007fffb1c20000 - 0x00007fffb1c6e000 	C:\Windows\System32\cfgmgr32.dll
0x00007fffa5550000 - 0x00007fffa5886000 	C:\Windows\System32\DriverStore\FileRepository\iigd_dch.inf_amd64_4de65d949492707a\igdgmm64.dll
0x00007fff93f10000 - 0x00007fff93f52000 	C:\javafx-sdk-21.0.7\bin\glass.dll
0x00007fffb3ad0000 - 0x00007fffb3baa000 	C:\Windows\System32\COMDLG32.dll
0x00007fffb2cd0000 - 0x00007fffb2de5000 	C:\Windows\System32\MSCTF.dll
0x00007fffa9230000 - 0x00007fffa9257000 	C:\Windows\System32\DriverStore\FileRepository\iigd_dch.inf_amd64_4de65d949492707a\igdinfo64.dll
0x00007fffa27c0000 - 0x00007fffa554f000 	C:\Windows\System32\DriverStore\FileRepository\iigd_dch.inf_amd64_4de65d949492707a\igc64.dll
0x00007fffa6c90000 - 0x00007fffa6ccb000 	C:\Windows\SYSTEM32\dxcore.dll
0x00007fff9a980000 - 0x00007fff9a995000 	C:\javafx-sdk-21.0.7\bin\javafx_font.dll
0x00007fff8ff00000 - 0x00007fff9017f000 	C:\Windows\SYSTEM32\dwrite.dll
0x00007fffb1c70000 - 0x00007fffb1d19000 	C:\Windows\System32\clbcatq.dll
0x00007fffae570000 - 0x00007fffae724000 	C:\Windows\SYSTEM32\WindowsCodecs.dll
0x00007fff9f120000 - 0x00007fff9f15e000 	C:\Windows\system32\dataexchange.dll
0x00007fffab5e0000 - 0x00007fffab844000 	C:\Windows\system32\d3d11.dll
0x00007fffac310000 - 0x00007fffac4f4000 	C:\Windows\system32\dcomp.dll
0x00007fffafb30000 - 0x00007fffafc26000 	C:\Windows\system32\dxgi.dll
0x00007fffa8c70000 - 0x00007fffa8e73000 	C:\Windows\system32\twinapi.appcore.dll
0x00007fff8e4e0000 - 0x00007fff8e514000 	C:\Program Files\Common Files\Microsoft Shared\Ink\rtscom.dll
0x00007fff94560000 - 0x00007fff94659000 	C:\Windows\SYSTEM32\textinputframework.dll
0x00007fffac560000 - 0x00007fffac8bb000 	C:\Windows\System32\CoreUIComponents.dll
0x00007fffacc40000 - 0x00007fffacd32000 	C:\Windows\System32\CoreMessaging.dll
0x00007fffad740000 - 0x00007fffad897000 	C:\Windows\SYSTEM32\wintypes.dll
0x00007fffb0550000 - 0x00007fffb0583000 	C:\Windows\SYSTEM32\ntmarta.dll
0x00007fffabcb0000 - 0x00007fffac270000 	C:\Windows\SYSTEM32\d2d1.dll
0x00007fffa6d20000 - 0x00007fffa7416000 	C:\Windows\SYSTEM32\D3D10Warp.dll

dbghelp: loaded successfully - version: 4.0.5 - missing functions: none
symbol engine: initialized successfully - sym options: 0x614 - pdb path: .;C:\Program Files\Java\jdk-17\bin;C:\Windows\SYSTEM32;C:\Windows\WinSxS\amd64_microsoft.windows.common-controls_6595b64144ccf1df_6.0.19041.5915_none_60b4b9d171f9c7c7;C:\Program Files\Java\jdk-17\bin\server;C:\javafx-sdk-21.0.7\bin;C:\Windows\System32\DriverStore\FileRepository\iigd_dch.inf_amd64_4de65d949492707a;C:\Program Files\Common Files\Microsoft Shared\Ink

VM Arguments:
jvm_args: --module-path=C:/javafx-sdk-21.0.7/lib --add-modules=javafx.controls,javafx.fxml -XX:+ShowCodeDetailsInExceptionMessages 
java_command: com.login.Main
java_class_path (initial): D:\Civita\Civita user and login pages\loginpage\target\classes;c:\javafx-sdk-21.0.7\lib\javafx.base.jar;c:\javafx-sdk-21.0.7\lib\javafx.controls.jar;c:\javafx-sdk-21.0.7\lib\javafx.fxml.jar;c:\javafx-sdk-21.0.7\lib\javafx.graphics.jar;c:\javafx-sdk-21.0.7\lib\javafx.media.jar;c:\javafx-sdk-21.0.7\lib\javafx.swing.jar;c:\javafx-sdk-21.0.7\lib\javafx.web.jar;c:\javafx-sdk-21.0.7\lib\javafx-swt.jar;c:\javafx-sdk-21.0.7\lib\json-20230618.jar;C:\Users\Dell\.m2\repository\com\google\firebase\firebase-admin\9.2.0\firebase-admin-9.2.0.jar;C:\Users\Dell\.m2\repository\com\google\api-client\google-api-client\2.2.0\google-api-client-2.2.0.jar;C:\Users\Dell\.m2\repository\commons-codec\commons-codec\1.15\commons-codec-1.15.jar;C:\Users\Dell\.m2\repository\com\google\oauth-client\google-oauth-client\1.34.1\google-oauth-client-1.34.1.jar;C:\Users\Dell\.m2\repository\com\google\http-client\google-http-client-gson\1.42.3\google-http-client-gson-1.42.3.jar;C:\Users\Dell\.m2\repository\com\google\http-client\google-http-client-apache-v2\1.42.3\google-http-client-apache-v2-1.42.3.jar;C:\Users\Dell\.m2\repository\org\apache\httpcomponents\httpcore\4.4.16\httpcore-4.4.16.jar;C:\Users\Dell\.m2\repository\com\google\api-client\google-api-client-gson\2.2.0\google-api-client-gson-2.2.0.jar;C:\Users\Dell\.m2\repository\com\google\http-client\google-http-client\1.43.1\google-http-client-1.43.1.jar;C:\Users\Dell\.m2\repository\com\google\code\findbugs\jsr305\3.0.2\jsr305-3.0.2.jar;C:\Users\Dell\.m2\repository\com\google\errorprone\error_prone_annotations\2.18.0\error_prone_annotations-2.18.0.jar;C:\Users\Dell\.m2\repository\com\google\j2objc\j2objc-annotations\1.3\j2objc-annotations-1.3.jar;C:\Users\Dell\.m2\repository\io\opencensus\opencensus-api\0.31.1\opencensus-api-0.31.1.jar;C:\Users\Dell\.m2\repository\io\opencensus\opencensus-contrib-http-util\0.31.1\opencensus-contrib-http-util-0.31.1.jar;C:\Users\Dell\.m2\repository\com\google\api\api-common\2.12.0\api-com
Launcher Type: SUN_STANDARD

[Global flags]
     intx CICompilerCount                          = 3                                         {product} {ergonomic}
     uint ConcGCThreads                            = 1                                         {product} {ergonomic}
     uint G1ConcRefinementThreads                  = 4                                         {product} {ergonomic}
   size_t G1HeapRegionSize                         = 1048576                                   {product} {ergonomic}
    uintx GCDrainStackTargetSize                   = 64                                        {product} {ergonomic}
   size_t InitialHeapSize                          = 132120576                                 {product} {ergonomic}
   size_t MarkStackSize                            = 4194304                                   {product} {ergonomic}
   size_t MaxHeapSize                              = 2113929216                                {product} {ergonomic}
   size_t MaxNewSize                               = 1267728384                                {product} {ergonomic}
   size_t MinHeapDeltaBytes                        = 1048576                                   {product} {ergonomic}
   size_t MinHeapSize                              = 8388608                                   {product} {ergonomic}
    uintx NonNMethodCodeHeapSize                   = 5832780                                {pd product} {ergonomic}
    uintx NonProfiledCodeHeapSize                  = 122912730                              {pd product} {ergonomic}
    uintx ProfiledCodeHeapSize                     = 122912730                              {pd product} {ergonomic}
    uintx ReservedCodeCacheSize                    = 251658240                              {pd product} {ergonomic}
     bool SegmentedCodeCache                       = true                                      {product} {ergonomic}
     bool ShowCodeDetailsInExceptionMessages       = true                                   {manageable} {command line}
   size_t SoftMaxHeapSize                          = 2113929216                             {manageable} {ergonomic}
     bool UseCompressedClassPointers               = true                           {product lp64_product} {ergonomic}
     bool UseCompressedOops                        = true                           {product lp64_product} {ergonomic}
     bool UseG1GC                                  = true                                      {product} {ergonomic}
     bool UseLargePagesIndividualAllocation        = false                                  {pd product} {ergonomic}

Logging:
Log output configuration:
 #0: stdout all=warning uptime,level,tags
 #1: stderr all=off uptime,level,tags

Environment Variables:
PATH=C:\Program Files\Common Files\Oracle\Java\javapath;C:\Program Files\Eclipse Adoptium\jdk-21.0.4.7-hotspot\bin;C:\Program Files\Java\jdk-17\bin;C:\apache-maven-3.9.11\bin;C:\Windows\system32;C:\Windows;C:\Windows\System32\Wbem;C:\Windows\System32\WindowsPowerShell\v1.0\;C:\Windows\System32\OpenSSH\;C:\src\flutter\bin;C:\Program Files\Git\cmd;C:\Users\Dell\AppData\Local\Microsoft\WindowsApps;C:\Users\Dell\AppData\Local\Programs\Microsoft VS Code\bin
USERNAME=Dell
LANG=en_US.UTF-8
OS=Windows_NT
PROCESSOR_IDENTIFIER=Intel64 Family 6 Model 142 Stepping 9, GenuineIntel



---------------  S Y S T E M  ---------------

OS:
 Windows 10 , 64 bit Build 19041 (10.0.19041.5915)
OS uptime: 11 days 15:14 hours
Hyper-V role detected

CPU: total 4 (initial active 4) (2 cores per cpu, 2 threads per core) family 6 model 142 stepping 9 microcode 0xb4, cx8, cmov, fxsr, ht, mmx, 3dnowpref, sse, sse2, sse3, ssse3, sse4.1, sse4.2, popcnt, lzcnt, tsc, tscinvbit, avx, avx2, aes, erms, clmul, bmi1, bmi2, adx, fma, vzeroupper, clflush, clflushopt, hv

Memory: 4k page, system-wide physical 8058M (403M free)
TotalPageFile size 32634M (AvailPageFile size 5M)
current process WorkingSet (physical memory assigned to process): 612M, peak: 694M
current process commit charge ("private bytes"): 1042M, peak: 1043M

vm_info: Java HotSpot(TM) 64-Bit Server VM (17.0.8+9-LTS-211) for windows-amd64 JRE (17.0.8+9-LTS-211), built on Jun 14 2023 10:34:31 by "mach5one" with MS VC++ 17.1 (VS2022)

END.
